image_name,class_name,file_path,Display_Name,District,Province,Category,Description
AWRX7094.jpg,Adams_Peak,C:\Users\ASUS\Documents\clipo model test one\new_dataset\Adams_Peak\AWRX7094.jpg,Adam's Peak,Nuwara Eliya,Central,Mountain/Pilgrimage,"A tall, sacred mountain in the central highlands of Sri Lanka."
CLIF4622.jpg,Adams_Peak,C:\Users\ASUS\Documents\clipo model test one\new_dataset\Adams_Peak\CLIF4622.jpg,Adam's Peak,Nuwara Eliya,Central,Mountain/Pilgrimage,"A tall, sacred mountain in the central highlands of Sri Lanka."
CZII2757.jpg,Adams_Peak,C:\Users\ASUS\Documents\clipo model test one\new_dataset\Adams_Peak\CZII2757.jpg,Adam's Peak,Nuwara Eliya,Central,Mountain/Pilgrimage,"A tall, sacred mountain in the central highlands of Sri Lanka."
DMHZ3217.JPG,Adams_Peak,C:\Users\ASUS\Documents\clipo model test one\new_dataset\Adams_Peak\DMHZ3217.JPG,Adam's Peak,Nuwara Eliya,Central,Mountain/Pilgrimage,"A tall, sacred mountain in the central highlands of Sri Lanka."
EXRN5952.jpg,Adams_Peak,C:\Users\ASUS\Documents\clipo model test one\new_dataset\Adams_Peak\EXRN5952.jpg,Adam's Peak,Nuwara Eliya,Central,Mountain/Pilgrimage,"A tall, sacred mountain in the central highlands of Sri Lanka."
FAMO3444.jpg,Adams_Peak,C:\Users\ASUS\Documents\clipo model test one\new_dataset\Adams_Peak\FAMO3444.jpg,Adam's Peak,Nuwara Eliya,Central,Mountain/Pilgrimage,"A tall, sacred mountain in the central highlands of Sri Lanka."
FEDW3948.jpg,Adams_Peak,C:\Users\ASUS\Documents\clipo model test one\new_dataset\Adams_Peak\FEDW3948.jpg,Adam's Peak,Nuwara Eliya,Central,Mountain/Pilgrimage,"A tall, sacred mountain in the central highlands of Sri Lanka."
FERA6816.jpg,Adams_Peak,C:\Users\ASUS\Documents\clipo model test one\new_dataset\Adams_Peak\FERA6816.jpg,Adam's Peak,Nuwara Eliya,Central,Mountain/Pilgrimage,"A tall, sacred mountain in the central highlands of Sri Lanka."
GCXH7334.jpg,Adams_Peak,C:\Users\ASUS\Documents\clipo model test one\new_dataset\Adams_Peak\GCXH7334.jpg,Adam's Peak,Nuwara Eliya,Central,Mountain/Pilgrimage,"A tall, sacred mountain in the central highlands of Sri Lanka."
HWTC3917.jpg,Adams_Peak,C:\Users\ASUS\Documents\clipo model test one\new_dataset\Adams_Peak\HWTC3917.jpg,Adam's Peak,Nuwara Eliya,Central,Mountain/Pilgrimage,"A tall, sacred mountain in the central highlands of Sri Lanka."
IMG_0743.JPG,Adams_Peak,C:\Users\ASUS\Documents\clipo model test one\new_dataset\Adams_Peak\IMG_0743.JPG,Adam's Peak,Nuwara Eliya,Central,Mountain/Pilgrimage,"A tall, sacred mountain in the central highlands of Sri Lanka."
IMG_0764.JPG,Adams_Peak,C:\Users\ASUS\Documents\clipo model test one\new_dataset\Adams_Peak\IMG_0764.JPG,Adam's Peak,Nuwara Eliya,Central,Mountain/Pilgrimage,"A tall, sacred mountain in the central highlands of Sri Lanka."
JQWR3926.JPG,Adams_Peak,C:\Users\ASUS\Documents\clipo model test one\new_dataset\Adams_Peak\JQWR3926.JPG,Adam's Peak,Nuwara Eliya,Central,Mountain/Pilgrimage,"A tall, sacred mountain in the central highlands of Sri Lanka."
JVRJ0196.JPG,Adams_Peak,C:\Users\ASUS\Documents\clipo model test one\new_dataset\Adams_Peak\JVRJ0196.JPG,Adam's Peak,Nuwara Eliya,Central,Mountain/Pilgrimage,"A tall, sacred mountain in the central highlands of Sri Lanka."
KEBN1238.jpg,Adams_Peak,C:\Users\ASUS\Documents\clipo model test one\new_dataset\Adams_Peak\KEBN1238.jpg,Adam's Peak,Nuwara Eliya,Central,Mountain/Pilgrimage,"A tall, sacred mountain in the central highlands of Sri Lanka."
MFOR0740.jpg,Adams_Peak,C:\Users\ASUS\Documents\clipo model test one\new_dataset\Adams_Peak\MFOR0740.jpg,Adam's Peak,Nuwara Eliya,Central,Mountain/Pilgrimage,"A tall, sacred mountain in the central highlands of Sri Lanka."
NXOJ4022.JPG,Adams_Peak,C:\Users\ASUS\Documents\clipo model test one\new_dataset\Adams_Peak\NXOJ4022.JPG,Adam's Peak,Nuwara Eliya,Central,Mountain/Pilgrimage,"A tall, sacred mountain in the central highlands of Sri Lanka."
OZJK8869.JPG,Adams_Peak,C:\Users\ASUS\Documents\clipo model test one\new_dataset\Adams_Peak\OZJK8869.JPG,Adam's Peak,Nuwara Eliya,Central,Mountain/Pilgrimage,"A tall, sacred mountain in the central highlands of Sri Lanka."
QHMP7401.JPG,Adams_Peak,C:\Users\ASUS\Documents\clipo model test one\new_dataset\Adams_Peak\QHMP7401.JPG,Adam's Peak,Nuwara Eliya,Central,Mountain/Pilgrimage,"A tall, sacred mountain in the central highlands of Sri Lanka."
RAGD1472.jpg,Adams_Peak,C:\Users\ASUS\Documents\clipo model test one\new_dataset\Adams_Peak\RAGD1472.jpg,Adam's Peak,Nuwara Eliya,Central,Mountain/Pilgrimage,"A tall, sacred mountain in the central highlands of Sri Lanka."
WKMG7421.jpg,Adams_Peak,C:\Users\ASUS\Documents\clipo model test one\new_dataset\Adams_Peak\WKMG7421.jpg,Adam's Peak,Nuwara Eliya,Central,Mountain/Pilgrimage,"A tall, sacred mountain in the central highlands of Sri Lanka."
WPMR5259.jpg,Adams_Peak,C:\Users\ASUS\Documents\clipo model test one\new_dataset\Adams_Peak\WPMR5259.jpg,Adam's Peak,Nuwara Eliya,Central,Mountain/Pilgrimage,"A tall, sacred mountain in the central highlands of Sri Lanka."
XDQO7883.jpg,Adams_Peak,C:\Users\ASUS\Documents\clipo model test one\new_dataset\Adams_Peak\XDQO7883.jpg,Adam's Peak,Nuwara Eliya,Central,Mountain/Pilgrimage,"A tall, sacred mountain in the central highlands of Sri Lanka."
YAPB5325.jpg,Adams_Peak,C:\Users\ASUS\Documents\clipo model test one\new_dataset\Adams_Peak\YAPB5325.jpg,Adam's Peak,Nuwara Eliya,Central,Mountain/Pilgrimage,"A tall, sacred mountain in the central highlands of Sri Lanka."
AQCN7920.JPG,Adisham_Monastry,C:\Users\ASUS\Documents\clipo model test one\new_dataset\Adisham_Monastry\AQCN7920.JPG,Adisham Monastery,Badulla,Uva,Historical/Architecture,A peaceful monastery housed in a beautiful stone mansion in Haputale.
BURH3419.jpg,Adisham_Monastry,C:\Users\ASUS\Documents\clipo model test one\new_dataset\Adisham_Monastry\BURH3419.jpg,Adisham Monastery,Badulla,Uva,Historical/Architecture,A peaceful monastery housed in a beautiful stone mansion in Haputale.
BYOD4007.jpg,Adisham_Monastry,C:\Users\ASUS\Documents\clipo model test one\new_dataset\Adisham_Monastry\BYOD4007.jpg,Adisham Monastery,Badulla,Uva,Historical/Architecture,A peaceful monastery housed in a beautiful stone mansion in Haputale.
EFLK7365.jpg,Adisham_Monastry,C:\Users\ASUS\Documents\clipo model test one\new_dataset\Adisham_Monastry\EFLK7365.jpg,Adisham Monastery,Badulla,Uva,Historical/Architecture,A peaceful monastery housed in a beautiful stone mansion in Haputale.
ENLP4124.JPG,Adisham_Monastry,C:\Users\ASUS\Documents\clipo model test one\new_dataset\Adisham_Monastry\ENLP4124.JPG,Adisham Monastery,Badulla,Uva,Historical/Architecture,A peaceful monastery housed in a beautiful stone mansion in Haputale.
GETQ5075.jpg,Adisham_Monastry,C:\Users\ASUS\Documents\clipo model test one\new_dataset\Adisham_Monastry\GETQ5075.jpg,Adisham Monastery,Badulla,Uva,Historical/Architecture,A peaceful monastery housed in a beautiful stone mansion in Haputale.
GLRG2226.jpg,Adisham_Monastry,C:\Users\ASUS\Documents\clipo model test one\new_dataset\Adisham_Monastry\GLRG2226.jpg,Adisham Monastery,Badulla,Uva,Historical/Architecture,A peaceful monastery housed in a beautiful stone mansion in Haputale.
HUFJ3601.jpg,Adisham_Monastry,C:\Users\ASUS\Documents\clipo model test one\new_dataset\Adisham_Monastry\HUFJ3601.jpg,Adisham Monastery,Badulla,Uva,Historical/Architecture,A peaceful monastery housed in a beautiful stone mansion in Haputale.
IAZU4476.jpg,Adisham_Monastry,C:\Users\ASUS\Documents\clipo model test one\new_dataset\Adisham_Monastry\IAZU4476.jpg,Adisham Monastery,Badulla,Uva,Historical/Architecture,A peaceful monastery housed in a beautiful stone mansion in Haputale.
IMG_0848.JPG,Adisham_Monastry,C:\Users\ASUS\Documents\clipo model test one\new_dataset\Adisham_Monastry\IMG_0848.JPG,Adisham Monastery,Badulla,Uva,Historical/Architecture,A peaceful monastery housed in a beautiful stone mansion in Haputale.
JSCA8334.jpg,Adisham_Monastry,C:\Users\ASUS\Documents\clipo model test one\new_dataset\Adisham_Monastry\JSCA8334.jpg,Adisham Monastery,Badulla,Uva,Historical/Architecture,A peaceful monastery housed in a beautiful stone mansion in Haputale.
KGQC6643.jpg,Adisham_Monastry,C:\Users\ASUS\Documents\clipo model test one\new_dataset\Adisham_Monastry\KGQC6643.jpg,Adisham Monastery,Badulla,Uva,Historical/Architecture,A peaceful monastery housed in a beautiful stone mansion in Haputale.
KHZR3235.JPG,Adisham_Monastry,C:\Users\ASUS\Documents\clipo model test one\new_dataset\Adisham_Monastry\KHZR3235.JPG,Adisham Monastery,Badulla,Uva,Historical/Architecture,A peaceful monastery housed in a beautiful stone mansion in Haputale.
KYNU7281.jpg,Adisham_Monastry,C:\Users\ASUS\Documents\clipo model test one\new_dataset\Adisham_Monastry\KYNU7281.jpg,Adisham Monastery,Badulla,Uva,Historical/Architecture,A peaceful monastery housed in a beautiful stone mansion in Haputale.
LPGD0724.JPG,Adisham_Monastry,C:\Users\ASUS\Documents\clipo model test one\new_dataset\Adisham_Monastry\LPGD0724.JPG,Adisham Monastery,Badulla,Uva,Historical/Architecture,A peaceful monastery housed in a beautiful stone mansion in Haputale.
OEPH6773.JPG,Adisham_Monastry,C:\Users\ASUS\Documents\clipo model test one\new_dataset\Adisham_Monastry\OEPH6773.JPG,Adisham Monastery,Badulla,Uva,Historical/Architecture,A peaceful monastery housed in a beautiful stone mansion in Haputale.
OIEB1163.JPG,Adisham_Monastry,C:\Users\ASUS\Documents\clipo model test one\new_dataset\Adisham_Monastry\OIEB1163.JPG,Adisham Monastery,Badulla,Uva,Historical/Architecture,A peaceful monastery housed in a beautiful stone mansion in Haputale.
OQHP6000.JPG,Adisham_Monastry,C:\Users\ASUS\Documents\clipo model test one\new_dataset\Adisham_Monastry\OQHP6000.JPG,Adisham Monastery,Badulla,Uva,Historical/Architecture,A peaceful monastery housed in a beautiful stone mansion in Haputale.
ORAO2491.jpg,Adisham_Monastry,C:\Users\ASUS\Documents\clipo model test one\new_dataset\Adisham_Monastry\ORAO2491.jpg,Adisham Monastery,Badulla,Uva,Historical/Architecture,A peaceful monastery housed in a beautiful stone mansion in Haputale.
PIRE0127.jpg,Adisham_Monastry,C:\Users\ASUS\Documents\clipo model test one\new_dataset\Adisham_Monastry\PIRE0127.jpg,Adisham Monastery,Badulla,Uva,Historical/Architecture,A peaceful monastery housed in a beautiful stone mansion in Haputale.
RIBJ1206.jpg,Adisham_Monastry,C:\Users\ASUS\Documents\clipo model test one\new_dataset\Adisham_Monastry\RIBJ1206.jpg,Adisham Monastery,Badulla,Uva,Historical/Architecture,A peaceful monastery housed in a beautiful stone mansion in Haputale.
RIOK2495.JPG,Adisham_Monastry,C:\Users\ASUS\Documents\clipo model test one\new_dataset\Adisham_Monastry\RIOK2495.JPG,Adisham Monastery,Badulla,Uva,Historical/Architecture,A peaceful monastery housed in a beautiful stone mansion in Haputale.
WBKM9078.jpg,Adisham_Monastry,C:\Users\ASUS\Documents\clipo model test one\new_dataset\Adisham_Monastry\WBKM9078.jpg,Adisham Monastery,Badulla,Uva,Historical/Architecture,A peaceful monastery housed in a beautiful stone mansion in Haputale.
XETY3792.jpg,Adisham_Monastry,C:\Users\ASUS\Documents\clipo model test one\new_dataset\Adisham_Monastry\XETY3792.jpg,Adisham Monastery,Badulla,Uva,Historical/Architecture,A peaceful monastery housed in a beautiful stone mansion in Haputale.
0a2d1232dab309a9d3de38109705b9bc.jpg,Blue_beach_island,C:\Users\ASUS\Documents\clipo model test one\new_dataset\Blue_beach_island\0a2d1232dab309a9d3de38109705b9bc.jpg,Blue Beach Island,Matara,Southern,Beach/Island,"A small, picturesque island and beach in Nilwella."
1000_F_251621960_b5H8GZbgSRubmgzhRqv9J3PyrWaiU9Ow.jpg,Blue_beach_island,C:\Users\ASUS\Documents\clipo model test one\new_dataset\Blue_beach_island\1000_F_251621960_b5H8GZbgSRubmgzhRqv9J3PyrWaiU9Ow.jpg,Blue Beach Island,Matara,Southern,Beach/Island,"A small, picturesque island and beach in Nilwella."
25b21582ac9b3f5c1b3f93479922a8d7.jpg,Blue_beach_island,C:\Users\ASUS\Documents\clipo model test one\new_dataset\Blue_beach_island\25b21582ac9b3f5c1b3f93479922a8d7.jpg,Blue Beach Island,Matara,Southern,Beach/Island,"A small, picturesque island and beach in Nilwella."
4a4bfdcc28d061fcaa656781dddec196.jpg,Blue_beach_island,C:\Users\ASUS\Documents\clipo model test one\new_dataset\Blue_beach_island\4a4bfdcc28d061fcaa656781dddec196.jpg,Blue Beach Island,Matara,Southern,Beach/Island,"A small, picturesque island and beach in Nilwella."
816x460-68277995-601862330338219-5065273777936400384-n-9528-3897.jpg,Blue_beach_island,C:\Users\ASUS\Documents\clipo model test one\new_dataset\Blue_beach_island\816x460-68277995-601862330338219-5065273777936400384-n-9528-3897.jpg,Blue Beach Island,Matara,Southern,Beach/Island,"A small, picturesque island and beach in Nilwella."
a9c0b316397fc1bec35fd6179384e3cb.jpg,Blue_beach_island,C:\Users\ASUS\Documents\clipo model test one\new_dataset\Blue_beach_island\a9c0b316397fc1bec35fd6179384e3cb.jpg,Blue Beach Island,Matara,Southern,Beach/Island,"A small, picturesque island and beach in Nilwella."
aerial-view-of-blue-beach-island-drone-view-of-the-beaches-of-sri-lanka-2J0XBHM.jpg,Blue_beach_island,C:\Users\ASUS\Documents\clipo model test one\new_dataset\Blue_beach_island\aerial-view-of-blue-beach-island-drone-view-of-the-beaches-of-sri-lanka-2J0XBHM.jpg,Blue Beach Island,Matara,Southern,Beach/Island,"A small, picturesque island and beach in Nilwella."
aerial-view-of-blue-beach-island-drone-view-of-the-beaches-of-sri-lanka-2JBK6AC.jpg,Blue_beach_island,C:\Users\ASUS\Documents\clipo model test one\new_dataset\Blue_beach_island\aerial-view-of-blue-beach-island-drone-view-of-the-beaches-of-sri-lanka-2JBK6AC.jpg,Blue Beach Island,Matara,Southern,Beach/Island,"A small, picturesque island and beach in Nilwella."
blue-beach-island-nilwella-aerial-view-of-the-south-coast-of-the-island-of-sri-lanka-T0N990.jpg,Blue_beach_island,C:\Users\ASUS\Documents\clipo model test one\new_dataset\Blue_beach_island\blue-beach-island-nilwella-aerial-view-of-the-south-coast-of-the-island-of-sri-lanka-T0N990.jpg,Blue Beach Island,Matara,Southern,Beach/Island,"A small, picturesque island and beach in Nilwella."
blue-beach-island-sri-lanka-blue-beach-island-sri-lanka-182011629.jpg,Blue_beach_island,C:\Users\ASUS\Documents\clipo model test one\new_dataset\Blue_beach_island\blue-beach-island-sri-lanka-blue-beach-island-sri-lanka-182011629.jpg,Blue Beach Island,Matara,Southern,Beach/Island,"A small, picturesque island and beach in Nilwella."
Blue-Beach-Island.jpg,Blue_beach_island,C:\Users\ASUS\Documents\clipo model test one\new_dataset\Blue_beach_island\Blue-Beach-Island.jpg,Blue Beach Island,Matara,Southern,Beach/Island,"A small, picturesque island and beach in Nilwella."
depositphotos_247549298-stock-photo-blue-beach-island-nilwella-aerial.jpg,Blue_beach_island,C:\Users\ASUS\Documents\clipo model test one\new_dataset\Blue_beach_island\depositphotos_247549298-stock-photo-blue-beach-island-nilwella-aerial.jpg,Blue Beach Island,Matara,Southern,Beach/Island,"A small, picturesque island and beach in Nilwella."
istockphoto-1499247591-170667a.jpg,Blue_beach_island,C:\Users\ASUS\Documents\clipo model test one\new_dataset\Blue_beach_island\istockphoto-1499247591-170667a.jpg,Blue Beach Island,Matara,Southern,Beach/Island,"A small, picturesque island and beach in Nilwella."
maxresdefault.jpg,Blue_beach_island,C:\Users\ASUS\Documents\clipo model test one\new_dataset\Blue_beach_island\maxresdefault.jpg,Blue Beach Island,Matara,Southern,Beach/Island,"A small, picturesque island and beach in Nilwella."
OIP (10).jpg,Blue_beach_island,C:\Users\ASUS\Documents\clipo model test one\new_dataset\Blue_beach_island\OIP (10).jpg,Blue Beach Island,Matara,Southern,Beach/Island,"A small, picturesque island and beach in Nilwella."
OIP (11).jpg,Blue_beach_island,C:\Users\ASUS\Documents\clipo model test one\new_dataset\Blue_beach_island\OIP (11).jpg,Blue Beach Island,Matara,Southern,Beach/Island,"A small, picturesque island and beach in Nilwella."
OIP (12).jpg,Blue_beach_island,C:\Users\ASUS\Documents\clipo model test one\new_dataset\Blue_beach_island\OIP (12).jpg,Blue Beach Island,Matara,Southern,Beach/Island,"A small, picturesque island and beach in Nilwella."
OIP (6).jpg,Blue_beach_island,C:\Users\ASUS\Documents\clipo model test one\new_dataset\Blue_beach_island\OIP (6).jpg,Blue Beach Island,Matara,Southern,Beach/Island,"A small, picturesque island and beach in Nilwella."
OIP (7).jpg,Blue_beach_island,C:\Users\ASUS\Documents\clipo model test one\new_dataset\Blue_beach_island\OIP (7).jpg,Blue Beach Island,Matara,Southern,Beach/Island,"A small, picturesque island and beach in Nilwella."
OIP (8).jpg,Blue_beach_island,C:\Users\ASUS\Documents\clipo model test one\new_dataset\Blue_beach_island\OIP (8).jpg,Blue Beach Island,Matara,Southern,Beach/Island,"A small, picturesque island and beach in Nilwella."
OIP (9).jpg,Blue_beach_island,C:\Users\ASUS\Documents\clipo model test one\new_dataset\Blue_beach_island\OIP (9).jpg,Blue Beach Island,Matara,Southern,Beach/Island,"A small, picturesque island and beach in Nilwella."
BKIU8043.JPG,Ella_Rock,C:\Users\ASUS\Documents\clipo model test one\new_dataset\Ella_Rock\BKIU8043.JPG,Ella Rock,Badulla,Uva,Mountain/Hiking,A famous hiking spot in Ella offering stunning panoramic views.
DPHJ9522.JPG,Ella_Rock,C:\Users\ASUS\Documents\clipo model test one\new_dataset\Ella_Rock\DPHJ9522.JPG,Ella Rock,Badulla,Uva,Mountain/Hiking,A famous hiking spot in Ella offering stunning panoramic views.
EVLE4884.jpg,Ella_Rock,C:\Users\ASUS\Documents\clipo model test one\new_dataset\Ella_Rock\EVLE4884.jpg,Ella Rock,Badulla,Uva,Mountain/Hiking,A famous hiking spot in Ella offering stunning panoramic views.
FOQV3132.jpg,Ella_Rock,C:\Users\ASUS\Documents\clipo model test one\new_dataset\Ella_Rock\FOQV3132.jpg,Ella Rock,Badulla,Uva,Mountain/Hiking,A famous hiking spot in Ella offering stunning panoramic views.
FRTO0419.jpg,Ella_Rock,C:\Users\ASUS\Documents\clipo model test one\new_dataset\Ella_Rock\FRTO0419.jpg,Ella Rock,Badulla,Uva,Mountain/Hiking,A famous hiking spot in Ella offering stunning panoramic views.
HEYM5816.JPG,Ella_Rock,C:\Users\ASUS\Documents\clipo model test one\new_dataset\Ella_Rock\HEYM5816.JPG,Ella Rock,Badulla,Uva,Mountain/Hiking,A famous hiking spot in Ella offering stunning panoramic views.
IMG_0734.JPG,Ella_Rock,C:\Users\ASUS\Documents\clipo model test one\new_dataset\Ella_Rock\IMG_0734.JPG,Ella Rock,Badulla,Uva,Mountain/Hiking,A famous hiking spot in Ella offering stunning panoramic views.
LAQC3286.jpg,Ella_Rock,C:\Users\ASUS\Documents\clipo model test one\new_dataset\Ella_Rock\LAQC3286.jpg,Ella Rock,Badulla,Uva,Mountain/Hiking,A famous hiking spot in Ella offering stunning panoramic views.
LSKS3515.jpg,Ella_Rock,C:\Users\ASUS\Documents\clipo model test one\new_dataset\Ella_Rock\LSKS3515.jpg,Ella Rock,Badulla,Uva,Mountain/Hiking,A famous hiking spot in Ella offering stunning panoramic views.
MTLY4364.JPG,Ella_Rock,C:\Users\ASUS\Documents\clipo model test one\new_dataset\Ella_Rock\MTLY4364.JPG,Ella Rock,Badulla,Uva,Mountain/Hiking,A famous hiking spot in Ella offering stunning panoramic views.
MUCT4586.JPG,Ella_Rock,C:\Users\ASUS\Documents\clipo model test one\new_dataset\Ella_Rock\MUCT4586.JPG,Ella Rock,Badulla,Uva,Mountain/Hiking,A famous hiking spot in Ella offering stunning panoramic views.
NCMB4676.jpg,Ella_Rock,C:\Users\ASUS\Documents\clipo model test one\new_dataset\Ella_Rock\NCMB4676.jpg,Ella Rock,Badulla,Uva,Mountain/Hiking,A famous hiking spot in Ella offering stunning panoramic views.
QJAN1617.JPG,Ella_Rock,C:\Users\ASUS\Documents\clipo model test one\new_dataset\Ella_Rock\QJAN1617.JPG,Ella Rock,Badulla,Uva,Mountain/Hiking,A famous hiking spot in Ella offering stunning panoramic views.
RANU6413.jpg,Ella_Rock,C:\Users\ASUS\Documents\clipo model test one\new_dataset\Ella_Rock\RANU6413.jpg,Ella Rock,Badulla,Uva,Mountain/Hiking,A famous hiking spot in Ella offering stunning panoramic views.
RSDG5125.jpg,Ella_Rock,C:\Users\ASUS\Documents\clipo model test one\new_dataset\Ella_Rock\RSDG5125.jpg,Ella Rock,Badulla,Uva,Mountain/Hiking,A famous hiking spot in Ella offering stunning panoramic views.
RSNH3111.jpg,Ella_Rock,C:\Users\ASUS\Documents\clipo model test one\new_dataset\Ella_Rock\RSNH3111.jpg,Ella Rock,Badulla,Uva,Mountain/Hiking,A famous hiking spot in Ella offering stunning panoramic views.
SIFO4306.jpg,Ella_Rock,C:\Users\ASUS\Documents\clipo model test one\new_dataset\Ella_Rock\SIFO4306.jpg,Ella Rock,Badulla,Uva,Mountain/Hiking,A famous hiking spot in Ella offering stunning panoramic views.
SPGI4089.JPG,Ella_Rock,C:\Users\ASUS\Documents\clipo model test one\new_dataset\Ella_Rock\SPGI4089.JPG,Ella Rock,Badulla,Uva,Mountain/Hiking,A famous hiking spot in Ella offering stunning panoramic views.
TGBP4647.JPG,Ella_Rock,C:\Users\ASUS\Documents\clipo model test one\new_dataset\Ella_Rock\TGBP4647.JPG,Ella Rock,Badulla,Uva,Mountain/Hiking,A famous hiking spot in Ella offering stunning panoramic views.
TIPH9778.jpg,Ella_Rock,C:\Users\ASUS\Documents\clipo model test one\new_dataset\Ella_Rock\TIPH9778.jpg,Ella Rock,Badulla,Uva,Mountain/Hiking,A famous hiking spot in Ella offering stunning panoramic views.
TULH4572.JPG,Ella_Rock,C:\Users\ASUS\Documents\clipo model test one\new_dataset\Ella_Rock\TULH4572.JPG,Ella Rock,Badulla,Uva,Mountain/Hiking,A famous hiking spot in Ella offering stunning panoramic views.
UWCM4196.jpg,Ella_Rock,C:\Users\ASUS\Documents\clipo model test one\new_dataset\Ella_Rock\UWCM4196.jpg,Ella Rock,Badulla,Uva,Mountain/Hiking,A famous hiking spot in Ella offering stunning panoramic views.
WNVB3103.JPG,Ella_Rock,C:\Users\ASUS\Documents\clipo model test one\new_dataset\Ella_Rock\WNVB3103.JPG,Ella Rock,Badulla,Uva,Mountain/Hiking,A famous hiking spot in Ella offering stunning panoramic views.
XENO9804.JPG,Ella_Rock,C:\Users\ASUS\Documents\clipo model test one\new_dataset\Ella_Rock\XENO9804.JPG,Ella Rock,Badulla,Uva,Mountain/Hiking,A famous hiking spot in Ella offering stunning panoramic views.
AERT4474.jpg,Gregory_park_sri_lanka,C:\Users\ASUS\Documents\clipo model test one\new_dataset\Gregory_park_sri_lanka\AERT4474.jpg,Gregory Park,Nuwara Eliya,Central,Park/Lake,A popular park surrounding the scenic Lake Gregory in Nuwara Eliya.
BRIU7438.jpg,Gregory_park_sri_lanka,C:\Users\ASUS\Documents\clipo model test one\new_dataset\Gregory_park_sri_lanka\BRIU7438.jpg,Gregory Park,Nuwara Eliya,Central,Park/Lake,A popular park surrounding the scenic Lake Gregory in Nuwara Eliya.
CACO3413.jpg,Gregory_park_sri_lanka,C:\Users\ASUS\Documents\clipo model test one\new_dataset\Gregory_park_sri_lanka\CACO3413.jpg,Gregory Park,Nuwara Eliya,Central,Park/Lake,A popular park surrounding the scenic Lake Gregory in Nuwara Eliya.
DBIG2132.jpg,Gregory_park_sri_lanka,C:\Users\ASUS\Documents\clipo model test one\new_dataset\Gregory_park_sri_lanka\DBIG2132.jpg,Gregory Park,Nuwara Eliya,Central,Park/Lake,A popular park surrounding the scenic Lake Gregory in Nuwara Eliya.
EXIL2219.jpg,Gregory_park_sri_lanka,C:\Users\ASUS\Documents\clipo model test one\new_dataset\Gregory_park_sri_lanka\EXIL2219.jpg,Gregory Park,Nuwara Eliya,Central,Park/Lake,A popular park surrounding the scenic Lake Gregory in Nuwara Eliya.
FNPG9952.jpg,Gregory_park_sri_lanka,C:\Users\ASUS\Documents\clipo model test one\new_dataset\Gregory_park_sri_lanka\FNPG9952.jpg,Gregory Park,Nuwara Eliya,Central,Park/Lake,A popular park surrounding the scenic Lake Gregory in Nuwara Eliya.
JXFQ7847.jpg,Gregory_park_sri_lanka,C:\Users\ASUS\Documents\clipo model test one\new_dataset\Gregory_park_sri_lanka\JXFQ7847.jpg,Gregory Park,Nuwara Eliya,Central,Park/Lake,A popular park surrounding the scenic Lake Gregory in Nuwara Eliya.
LSHL7506.jpg,Gregory_park_sri_lanka,C:\Users\ASUS\Documents\clipo model test one\new_dataset\Gregory_park_sri_lanka\LSHL7506.jpg,Gregory Park,Nuwara Eliya,Central,Park/Lake,A popular park surrounding the scenic Lake Gregory in Nuwara Eliya.
MDVM1451.jpg,Gregory_park_sri_lanka,C:\Users\ASUS\Documents\clipo model test one\new_dataset\Gregory_park_sri_lanka\MDVM1451.jpg,Gregory Park,Nuwara Eliya,Central,Park/Lake,A popular park surrounding the scenic Lake Gregory in Nuwara Eliya.
MEIE5081.jpg,Gregory_park_sri_lanka,C:\Users\ASUS\Documents\clipo model test one\new_dataset\Gregory_park_sri_lanka\MEIE5081.jpg,Gregory Park,Nuwara Eliya,Central,Park/Lake,A popular park surrounding the scenic Lake Gregory in Nuwara Eliya.
NKQG7817.jpg,Gregory_park_sri_lanka,C:\Users\ASUS\Documents\clipo model test one\new_dataset\Gregory_park_sri_lanka\NKQG7817.jpg,Gregory Park,Nuwara Eliya,Central,Park/Lake,A popular park surrounding the scenic Lake Gregory in Nuwara Eliya.
NXJT6882.jpg,Gregory_park_sri_lanka,C:\Users\ASUS\Documents\clipo model test one\new_dataset\Gregory_park_sri_lanka\NXJT6882.jpg,Gregory Park,Nuwara Eliya,Central,Park/Lake,A popular park surrounding the scenic Lake Gregory in Nuwara Eliya.
OOIY6606.jpg,Gregory_park_sri_lanka,C:\Users\ASUS\Documents\clipo model test one\new_dataset\Gregory_park_sri_lanka\OOIY6606.jpg,Gregory Park,Nuwara Eliya,Central,Park/Lake,A popular park surrounding the scenic Lake Gregory in Nuwara Eliya.
PCYG5208.jpg,Gregory_park_sri_lanka,C:\Users\ASUS\Documents\clipo model test one\new_dataset\Gregory_park_sri_lanka\PCYG5208.jpg,Gregory Park,Nuwara Eliya,Central,Park/Lake,A popular park surrounding the scenic Lake Gregory in Nuwara Eliya.
QIUG8972.jpg,Gregory_park_sri_lanka,C:\Users\ASUS\Documents\clipo model test one\new_dataset\Gregory_park_sri_lanka\QIUG8972.jpg,Gregory Park,Nuwara Eliya,Central,Park/Lake,A popular park surrounding the scenic Lake Gregory in Nuwara Eliya.
RFBT2010.jpg,Gregory_park_sri_lanka,C:\Users\ASUS\Documents\clipo model test one\new_dataset\Gregory_park_sri_lanka\RFBT2010.jpg,Gregory Park,Nuwara Eliya,Central,Park/Lake,A popular park surrounding the scenic Lake Gregory in Nuwara Eliya.
SAST8060.jpg,Gregory_park_sri_lanka,C:\Users\ASUS\Documents\clipo model test one\new_dataset\Gregory_park_sri_lanka\SAST8060.jpg,Gregory Park,Nuwara Eliya,Central,Park/Lake,A popular park surrounding the scenic Lake Gregory in Nuwara Eliya.
SFVY7360.jpg,Gregory_park_sri_lanka,C:\Users\ASUS\Documents\clipo model test one\new_dataset\Gregory_park_sri_lanka\SFVY7360.jpg,Gregory Park,Nuwara Eliya,Central,Park/Lake,A popular park surrounding the scenic Lake Gregory in Nuwara Eliya.
SPQJ9203.jpg,Gregory_park_sri_lanka,C:\Users\ASUS\Documents\clipo model test one\new_dataset\Gregory_park_sri_lanka\SPQJ9203.jpg,Gregory Park,Nuwara Eliya,Central,Park/Lake,A popular park surrounding the scenic Lake Gregory in Nuwara Eliya.
TOAM6264.jpg,Gregory_park_sri_lanka,C:\Users\ASUS\Documents\clipo model test one\new_dataset\Gregory_park_sri_lanka\TOAM6264.jpg,Gregory Park,Nuwara Eliya,Central,Park/Lake,A popular park surrounding the scenic Lake Gregory in Nuwara Eliya.
TXPU6948.jpg,Gregory_park_sri_lanka,C:\Users\ASUS\Documents\clipo model test one\new_dataset\Gregory_park_sri_lanka\TXPU6948.jpg,Gregory Park,Nuwara Eliya,Central,Park/Lake,A popular park surrounding the scenic Lake Gregory in Nuwara Eliya.
UZMN3221.jpg,Gregory_park_sri_lanka,C:\Users\ASUS\Documents\clipo model test one\new_dataset\Gregory_park_sri_lanka\UZMN3221.jpg,Gregory Park,Nuwara Eliya,Central,Park/Lake,A popular park surrounding the scenic Lake Gregory in Nuwara Eliya.
VDAI3703.jpg,Gregory_park_sri_lanka,C:\Users\ASUS\Documents\clipo model test one\new_dataset\Gregory_park_sri_lanka\VDAI3703.jpg,Gregory Park,Nuwara Eliya,Central,Park/Lake,A popular park surrounding the scenic Lake Gregory in Nuwara Eliya.
WXWY7639.jpg,Gregory_park_sri_lanka,C:\Users\ASUS\Documents\clipo model test one\new_dataset\Gregory_park_sri_lanka\WXWY7639.jpg,Gregory Park,Nuwara Eliya,Central,Park/Lake,A popular park surrounding the scenic Lake Gregory in Nuwara Eliya.
XKSW0424.jpg,Gregory_park_sri_lanka,C:\Users\ASUS\Documents\clipo model test one\new_dataset\Gregory_park_sri_lanka\XKSW0424.jpg,Gregory Park,Nuwara Eliya,Central,Park/Lake,A popular park surrounding the scenic Lake Gregory in Nuwara Eliya.
ATRK0710.jpg,Horoton_Plains_National_Park,C:\Users\ASUS\Documents\clipo model test one\new_dataset\Horoton_Plains_National_Park\ATRK0710.jpg,Horton Plains National Park,Nuwara Eliya,Central,National Park,A protected area in the central highlands featuring montane grassland and cloud forest.
BUBV6105.jpg,Horoton_Plains_National_Park,C:\Users\ASUS\Documents\clipo model test one\new_dataset\Horoton_Plains_National_Park\BUBV6105.jpg,Horton Plains National Park,Nuwara Eliya,Central,National Park,A protected area in the central highlands featuring montane grassland and cloud forest.
DAQI9980.JPG,Horoton_Plains_National_Park,C:\Users\ASUS\Documents\clipo model test one\new_dataset\Horoton_Plains_National_Park\DAQI9980.JPG,Horton Plains National Park,Nuwara Eliya,Central,National Park,A protected area in the central highlands featuring montane grassland and cloud forest.
EACN5682.jpg,Horoton_Plains_National_Park,C:\Users\ASUS\Documents\clipo model test one\new_dataset\Horoton_Plains_National_Park\EACN5682.jpg,Horton Plains National Park,Nuwara Eliya,Central,National Park,A protected area in the central highlands featuring montane grassland and cloud forest.
EHGP9798.jpg,Horoton_Plains_National_Park,C:\Users\ASUS\Documents\clipo model test one\new_dataset\Horoton_Plains_National_Park\EHGP9798.jpg,Horton Plains National Park,Nuwara Eliya,Central,National Park,A protected area in the central highlands featuring montane grassland and cloud forest.
ELWI0747.jpg,Horoton_Plains_National_Park,C:\Users\ASUS\Documents\clipo model test one\new_dataset\Horoton_Plains_National_Park\ELWI0747.jpg,Horton Plains National Park,Nuwara Eliya,Central,National Park,A protected area in the central highlands featuring montane grassland and cloud forest.
EZOO3677.jpg,Horoton_Plains_National_Park,C:\Users\ASUS\Documents\clipo model test one\new_dataset\Horoton_Plains_National_Park\EZOO3677.jpg,Horton Plains National Park,Nuwara Eliya,Central,National Park,A protected area in the central highlands featuring montane grassland and cloud forest.
GMJN3001.jpg,Horoton_Plains_National_Park,C:\Users\ASUS\Documents\clipo model test one\new_dataset\Horoton_Plains_National_Park\GMJN3001.jpg,Horton Plains National Park,Nuwara Eliya,Central,National Park,A protected area in the central highlands featuring montane grassland and cloud forest.
ICED6992.JPG,Horoton_Plains_National_Park,C:\Users\ASUS\Documents\clipo model test one\new_dataset\Horoton_Plains_National_Park\ICED6992.JPG,Horton Plains National Park,Nuwara Eliya,Central,National Park,A protected area in the central highlands featuring montane grassland and cloud forest.
IMG_0780.JPG,Horoton_Plains_National_Park,C:\Users\ASUS\Documents\clipo model test one\new_dataset\Horoton_Plains_National_Park\IMG_0780.JPG,Horton Plains National Park,Nuwara Eliya,Central,National Park,A protected area in the central highlands featuring montane grassland and cloud forest.
IMG_0784.JPG,Horoton_Plains_National_Park,C:\Users\ASUS\Documents\clipo model test one\new_dataset\Horoton_Plains_National_Park\IMG_0784.JPG,Horton Plains National Park,Nuwara Eliya,Central,National Park,A protected area in the central highlands featuring montane grassland and cloud forest.
IMG_0787.JPG,Horoton_Plains_National_Park,C:\Users\ASUS\Documents\clipo model test one\new_dataset\Horoton_Plains_National_Park\IMG_0787.JPG,Horton Plains National Park,Nuwara Eliya,Central,National Park,A protected area in the central highlands featuring montane grassland and cloud forest.
IMG_0789.JPG,Horoton_Plains_National_Park,C:\Users\ASUS\Documents\clipo model test one\new_dataset\Horoton_Plains_National_Park\IMG_0789.JPG,Horton Plains National Park,Nuwara Eliya,Central,National Park,A protected area in the central highlands featuring montane grassland and cloud forest.
JQQS0721.jpg,Horoton_Plains_National_Park,C:\Users\ASUS\Documents\clipo model test one\new_dataset\Horoton_Plains_National_Park\JQQS0721.jpg,Horton Plains National Park,Nuwara Eliya,Central,National Park,A protected area in the central highlands featuring montane grassland and cloud forest.
ONHD1425.jpg,Horoton_Plains_National_Park,C:\Users\ASUS\Documents\clipo model test one\new_dataset\Horoton_Plains_National_Park\ONHD1425.jpg,Horton Plains National Park,Nuwara Eliya,Central,National Park,A protected area in the central highlands featuring montane grassland and cloud forest.
RESW3026.jpg,Horoton_Plains_National_Park,C:\Users\ASUS\Documents\clipo model test one\new_dataset\Horoton_Plains_National_Park\RESW3026.jpg,Horton Plains National Park,Nuwara Eliya,Central,National Park,A protected area in the central highlands featuring montane grassland and cloud forest.
RTFV0457.jpg,Horoton_Plains_National_Park,C:\Users\ASUS\Documents\clipo model test one\new_dataset\Horoton_Plains_National_Park\RTFV0457.jpg,Horton Plains National Park,Nuwara Eliya,Central,National Park,A protected area in the central highlands featuring montane grassland and cloud forest.
SDMG6203.JPG,Horoton_Plains_National_Park,C:\Users\ASUS\Documents\clipo model test one\new_dataset\Horoton_Plains_National_Park\SDMG6203.JPG,Horton Plains National Park,Nuwara Eliya,Central,National Park,A protected area in the central highlands featuring montane grassland and cloud forest.
SUTV0733.JPG,Horoton_Plains_National_Park,C:\Users\ASUS\Documents\clipo model test one\new_dataset\Horoton_Plains_National_Park\SUTV0733.JPG,Horton Plains National Park,Nuwara Eliya,Central,National Park,A protected area in the central highlands featuring montane grassland and cloud forest.
VGQS1142.jpg,Horoton_Plains_National_Park,C:\Users\ASUS\Documents\clipo model test one\new_dataset\Horoton_Plains_National_Park\VGQS1142.jpg,Horton Plains National Park,Nuwara Eliya,Central,National Park,A protected area in the central highlands featuring montane grassland and cloud forest.
VYLN2459.JPG,Horoton_Plains_National_Park,C:\Users\ASUS\Documents\clipo model test one\new_dataset\Horoton_Plains_National_Park\VYLN2459.JPG,Horton Plains National Park,Nuwara Eliya,Central,National Park,A protected area in the central highlands featuring montane grassland and cloud forest.
IMG_0637.JPG,Knuckles_Range,C:\Users\ASUS\Documents\clipo model test one\new_dataset\Knuckles_Range\IMG_0637.JPG,Knuckles Mountain Range,Kandy/Matale,Central,Mountain/Hiking,A rugged mountain range known for its unique biodiversity and hiking trails.
IMG_0638.JPG,Knuckles_Range,C:\Users\ASUS\Documents\clipo model test one\new_dataset\Knuckles_Range\IMG_0638.JPG,Knuckles Mountain Range,Kandy/Matale,Central,Mountain/Hiking,A rugged mountain range known for its unique biodiversity and hiking trails.
IMG_0640.JPG,Knuckles_Range,C:\Users\ASUS\Documents\clipo model test one\new_dataset\Knuckles_Range\IMG_0640.JPG,Knuckles Mountain Range,Kandy/Matale,Central,Mountain/Hiking,A rugged mountain range known for its unique biodiversity and hiking trails.
IMG_0641.JPG,Knuckles_Range,C:\Users\ASUS\Documents\clipo model test one\new_dataset\Knuckles_Range\IMG_0641.JPG,Knuckles Mountain Range,Kandy/Matale,Central,Mountain/Hiking,A rugged mountain range known for its unique biodiversity and hiking trails.
IMG_0642.JPG,Knuckles_Range,C:\Users\ASUS\Documents\clipo model test one\new_dataset\Knuckles_Range\IMG_0642.JPG,Knuckles Mountain Range,Kandy/Matale,Central,Mountain/Hiking,A rugged mountain range known for its unique biodiversity and hiking trails.
IMG_0643.jpg,Knuckles_Range,C:\Users\ASUS\Documents\clipo model test one\new_dataset\Knuckles_Range\IMG_0643.jpg,Knuckles Mountain Range,Kandy/Matale,Central,Mountain/Hiking,A rugged mountain range known for its unique biodiversity and hiking trails.
IMG_0644.JPG,Knuckles_Range,C:\Users\ASUS\Documents\clipo model test one\new_dataset\Knuckles_Range\IMG_0644.JPG,Knuckles Mountain Range,Kandy/Matale,Central,Mountain/Hiking,A rugged mountain range known for its unique biodiversity and hiking trails.
IMG_0645.JPG,Knuckles_Range,C:\Users\ASUS\Documents\clipo model test one\new_dataset\Knuckles_Range\IMG_0645.JPG,Knuckles Mountain Range,Kandy/Matale,Central,Mountain/Hiking,A rugged mountain range known for its unique biodiversity and hiking trails.
IMG_0646.JPG,Knuckles_Range,C:\Users\ASUS\Documents\clipo model test one\new_dataset\Knuckles_Range\IMG_0646.JPG,Knuckles Mountain Range,Kandy/Matale,Central,Mountain/Hiking,A rugged mountain range known for its unique biodiversity and hiking trails.
IMG_0647.JPG,Knuckles_Range,C:\Users\ASUS\Documents\clipo model test one\new_dataset\Knuckles_Range\IMG_0647.JPG,Knuckles Mountain Range,Kandy/Matale,Central,Mountain/Hiking,A rugged mountain range known for its unique biodiversity and hiking trails.
IMG_0648.JPG,Knuckles_Range,C:\Users\ASUS\Documents\clipo model test one\new_dataset\Knuckles_Range\IMG_0648.JPG,Knuckles Mountain Range,Kandy/Matale,Central,Mountain/Hiking,A rugged mountain range known for its unique biodiversity and hiking trails.
IMG_0649.JPG,Knuckles_Range,C:\Users\ASUS\Documents\clipo model test one\new_dataset\Knuckles_Range\IMG_0649.JPG,Knuckles Mountain Range,Kandy/Matale,Central,Mountain/Hiking,A rugged mountain range known for its unique biodiversity and hiking trails.
IMG_0650.JPG,Knuckles_Range,C:\Users\ASUS\Documents\clipo model test one\new_dataset\Knuckles_Range\IMG_0650.JPG,Knuckles Mountain Range,Kandy/Matale,Central,Mountain/Hiking,A rugged mountain range known for its unique biodiversity and hiking trails.
IMG_0651.JPG,Knuckles_Range,C:\Users\ASUS\Documents\clipo model test one\new_dataset\Knuckles_Range\IMG_0651.JPG,Knuckles Mountain Range,Kandy/Matale,Central,Mountain/Hiking,A rugged mountain range known for its unique biodiversity and hiking trails.
IMG_0652.JPG,Knuckles_Range,C:\Users\ASUS\Documents\clipo model test one\new_dataset\Knuckles_Range\IMG_0652.JPG,Knuckles Mountain Range,Kandy/Matale,Central,Mountain/Hiking,A rugged mountain range known for its unique biodiversity and hiking trails.
IMG_0653.JPG,Knuckles_Range,C:\Users\ASUS\Documents\clipo model test one\new_dataset\Knuckles_Range\IMG_0653.JPG,Knuckles Mountain Range,Kandy/Matale,Central,Mountain/Hiking,A rugged mountain range known for its unique biodiversity and hiking trails.
IMG_0654.JPG,Knuckles_Range,C:\Users\ASUS\Documents\clipo model test one\new_dataset\Knuckles_Range\IMG_0654.JPG,Knuckles Mountain Range,Kandy/Matale,Central,Mountain/Hiking,A rugged mountain range known for its unique biodiversity and hiking trails.
IMG_0655.JPG,Knuckles_Range,C:\Users\ASUS\Documents\clipo model test one\new_dataset\Knuckles_Range\IMG_0655.JPG,Knuckles Mountain Range,Kandy/Matale,Central,Mountain/Hiking,A rugged mountain range known for its unique biodiversity and hiking trails.
IMG_0656.JPG,Knuckles_Range,C:\Users\ASUS\Documents\clipo model test one\new_dataset\Knuckles_Range\IMG_0656.JPG,Knuckles Mountain Range,Kandy/Matale,Central,Mountain/Hiking,A rugged mountain range known for its unique biodiversity and hiking trails.
IMG_0657.JPG,Knuckles_Range,C:\Users\ASUS\Documents\clipo model test one\new_dataset\Knuckles_Range\IMG_0657.JPG,Knuckles Mountain Range,Kandy/Matale,Central,Mountain/Hiking,A rugged mountain range known for its unique biodiversity and hiking trails.
IMG_0658.JPG,Knuckles_Range,C:\Users\ASUS\Documents\clipo model test one\new_dataset\Knuckles_Range\IMG_0658.JPG,Knuckles Mountain Range,Kandy/Matale,Central,Mountain/Hiking,A rugged mountain range known for its unique biodiversity and hiking trails.
IMG_0659.jpg,Knuckles_Range,C:\Users\ASUS\Documents\clipo model test one\new_dataset\Knuckles_Range\IMG_0659.jpg,Knuckles Mountain Range,Kandy/Matale,Central,Mountain/Hiking,A rugged mountain range known for its unique biodiversity and hiking trails.
IMG_0660.JPG,Knuckles_Range,C:\Users\ASUS\Documents\clipo model test one\new_dataset\Knuckles_Range\IMG_0660.JPG,Knuckles Mountain Range,Kandy/Matale,Central,Mountain/Hiking,A rugged mountain range known for its unique biodiversity and hiking trails.
IMG_0661.JPG,Knuckles_Range,C:\Users\ASUS\Documents\clipo model test one\new_dataset\Knuckles_Range\IMG_0661.JPG,Knuckles Mountain Range,Kandy/Matale,Central,Mountain/Hiking,A rugged mountain range known for its unique biodiversity and hiking trails.
IMG_0662.JPG,Knuckles_Range,C:\Users\ASUS\Documents\clipo model test one\new_dataset\Knuckles_Range\IMG_0662.JPG,Knuckles Mountain Range,Kandy/Matale,Central,Mountain/Hiking,A rugged mountain range known for its unique biodiversity and hiking trails.
01.jpg,Kuttam_pokuna,C:\Users\ASUS\Documents\clipo model test one\new_dataset\Kuttam_pokuna\01.jpg,Kuttam Pokuna (Twin Ponds),Anuradhapura,North Central,Historical/Ruins,Ancient bathing tanks or pools located in the Abhayagiri vihāra complex.
anuradhapura-sri-lankakuttam-pokuna-twin-ponds-M346WF.jpg,Kuttam_pokuna,C:\Users\ASUS\Documents\clipo model test one\new_dataset\Kuttam_pokuna\anuradhapura-sri-lankakuttam-pokuna-twin-ponds-M346WF.jpg,Kuttam Pokuna (Twin Ponds),Anuradhapura,North Central,Historical/Ruins,Ancient bathing tanks or pools located in the Abhayagiri vihāra complex.
kuttam-pokuna-twin-ponds-anuradhapura-unesco-world-heritage-site-north-EH9FCE.jpg,Kuttam_pokuna,C:\Users\ASUS\Documents\clipo model test one\new_dataset\Kuttam_pokuna\kuttam-pokuna-twin-ponds-anuradhapura-unesco-world-heritage-site-north-EH9FCE.jpg,Kuttam Pokuna (Twin Ponds),Anuradhapura,North Central,Historical/Ruins,Ancient bathing tanks or pools located in the Abhayagiri vihāra complex.
kuttam-pokuna-twin-ponds-anuradhapura-unesco-world-heritage-site-north-EH9FD3.jpg,Kuttam_pokuna,C:\Users\ASUS\Documents\clipo model test one\new_dataset\Kuttam_pokuna\kuttam-pokuna-twin-ponds-anuradhapura-unesco-world-heritage-site-north-EH9FD3.jpg,Kuttam Pokuna (Twin Ponds),Anuradhapura,North Central,Historical/Ruins,Ancient bathing tanks or pools located in the Abhayagiri vihāra complex.
kuttam-pokuna-twin-ponds-anuradhapura-unesco-world-heritage-site-north-FAMXR7.jpg,Kuttam_pokuna,C:\Users\ASUS\Documents\clipo model test one\new_dataset\Kuttam_pokuna\kuttam-pokuna-twin-ponds-anuradhapura-unesco-world-heritage-site-north-FAMXR7.jpg,Kuttam Pokuna (Twin Ponds),Anuradhapura,North Central,Historical/Ruins,Ancient bathing tanks or pools located in the Abhayagiri vihāra complex.
kuttam-pokuna-twin-ponds-anuradhapura-unesco-world-heritage-site-north-FAMXRD.jpg,Kuttam_pokuna,C:\Users\ASUS\Documents\clipo model test one\new_dataset\Kuttam_pokuna\kuttam-pokuna-twin-ponds-anuradhapura-unesco-world-heritage-site-north-FAMXRD.jpg,Kuttam Pokuna (Twin Ponds),Anuradhapura,North Central,Historical/Ruins,Ancient bathing tanks or pools located in the Abhayagiri vihāra complex.
kuttam-pokuna-twin-ponds-anuradhapura.jpg,Kuttam_pokuna,C:\Users\ASUS\Documents\clipo model test one\new_dataset\Kuttam_pokuna\kuttam-pokuna-twin-ponds-anuradhapura.jpg,Kuttam Pokuna (Twin Ponds),Anuradhapura,North Central,Historical/Ruins,Ancient bathing tanks or pools located in the Abhayagiri vihāra complex.
kuttam-pokuna-twin-ponds-northern-ruins-anuradhapura-unesco-world-CXD7B8.jpg,Kuttam_pokuna,C:\Users\ASUS\Documents\clipo model test one\new_dataset\Kuttam_pokuna\kuttam-pokuna-twin-ponds-northern-ruins-anuradhapura-unesco-world-CXD7B8.jpg,Kuttam Pokuna (Twin Ponds),Anuradhapura,North Central,Historical/Ruins,Ancient bathing tanks or pools located in the Abhayagiri vihāra complex.
kuttam-pokuna-twin-ponds-northern-ruins-anuradhapura-unesco-world-CXD7BJ.jpg,Kuttam_pokuna,C:\Users\ASUS\Documents\clipo model test one\new_dataset\Kuttam_pokuna\kuttam-pokuna-twin-ponds-northern-ruins-anuradhapura-unesco-world-CXD7BJ.jpg,Kuttam Pokuna (Twin Ponds),Anuradhapura,North Central,Historical/Ruins,Ancient bathing tanks or pools located in the Abhayagiri vihāra complex.
kuttam-pokuna-twin-ponds-one-best-specimen-bathing-tanks-ancient-kingdom-anuradhapura-sri-lanka-101360867.jpg,Kuttam_pokuna,C:\Users\ASUS\Documents\clipo model test one\new_dataset\Kuttam_pokuna\kuttam-pokuna-twin-ponds-one-best-specimen-bathing-tanks-ancient-kingdom-anuradhapura-sri-lanka-101360867.jpg,Kuttam Pokuna (Twin Ponds),Anuradhapura,North Central,Historical/Ruins,Ancient bathing tanks or pools located in the Abhayagiri vihāra complex.
kuttam-pokuna-twin-ponds-sri-lanka-unesco-world-heritage-said-pair-pools-were-built-sinhalese-ancient-kingdom-93523714.jpg,Kuttam_pokuna,C:\Users\ASUS\Documents\clipo model test one\new_dataset\Kuttam_pokuna\kuttam-pokuna-twin-ponds-sri-lanka-unesco-world-heritage-said-pair-pools-were-built-sinhalese-ancient-kingdom-93523714.jpg,Kuttam Pokuna (Twin Ponds),Anuradhapura,North Central,Historical/Ruins,Ancient bathing tanks or pools located in the Abhayagiri vihāra complex.
kuttam-pokuna-twin-ponds-sri-lanka-unesco-world-heritage-said-pair-pools-were-built-sinhalese-ancient-kingdom-93523750.jpg,Kuttam_pokuna,C:\Users\ASUS\Documents\clipo model test one\new_dataset\Kuttam_pokuna\kuttam-pokuna-twin-ponds-sri-lanka-unesco-world-heritage-said-pair-pools-were-built-sinhalese-ancient-kingdom-93523750.jpg,Kuttam Pokuna (Twin Ponds),Anuradhapura,North Central,Historical/Ruins,Ancient bathing tanks or pools located in the Abhayagiri vihāra complex.
kuttam-pokuna-twin-ponds-sri-lanka-unesco-world-heritage-said-pair-pools-were-built-sinhalese-ancient-kingdom-93523782.jpg,Kuttam_pokuna,C:\Users\ASUS\Documents\clipo model test one\new_dataset\Kuttam_pokuna\kuttam-pokuna-twin-ponds-sri-lanka-unesco-world-heritage-said-pair-pools-were-built-sinhalese-ancient-kingdom-93523782.jpg,Kuttam Pokuna (Twin Ponds),Anuradhapura,North Central,Historical/Ruins,Ancient bathing tanks or pools located in the Abhayagiri vihāra complex.
kuttam-pokuna-twin-ponds-sri-lanka-unesco-world-heritage-said-pair-pools-were-built-sinhalese-ancient-kingdom-93523796.jpg,Kuttam_pokuna,C:\Users\ASUS\Documents\clipo model test one\new_dataset\Kuttam_pokuna\kuttam-pokuna-twin-ponds-sri-lanka-unesco-world-heritage-said-pair-pools-were-built-sinhalese-ancient-kingdom-93523796.jpg,Kuttam Pokuna (Twin Ponds),Anuradhapura,North Central,Historical/Ruins,Ancient bathing tanks or pools located in the Abhayagiri vihāra complex.
R.jpg,Kuttam_pokuna,C:\Users\ASUS\Documents\clipo model test one\new_dataset\Kuttam_pokuna\R.jpg,Kuttam Pokuna (Twin Ponds),Anuradhapura,North Central,Historical/Ruins,Ancient bathing tanks or pools located in the Abhayagiri vihāra complex.
sri-lanka-kuttam-pokuna-twin-ponds-anuradhapura-the-kuttam-pokuna-twin-ponds-were-originally-used-as-bathing-pools-and-are-considered-a-significant-achievement-in-the-field-of-hydrological-engineering-anuradhapura-i.jpg,Kuttam_pokuna,C:\Users\ASUS\Documents\clipo model test one\new_dataset\Kuttam_pokuna\sri-lanka-kuttam-pokuna-twin-ponds-anuradhapura-the-kuttam-pokuna-twin-ponds-were-originally-used-as-bathing-pools-and-are-considered-a-significant-achievement-in-the-field-of-hydrological-engineering-anuradhapura-i.jpg,Kuttam Pokuna (Twin Ponds),Anuradhapura,North Central,Historical/Ruins,Ancient bathing tanks or pools located in the Abhayagiri vihāra complex.
twin-ponds-kuttam-pokuna-abhayagiri-complex-anuradhapura-unesco-world-heritage-site-sri-lanka-asia-R6CW30.jpg,Kuttam_pokuna,C:\Users\ASUS\Documents\clipo model test one\new_dataset\Kuttam_pokuna\twin-ponds-kuttam-pokuna-abhayagiri-complex-anuradhapura-unesco-world-heritage-site-sri-lanka-asia-R6CW30.jpg,Kuttam Pokuna (Twin Ponds),Anuradhapura,North Central,Historical/Ruins,Ancient bathing tanks or pools located in the Abhayagiri vihāra complex.
WhatsApp Image 2026-02-25 at 1.51.33 PM (1).jpg,Kuttam_pokuna,C:\Users\ASUS\Documents\clipo model test one\new_dataset\Kuttam_pokuna\WhatsApp Image 2026-02-25 at 1.51.33 PM (1).jpg,Kuttam Pokuna (Twin Ponds),Anuradhapura,North Central,Historical/Ruins,Ancient bathing tanks or pools located in the Abhayagiri vihāra complex.
WhatsApp Image 2026-02-25 at 1.51.33 PM.jpg,Kuttam_pokuna,C:\Users\ASUS\Documents\clipo model test one\new_dataset\Kuttam_pokuna\WhatsApp Image 2026-02-25 at 1.51.33 PM.jpg,Kuttam Pokuna (Twin Ponds),Anuradhapura,North Central,Historical/Ruins,Ancient bathing tanks or pools located in the Abhayagiri vihāra complex.
WhatsApp Image 2026-02-25 at 1.51.34 PM (1).jpg,Kuttam_pokuna,C:\Users\ASUS\Documents\clipo model test one\new_dataset\Kuttam_pokuna\WhatsApp Image 2026-02-25 at 1.51.34 PM (1).jpg,Kuttam Pokuna (Twin Ponds),Anuradhapura,North Central,Historical/Ruins,Ancient bathing tanks or pools located in the Abhayagiri vihāra complex.
WhatsApp Image 2026-02-25 at 1.51.34 PM (2).jpg,Kuttam_pokuna,C:\Users\ASUS\Documents\clipo model test one\new_dataset\Kuttam_pokuna\WhatsApp Image 2026-02-25 at 1.51.34 PM (2).jpg,Kuttam Pokuna (Twin Ponds),Anuradhapura,North Central,Historical/Ruins,Ancient bathing tanks or pools located in the Abhayagiri vihāra complex.
WhatsApp Image 2026-02-25 at 1.51.34 PM.jpg,Kuttam_pokuna,C:\Users\ASUS\Documents\clipo model test one\new_dataset\Kuttam_pokuna\WhatsApp Image 2026-02-25 at 1.51.34 PM.jpg,Kuttam Pokuna (Twin Ponds),Anuradhapura,North Central,Historical/Ruins,Ancient bathing tanks or pools located in the Abhayagiri vihāra complex.
WhatsApp Image 2026-02-25 at 1.51.35 PM (1).jpg,Kuttam_pokuna,C:\Users\ASUS\Documents\clipo model test one\new_dataset\Kuttam_pokuna\WhatsApp Image 2026-02-25 at 1.51.35 PM (1).jpg,Kuttam Pokuna (Twin Ponds),Anuradhapura,North Central,Historical/Ruins,Ancient bathing tanks or pools located in the Abhayagiri vihāra complex.
WhatsApp Image 2026-02-25 at 1.51.35 PM.jpg,Kuttam_pokuna,C:\Users\ASUS\Documents\clipo model test one\new_dataset\Kuttam_pokuna\WhatsApp Image 2026-02-25 at 1.51.35 PM.jpg,Kuttam Pokuna (Twin Ponds),Anuradhapura,North Central,Historical/Ruins,Ancient bathing tanks or pools located in the Abhayagiri vihāra complex.
01.jpg,Lankathilaka_temple,C:\Users\ASUS\Documents\clipo model test one\new_dataset\Lankathilaka_temple\01.jpg,Lankathilaka Temple,Kandy,Central,Temple/Historical,An ancient Buddhist temple famous for its traditional Sinhalese architecture.
192929017.jpg,Lankathilaka_temple,C:\Users\ASUS\Documents\clipo model test one\new_dataset\Lankathilaka_temple\192929017.jpg,Lankathilaka Temple,Kandy,Central,Temple/Historical,An ancient Buddhist temple famous for its traditional Sinhalese architecture.
Lankathilaka-Sri-Lanka-4-1.jpg,Lankathilaka_temple,C:\Users\ASUS\Documents\clipo model test one\new_dataset\Lankathilaka_temple\Lankathilaka-Sri-Lanka-4-1.jpg,Lankathilaka Temple,Kandy,Central,Temple/Historical,An ancient Buddhist temple famous for its traditional Sinhalese architecture.
Lankathilaka-Viharaya-Sri-Lanka.jpg,Lankathilaka_temple,C:\Users\ASUS\Documents\clipo model test one\new_dataset\Lankathilaka_temple\Lankathilaka-Viharaya-Sri-Lanka.jpg,Lankathilaka Temple,Kandy,Central,Temple/Historical,An ancient Buddhist temple famous for its traditional Sinhalese architecture.
lankathilaka-viharaya-temple-kandy-sri-lanka-11130616.jpg,Lankathilaka_temple,C:\Users\ASUS\Documents\clipo model test one\new_dataset\Lankathilaka_temple\lankathilaka-viharaya-temple-kandy-sri-lanka-11130616.jpg,Lankathilaka Temple,Kandy,Central,Temple/Historical,An ancient Buddhist temple famous for its traditional Sinhalese architecture.
lankathilaka-viharaya-temple-kandy-sri-lanka-11146278.jpg,Lankathilaka_temple,C:\Users\ASUS\Documents\clipo model test one\new_dataset\Lankathilaka_temple\lankathilaka-viharaya-temple-kandy-sri-lanka-11146278.jpg,Lankathilaka Temple,Kandy,Central,Temple/Historical,An ancient Buddhist temple famous for its traditional Sinhalese architecture.
lankathilaka-viharaya.jpg,Lankathilaka_temple,C:\Users\ASUS\Documents\clipo model test one\new_dataset\Lankathilaka_temple\lankathilaka-viharaya.jpg,Lankathilaka Temple,Kandy,Central,Temple/Historical,An ancient Buddhist temple famous for its traditional Sinhalese architecture.
Lankatilaka-Sri-Lanka-Banner.jpg,Lankathilaka_temple,C:\Users\ASUS\Documents\clipo model test one\new_dataset\Lankathilaka_temple\Lankatilaka-Sri-Lanka-Banner.jpg,Lankathilaka Temple,Kandy,Central,Temple/Historical,An ancient Buddhist temple famous for its traditional Sinhalese architecture.
lankatilaka-temple-2198.jpg,Lankathilaka_temple,C:\Users\ASUS\Documents\clipo model test one\new_dataset\Lankathilaka_temple\lankatilaka-temple-2198.jpg,Lankathilaka Temple,Kandy,Central,Temple/Historical,An ancient Buddhist temple famous for its traditional Sinhalese architecture.
lankatilaka-temple-near-kandy-sri-lanka-2FJX38B.jpg,Lankathilaka_temple,C:\Users\ASUS\Documents\clipo model test one\new_dataset\Lankathilaka_temple\lankatilaka-temple-near-kandy-sri-lanka-2FJX38B.jpg,Lankathilaka Temple,Kandy,Central,Temple/Historical,An ancient Buddhist temple famous for its traditional Sinhalese architecture.
Lankatilaka-thumb_JPG.jpg,Lankathilaka_temple,C:\Users\ASUS\Documents\clipo model test one\new_dataset\Lankathilaka_temple\Lankatilaka-thumb_JPG.jpg,Lankathilaka Temple,Kandy,Central,Temple/Historical,An ancient Buddhist temple famous for its traditional Sinhalese architecture.
lankatilaka-vihara-02.jpg,Lankathilaka_temple,C:\Users\ASUS\Documents\clipo model test one\new_dataset\Lankathilaka_temple\lankatilaka-vihara-02.jpg,Lankathilaka Temple,Kandy,Central,Temple/Historical,An ancient Buddhist temple famous for its traditional Sinhalese architecture.
lankatilaka-vihara-ancient-buddhist-temple-situated-udunuwara-kandy-sri-lanka-lankatilaka-buddhist-temple-th-146107803.jpg,Lankathilaka_temple,C:\Users\ASUS\Documents\clipo model test one\new_dataset\Lankathilaka_temple\lankatilaka-vihara-ancient-buddhist-temple-situated-udunuwara-kandy-sri-lanka-lankatilaka-buddhist-temple-th-146107803.jpg,Lankathilaka Temple,Kandy,Central,Temple/Historical,An ancient Buddhist temple famous for its traditional Sinhalese architecture.
lankatilaka-vihara-ancient-buddhist-temple-situated-udunuwara-kandy-sri-lanka-udu-nuwara-january-th-century-139385819.jpg,Lankathilaka_temple,C:\Users\ASUS\Documents\clipo model test one\new_dataset\Lankathilaka_temple\lankatilaka-vihara-ancient-buddhist-temple-situated-udunuwara-kandy-sri-lanka-udu-nuwara-january-th-century-139385819.jpg,Lankathilaka Temple,Kandy,Central,Temple/Historical,An ancient Buddhist temple famous for its traditional Sinhalese architecture.
lankatilaka-vihara-is-an-ancient-buddhist-temple-situated-in-udunuwara-of-kandy-14th-century-2HAM5BB.jpg,Lankathilaka_temple,C:\Users\ASUS\Documents\clipo model test one\new_dataset\Lankathilaka_temple\lankatilaka-vihara-is-an-ancient-buddhist-temple-situated-in-udunuwara-of-kandy-14th-century-2HAM5BB.jpg,Lankathilaka Temple,Kandy,Central,Temple/Historical,An ancient Buddhist temple famous for its traditional Sinhalese architecture.
lankatilaka-vihara.jpg,Lankathilaka_temple,C:\Users\ASUS\Documents\clipo model test one\new_dataset\Lankathilaka_temple\lankatilaka-vihara.jpg,Lankathilaka Temple,Kandy,Central,Temple/Historical,An ancient Buddhist temple famous for its traditional Sinhalese architecture.
Lankatilaka_Raja_Maha_Viharaya_Photos_By_360viewlk-5-1.jpg,Lankathilaka_temple,C:\Users\ASUS\Documents\clipo model test one\new_dataset\Lankathilaka_temple\Lankatilaka_Raja_Maha_Viharaya_Photos_By_360viewlk-5-1.jpg,Lankathilaka Temple,Kandy,Central,Temple/Historical,An ancient Buddhist temple famous for its traditional Sinhalese architecture.
OIP (10).jpg,Lankathilaka_temple,C:\Users\ASUS\Documents\clipo model test one\new_dataset\Lankathilaka_temple\OIP (10).jpg,Lankathilaka Temple,Kandy,Central,Temple/Historical,An ancient Buddhist temple famous for its traditional Sinhalese architecture.
OIP (11).jpg,Lankathilaka_temple,C:\Users\ASUS\Documents\clipo model test one\new_dataset\Lankathilaka_temple\OIP (11).jpg,Lankathilaka Temple,Kandy,Central,Temple/Historical,An ancient Buddhist temple famous for its traditional Sinhalese architecture.
OIP (6).jpg,Lankathilaka_temple,C:\Users\ASUS\Documents\clipo model test one\new_dataset\Lankathilaka_temple\OIP (6).jpg,Lankathilaka Temple,Kandy,Central,Temple/Historical,An ancient Buddhist temple famous for its traditional Sinhalese architecture.
OIP (7).jpg,Lankathilaka_temple,C:\Users\ASUS\Documents\clipo model test one\new_dataset\Lankathilaka_temple\OIP (7).jpg,Lankathilaka Temple,Kandy,Central,Temple/Historical,An ancient Buddhist temple famous for its traditional Sinhalese architecture.
OIP (8).jpg,Lankathilaka_temple,C:\Users\ASUS\Documents\clipo model test one\new_dataset\Lankathilaka_temple\OIP (8).jpg,Lankathilaka Temple,Kandy,Central,Temple/Historical,An ancient Buddhist temple famous for its traditional Sinhalese architecture.
OIP (9).jpg,Lankathilaka_temple,C:\Users\ASUS\Documents\clipo model test one\new_dataset\Lankathilaka_temple\OIP (9).jpg,Lankathilaka Temple,Kandy,Central,Temple/Historical,An ancient Buddhist temple famous for its traditional Sinhalese architecture.
R (1).jpg,Lankathilaka_temple,C:\Users\ASUS\Documents\clipo model test one\new_dataset\Lankathilaka_temple\R (1).jpg,Lankathilaka Temple,Kandy,Central,Temple/Historical,An ancient Buddhist temple famous for its traditional Sinhalese architecture.
R.jpg,Lankathilaka_temple,C:\Users\ASUS\Documents\clipo model test one\new_dataset\Lankathilaka_temple\R.jpg,Lankathilaka Temple,Kandy,Central,Temple/Historical,An ancient Buddhist temple famous for its traditional Sinhalese architecture.
stock-photo-lankatilaka-temple-kandy-sri-lanka.jpg,Lankathilaka_temple,C:\Users\ASUS\Documents\clipo model test one\new_dataset\Lankathilaka_temple\stock-photo-lankatilaka-temple-kandy-sri-lanka.jpg,Lankathilaka Temple,Kandy,Central,Temple/Historical,An ancient Buddhist temple famous for its traditional Sinhalese architecture.
the-exterior-of-the-sri-lankathilaka-rajamaha-viharaya-lankatilaka-temple-at-udunuwara-near-kandy-in-sri-lanka-2W941X0.jpg,Lankathilaka_temple,C:\Users\ASUS\Documents\clipo model test one\new_dataset\Lankathilaka_temple\the-exterior-of-the-sri-lankathilaka-rajamaha-viharaya-lankatilaka-temple-at-udunuwara-near-kandy-in-sri-lanka-2W941X0.jpg,Lankathilaka Temple,Kandy,Central,Temple/Historical,An ancient Buddhist temple famous for its traditional Sinhalese architecture.
AJOS0373.jpg,Liptons_Seat,C:\Users\ASUS\Documents\clipo model test one\new_dataset\Liptons_Seat\AJOS0373.jpg,Lipton's Seat,Badulla,Uva,Viewpoint,A high observation point in the Haputale mountains with spectacular views.
COCY7729.jpg,Liptons_Seat,C:\Users\ASUS\Documents\clipo model test one\new_dataset\Liptons_Seat\COCY7729.jpg,Lipton's Seat,Badulla,Uva,Viewpoint,A high observation point in the Haputale mountains with spectacular views.
DBGX5326.jpg,Liptons_Seat,C:\Users\ASUS\Documents\clipo model test one\new_dataset\Liptons_Seat\DBGX5326.jpg,Lipton's Seat,Badulla,Uva,Viewpoint,A high observation point in the Haputale mountains with spectacular views.
DSC_0837.JPG,Liptons_Seat,C:\Users\ASUS\Documents\clipo model test one\new_dataset\Liptons_Seat\DSC_0837.JPG,Lipton's Seat,Badulla,Uva,Viewpoint,A high observation point in the Haputale mountains with spectacular views.
ELVZ6910.jpg,Liptons_Seat,C:\Users\ASUS\Documents\clipo model test one\new_dataset\Liptons_Seat\ELVZ6910.jpg,Lipton's Seat,Badulla,Uva,Viewpoint,A high observation point in the Haputale mountains with spectacular views.
FIUC5535.jpg,Liptons_Seat,C:\Users\ASUS\Documents\clipo model test one\new_dataset\Liptons_Seat\FIUC5535.jpg,Lipton's Seat,Badulla,Uva,Viewpoint,A high observation point in the Haputale mountains with spectacular views.
GEZU9050.JPG,Liptons_Seat,C:\Users\ASUS\Documents\clipo model test one\new_dataset\Liptons_Seat\GEZU9050.JPG,Lipton's Seat,Badulla,Uva,Viewpoint,A high observation point in the Haputale mountains with spectacular views.
IMG_0869.JPG,Liptons_Seat,C:\Users\ASUS\Documents\clipo model test one\new_dataset\Liptons_Seat\IMG_0869.JPG,Lipton's Seat,Badulla,Uva,Viewpoint,A high observation point in the Haputale mountains with spectacular views.
JBIN2713.jpg,Liptons_Seat,C:\Users\ASUS\Documents\clipo model test one\new_dataset\Liptons_Seat\JBIN2713.jpg,Lipton's Seat,Badulla,Uva,Viewpoint,A high observation point in the Haputale mountains with spectacular views.
JBWD0759.JPG,Liptons_Seat,C:\Users\ASUS\Documents\clipo model test one\new_dataset\Liptons_Seat\JBWD0759.JPG,Lipton's Seat,Badulla,Uva,Viewpoint,A high observation point in the Haputale mountains with spectacular views.
JDWS0943.jpg,Liptons_Seat,C:\Users\ASUS\Documents\clipo model test one\new_dataset\Liptons_Seat\JDWS0943.jpg,Lipton's Seat,Badulla,Uva,Viewpoint,A high observation point in the Haputale mountains with spectacular views.
JYDP2014.jpg,Liptons_Seat,C:\Users\ASUS\Documents\clipo model test one\new_dataset\Liptons_Seat\JYDP2014.jpg,Lipton's Seat,Badulla,Uva,Viewpoint,A high observation point in the Haputale mountains with spectacular views.
NDLR6014.JPG,Liptons_Seat,C:\Users\ASUS\Documents\clipo model test one\new_dataset\Liptons_Seat\NDLR6014.JPG,Lipton's Seat,Badulla,Uva,Viewpoint,A high observation point in the Haputale mountains with spectacular views.
OWSC7126.JPG,Liptons_Seat,C:\Users\ASUS\Documents\clipo model test one\new_dataset\Liptons_Seat\OWSC7126.JPG,Lipton's Seat,Badulla,Uva,Viewpoint,A high observation point in the Haputale mountains with spectacular views.
PJKF2649.JPG,Liptons_Seat,C:\Users\ASUS\Documents\clipo model test one\new_dataset\Liptons_Seat\PJKF2649.JPG,Lipton's Seat,Badulla,Uva,Viewpoint,A high observation point in the Haputale mountains with spectacular views.
QULW7940.jpg,Liptons_Seat,C:\Users\ASUS\Documents\clipo model test one\new_dataset\Liptons_Seat\QULW7940.jpg,Lipton's Seat,Badulla,Uva,Viewpoint,A high observation point in the Haputale mountains with spectacular views.
TCXS4232.jpg,Liptons_Seat,C:\Users\ASUS\Documents\clipo model test one\new_dataset\Liptons_Seat\TCXS4232.jpg,Lipton's Seat,Badulla,Uva,Viewpoint,A high observation point in the Haputale mountains with spectacular views.
TVZL3335.JPG,Liptons_Seat,C:\Users\ASUS\Documents\clipo model test one\new_dataset\Liptons_Seat\TVZL3335.JPG,Lipton's Seat,Badulla,Uva,Viewpoint,A high observation point in the Haputale mountains with spectacular views.
UIUI8728.jpg,Liptons_Seat,C:\Users\ASUS\Documents\clipo model test one\new_dataset\Liptons_Seat\UIUI8728.jpg,Lipton's Seat,Badulla,Uva,Viewpoint,A high observation point in the Haputale mountains with spectacular views.
UXIZ9019.jpg,Liptons_Seat,C:\Users\ASUS\Documents\clipo model test one\new_dataset\Liptons_Seat\UXIZ9019.jpg,Lipton's Seat,Badulla,Uva,Viewpoint,A high observation point in the Haputale mountains with spectacular views.
VFSC9769.JPG,Liptons_Seat,C:\Users\ASUS\Documents\clipo model test one\new_dataset\Liptons_Seat\VFSC9769.JPG,Lipton's Seat,Badulla,Uva,Viewpoint,A high observation point in the Haputale mountains with spectacular views.
VRCA8288.JPG,Liptons_Seat,C:\Users\ASUS\Documents\clipo model test one\new_dataset\Liptons_Seat\VRCA8288.JPG,Lipton's Seat,Badulla,Uva,Viewpoint,A high observation point in the Haputale mountains with spectacular views.
WDJW5285.jpg,Liptons_Seat,C:\Users\ASUS\Documents\clipo model test one\new_dataset\Liptons_Seat\WDJW5285.jpg,Lipton's Seat,Badulla,Uva,Viewpoint,A high observation point in the Haputale mountains with spectacular views.
XLZU4735.jpg,Liptons_Seat,C:\Users\ASUS\Documents\clipo model test one\new_dataset\Liptons_Seat\XLZU4735.jpg,Lipton's Seat,Badulla,Uva,Viewpoint,A high observation point in the Haputale mountains with spectacular views.
XXRQ1718.jpg,Liptons_Seat,C:\Users\ASUS\Documents\clipo model test one\new_dataset\Liptons_Seat\XXRQ1718.jpg,Lipton's Seat,Badulla,Uva,Viewpoint,A high observation point in the Haputale mountains with spectacular views.
IMG_0663.JPG,Little_Adams_Peak,C:\Users\ASUS\Documents\clipo model test one\new_dataset\Little_Adams_Peak\IMG_0663.JPG,Little Adam's Peak,Badulla,Uva,Mountain/Hiking,An accessible hiking peak in Ella with breathtaking views.
IMG_0664.JPG,Little_Adams_Peak,C:\Users\ASUS\Documents\clipo model test one\new_dataset\Little_Adams_Peak\IMG_0664.JPG,Little Adam's Peak,Badulla,Uva,Mountain/Hiking,An accessible hiking peak in Ella with breathtaking views.
IMG_0665.JPG,Little_Adams_Peak,C:\Users\ASUS\Documents\clipo model test one\new_dataset\Little_Adams_Peak\IMG_0665.JPG,Little Adam's Peak,Badulla,Uva,Mountain/Hiking,An accessible hiking peak in Ella with breathtaking views.
IMG_0666.jpg,Little_Adams_Peak,C:\Users\ASUS\Documents\clipo model test one\new_dataset\Little_Adams_Peak\IMG_0666.jpg,Little Adam's Peak,Badulla,Uva,Mountain/Hiking,An accessible hiking peak in Ella with breathtaking views.
IMG_0667.JPG,Little_Adams_Peak,C:\Users\ASUS\Documents\clipo model test one\new_dataset\Little_Adams_Peak\IMG_0667.JPG,Little Adam's Peak,Badulla,Uva,Mountain/Hiking,An accessible hiking peak in Ella with breathtaking views.
IMG_0668.JPG,Little_Adams_Peak,C:\Users\ASUS\Documents\clipo model test one\new_dataset\Little_Adams_Peak\IMG_0668.JPG,Little Adam's Peak,Badulla,Uva,Mountain/Hiking,An accessible hiking peak in Ella with breathtaking views.
IMG_0669.JPG,Little_Adams_Peak,C:\Users\ASUS\Documents\clipo model test one\new_dataset\Little_Adams_Peak\IMG_0669.JPG,Little Adam's Peak,Badulla,Uva,Mountain/Hiking,An accessible hiking peak in Ella with breathtaking views.
IMG_0670.JPG,Little_Adams_Peak,C:\Users\ASUS\Documents\clipo model test one\new_dataset\Little_Adams_Peak\IMG_0670.JPG,Little Adam's Peak,Badulla,Uva,Mountain/Hiking,An accessible hiking peak in Ella with breathtaking views.
IMG_0671.JPG,Little_Adams_Peak,C:\Users\ASUS\Documents\clipo model test one\new_dataset\Little_Adams_Peak\IMG_0671.JPG,Little Adam's Peak,Badulla,Uva,Mountain/Hiking,An accessible hiking peak in Ella with breathtaking views.
IMG_0672.JPG,Little_Adams_Peak,C:\Users\ASUS\Documents\clipo model test one\new_dataset\Little_Adams_Peak\IMG_0672.JPG,Little Adam's Peak,Badulla,Uva,Mountain/Hiking,An accessible hiking peak in Ella with breathtaking views.
IMG_0673.JPG,Little_Adams_Peak,C:\Users\ASUS\Documents\clipo model test one\new_dataset\Little_Adams_Peak\IMG_0673.JPG,Little Adam's Peak,Badulla,Uva,Mountain/Hiking,An accessible hiking peak in Ella with breathtaking views.
IMG_0674.JPG,Little_Adams_Peak,C:\Users\ASUS\Documents\clipo model test one\new_dataset\Little_Adams_Peak\IMG_0674.JPG,Little Adam's Peak,Badulla,Uva,Mountain/Hiking,An accessible hiking peak in Ella with breathtaking views.
IMG_0675.JPG,Little_Adams_Peak,C:\Users\ASUS\Documents\clipo model test one\new_dataset\Little_Adams_Peak\IMG_0675.JPG,Little Adam's Peak,Badulla,Uva,Mountain/Hiking,An accessible hiking peak in Ella with breathtaking views.
IMG_0676.JPG,Little_Adams_Peak,C:\Users\ASUS\Documents\clipo model test one\new_dataset\Little_Adams_Peak\IMG_0676.JPG,Little Adam's Peak,Badulla,Uva,Mountain/Hiking,An accessible hiking peak in Ella with breathtaking views.
IMG_0677.JPG,Little_Adams_Peak,C:\Users\ASUS\Documents\clipo model test one\new_dataset\Little_Adams_Peak\IMG_0677.JPG,Little Adam's Peak,Badulla,Uva,Mountain/Hiking,An accessible hiking peak in Ella with breathtaking views.
IMG_0678.JPG,Little_Adams_Peak,C:\Users\ASUS\Documents\clipo model test one\new_dataset\Little_Adams_Peak\IMG_0678.JPG,Little Adam's Peak,Badulla,Uva,Mountain/Hiking,An accessible hiking peak in Ella with breathtaking views.
IMG_0679.JPG,Little_Adams_Peak,C:\Users\ASUS\Documents\clipo model test one\new_dataset\Little_Adams_Peak\IMG_0679.JPG,Little Adam's Peak,Badulla,Uva,Mountain/Hiking,An accessible hiking peak in Ella with breathtaking views.
IMG_0680.JPG,Little_Adams_Peak,C:\Users\ASUS\Documents\clipo model test one\new_dataset\Little_Adams_Peak\IMG_0680.JPG,Little Adam's Peak,Badulla,Uva,Mountain/Hiking,An accessible hiking peak in Ella with breathtaking views.
IMG_0681.JPG,Little_Adams_Peak,C:\Users\ASUS\Documents\clipo model test one\new_dataset\Little_Adams_Peak\IMG_0681.JPG,Little Adam's Peak,Badulla,Uva,Mountain/Hiking,An accessible hiking peak in Ella with breathtaking views.
IMG_0682.JPG,Little_Adams_Peak,C:\Users\ASUS\Documents\clipo model test one\new_dataset\Little_Adams_Peak\IMG_0682.JPG,Little Adam's Peak,Badulla,Uva,Mountain/Hiking,An accessible hiking peak in Ella with breathtaking views.
IMG_0683.JPG,Little_Adams_Peak,C:\Users\ASUS\Documents\clipo model test one\new_dataset\Little_Adams_Peak\IMG_0683.JPG,Little Adam's Peak,Badulla,Uva,Mountain/Hiking,An accessible hiking peak in Ella with breathtaking views.
IMG_0684.JPG,Little_Adams_Peak,C:\Users\ASUS\Documents\clipo model test one\new_dataset\Little_Adams_Peak\IMG_0684.JPG,Little Adam's Peak,Badulla,Uva,Mountain/Hiking,An accessible hiking peak in Ella with breathtaking views.
IMG_0685.JPG,Little_Adams_Peak,C:\Users\ASUS\Documents\clipo model test one\new_dataset\Little_Adams_Peak\IMG_0685.JPG,Little Adam's Peak,Badulla,Uva,Mountain/Hiking,An accessible hiking peak in Ella with breathtaking views.
IMG_0686.JPG,Little_Adams_Peak,C:\Users\ASUS\Documents\clipo model test one\new_dataset\Little_Adams_Peak\IMG_0686.JPG,Little Adam's Peak,Badulla,Uva,Mountain/Hiking,An accessible hiking peak in Ella with breathtaking views.
IMG_0687.JPG,Little_Adams_Peak,C:\Users\ASUS\Documents\clipo model test one\new_dataset\Little_Adams_Peak\IMG_0687.JPG,Little Adam's Peak,Badulla,Uva,Mountain/Hiking,An accessible hiking peak in Ella with breathtaking views.
AWDF1002.jpg,Little_England_Nuwera_Eliya,C:\Users\ASUS\Documents\clipo model test one\new_dataset\Little_England_Nuwera_Eliya\AWDF1002.jpg,Nuwara Eliya (Little England),Nuwara Eliya,Central,City/Hill Station,A city in the tea country hills known for its temperate climate and colonial-era bungalows.
BMDF8046.jpg,Little_England_Nuwera_Eliya,C:\Users\ASUS\Documents\clipo model test one\new_dataset\Little_England_Nuwera_Eliya\BMDF8046.jpg,Nuwara Eliya (Little England),Nuwara Eliya,Central,City/Hill Station,A city in the tea country hills known for its temperate climate and colonial-era bungalows.
CVGY9700.jpg,Little_England_Nuwera_Eliya,C:\Users\ASUS\Documents\clipo model test one\new_dataset\Little_England_Nuwera_Eliya\CVGY9700.jpg,Nuwara Eliya (Little England),Nuwara Eliya,Central,City/Hill Station,A city in the tea country hills known for its temperate climate and colonial-era bungalows.
DRLY1994.jpg,Little_England_Nuwera_Eliya,C:\Users\ASUS\Documents\clipo model test one\new_dataset\Little_England_Nuwera_Eliya\DRLY1994.jpg,Nuwara Eliya (Little England),Nuwara Eliya,Central,City/Hill Station,A city in the tea country hills known for its temperate climate and colonial-era bungalows.
FGQJ1342.jpg,Little_England_Nuwera_Eliya,C:\Users\ASUS\Documents\clipo model test one\new_dataset\Little_England_Nuwera_Eliya\FGQJ1342.jpg,Nuwara Eliya (Little England),Nuwara Eliya,Central,City/Hill Station,A city in the tea country hills known for its temperate climate and colonial-era bungalows.
GQLH9589.jpg,Little_England_Nuwera_Eliya,C:\Users\ASUS\Documents\clipo model test one\new_dataset\Little_England_Nuwera_Eliya\GQLH9589.jpg,Nuwara Eliya (Little England),Nuwara Eliya,Central,City/Hill Station,A city in the tea country hills known for its temperate climate and colonial-era bungalows.
HVUI6501.jpg,Little_England_Nuwera_Eliya,C:\Users\ASUS\Documents\clipo model test one\new_dataset\Little_England_Nuwera_Eliya\HVUI6501.jpg,Nuwara Eliya (Little England),Nuwara Eliya,Central,City/Hill Station,A city in the tea country hills known for its temperate climate and colonial-era bungalows.
IXBV8405.jpg,Little_England_Nuwera_Eliya,C:\Users\ASUS\Documents\clipo model test one\new_dataset\Little_England_Nuwera_Eliya\IXBV8405.jpg,Nuwara Eliya (Little England),Nuwara Eliya,Central,City/Hill Station,A city in the tea country hills known for its temperate climate and colonial-era bungalows.
JADE2626.jpg,Little_England_Nuwera_Eliya,C:\Users\ASUS\Documents\clipo model test one\new_dataset\Little_England_Nuwera_Eliya\JADE2626.jpg,Nuwara Eliya (Little England),Nuwara Eliya,Central,City/Hill Station,A city in the tea country hills known for its temperate climate and colonial-era bungalows.
JATA2127.jpg,Little_England_Nuwera_Eliya,C:\Users\ASUS\Documents\clipo model test one\new_dataset\Little_England_Nuwera_Eliya\JATA2127.jpg,Nuwara Eliya (Little England),Nuwara Eliya,Central,City/Hill Station,A city in the tea country hills known for its temperate climate and colonial-era bungalows.
KEFC3713.jpg,Little_England_Nuwera_Eliya,C:\Users\ASUS\Documents\clipo model test one\new_dataset\Little_England_Nuwera_Eliya\KEFC3713.jpg,Nuwara Eliya (Little England),Nuwara Eliya,Central,City/Hill Station,A city in the tea country hills known for its temperate climate and colonial-era bungalows.
MSJV0883.jpg,Little_England_Nuwera_Eliya,C:\Users\ASUS\Documents\clipo model test one\new_dataset\Little_England_Nuwera_Eliya\MSJV0883.jpg,Nuwara Eliya (Little England),Nuwara Eliya,Central,City/Hill Station,A city in the tea country hills known for its temperate climate and colonial-era bungalows.
OHIS6503.jpg,Little_England_Nuwera_Eliya,C:\Users\ASUS\Documents\clipo model test one\new_dataset\Little_England_Nuwera_Eliya\OHIS6503.jpg,Nuwara Eliya (Little England),Nuwara Eliya,Central,City/Hill Station,A city in the tea country hills known for its temperate climate and colonial-era bungalows.
PCOI1311.jpg,Little_England_Nuwera_Eliya,C:\Users\ASUS\Documents\clipo model test one\new_dataset\Little_England_Nuwera_Eliya\PCOI1311.jpg,Nuwara Eliya (Little England),Nuwara Eliya,Central,City/Hill Station,A city in the tea country hills known for its temperate climate and colonial-era bungalows.
PFET2782.jpg,Little_England_Nuwera_Eliya,C:\Users\ASUS\Documents\clipo model test one\new_dataset\Little_England_Nuwera_Eliya\PFET2782.jpg,Nuwara Eliya (Little England),Nuwara Eliya,Central,City/Hill Station,A city in the tea country hills known for its temperate climate and colonial-era bungalows.
QIIM4939.jpg,Little_England_Nuwera_Eliya,C:\Users\ASUS\Documents\clipo model test one\new_dataset\Little_England_Nuwera_Eliya\QIIM4939.jpg,Nuwara Eliya (Little England),Nuwara Eliya,Central,City/Hill Station,A city in the tea country hills known for its temperate climate and colonial-era bungalows.
QMDK2499.jpg,Little_England_Nuwera_Eliya,C:\Users\ASUS\Documents\clipo model test one\new_dataset\Little_England_Nuwera_Eliya\QMDK2499.jpg,Nuwara Eliya (Little England),Nuwara Eliya,Central,City/Hill Station,A city in the tea country hills known for its temperate climate and colonial-era bungalows.
QWON4697.jpg,Little_England_Nuwera_Eliya,C:\Users\ASUS\Documents\clipo model test one\new_dataset\Little_England_Nuwera_Eliya\QWON4697.jpg,Nuwara Eliya (Little England),Nuwara Eliya,Central,City/Hill Station,A city in the tea country hills known for its temperate climate and colonial-era bungalows.
REFB7786.jpg,Little_England_Nuwera_Eliya,C:\Users\ASUS\Documents\clipo model test one\new_dataset\Little_England_Nuwera_Eliya\REFB7786.jpg,Nuwara Eliya (Little England),Nuwara Eliya,Central,City/Hill Station,A city in the tea country hills known for its temperate climate and colonial-era bungalows.
SUOZ8313.jpg,Little_England_Nuwera_Eliya,C:\Users\ASUS\Documents\clipo model test one\new_dataset\Little_England_Nuwera_Eliya\SUOZ8313.jpg,Nuwara Eliya (Little England),Nuwara Eliya,Central,City/Hill Station,A city in the tea country hills known for its temperate climate and colonial-era bungalows.
TFVW6061.jpg,Little_England_Nuwera_Eliya,C:\Users\ASUS\Documents\clipo model test one\new_dataset\Little_England_Nuwera_Eliya\TFVW6061.jpg,Nuwara Eliya (Little England),Nuwara Eliya,Central,City/Hill Station,A city in the tea country hills known for its temperate climate and colonial-era bungalows.
TTGJ4107.jpg,Little_England_Nuwera_Eliya,C:\Users\ASUS\Documents\clipo model test one\new_dataset\Little_England_Nuwera_Eliya\TTGJ4107.jpg,Nuwara Eliya (Little England),Nuwara Eliya,Central,City/Hill Station,A city in the tea country hills known for its temperate climate and colonial-era bungalows.
TXKU7112.jpg,Little_England_Nuwera_Eliya,C:\Users\ASUS\Documents\clipo model test one\new_dataset\Little_England_Nuwera_Eliya\TXKU7112.jpg,Nuwara Eliya (Little England),Nuwara Eliya,Central,City/Hill Station,A city in the tea country hills known for its temperate climate and colonial-era bungalows.
XCTR0001.jpg,Little_England_Nuwera_Eliya,C:\Users\ASUS\Documents\clipo model test one\new_dataset\Little_England_Nuwera_Eliya\XCTR0001.jpg,Nuwara Eliya (Little England),Nuwara Eliya,Central,City/Hill Station,A city in the tea country hills known for its temperate climate and colonial-era bungalows.
XTVG8220.jpg,Little_England_Nuwera_Eliya,C:\Users\ASUS\Documents\clipo model test one\new_dataset\Little_England_Nuwera_Eliya\XTVG8220.jpg,Nuwara Eliya (Little England),Nuwara Eliya,Central,City/Hill Station,A city in the tea country hills known for its temperate climate and colonial-era bungalows.
37604539476_fec0b4b9b7_o.jpg,Lotus_tower,C:\Users\ASUS\Documents\clipo model test one\new_dataset\Lotus_tower\37604539476_fec0b4b9b7_o.jpg,Lotus Tower,Colombo,Western,Landmark/Architecture,The tallest self-supported structure in South Asia offering panoramic views of Colombo.
Header_Lotus-Tower_Colombo_Sri-Lanka_Blog-1024x683.jpg,Lotus_tower,C:\Users\ASUS\Documents\clipo model test one\new_dataset\Lotus_tower\Header_Lotus-Tower_Colombo_Sri-Lanka_Blog-1024x683.jpg,Lotus Tower,Colombo,Western,Landmark/Architecture,The tallest self-supported structure in South Asia offering panoramic views of Colombo.
Lotus-Tower-Colombo-2.jpg,Lotus_tower,C:\Users\ASUS\Documents\clipo model test one\new_dataset\Lotus_tower\Lotus-Tower-Colombo-2.jpg,Lotus Tower,Colombo,Western,Landmark/Architecture,The tallest self-supported structure in South Asia offering panoramic views of Colombo.
Lotus_tower-1024x680.jpg,Lotus_tower,C:\Users\ASUS\Documents\clipo model test one\new_dataset\Lotus_tower\Lotus_tower-1024x680.jpg,Lotus Tower,Colombo,Western,Landmark/Architecture,The tallest self-supported structure in South Asia offering panoramic views of Colombo.
OIP (6).jpg,Lotus_tower,C:\Users\ASUS\Documents\clipo model test one\new_dataset\Lotus_tower\OIP (6).jpg,Lotus Tower,Colombo,Western,Landmark/Architecture,The tallest self-supported structure in South Asia offering panoramic views of Colombo.
OIP (7).jpg,Lotus_tower,C:\Users\ASUS\Documents\clipo model test one\new_dataset\Lotus_tower\OIP (7).jpg,Lotus Tower,Colombo,Western,Landmark/Architecture,The tallest self-supported structure in South Asia offering panoramic views of Colombo.
R.jpg,Lotus_tower,C:\Users\ASUS\Documents\clipo model test one\new_dataset\Lotus_tower\R.jpg,Lotus Tower,Colombo,Western,Landmark/Architecture,The tallest self-supported structure in South Asia offering panoramic views of Colombo.
sri-lanka-5061995-19201-1663326921.jpg,Lotus_tower,C:\Users\ASUS\Documents\clipo model test one\new_dataset\Lotus_tower\sri-lanka-5061995-19201-1663326921.jpg,Lotus Tower,Colombo,Western,Landmark/Architecture,The tallest self-supported structure in South Asia offering panoramic views of Colombo.
sri-lanka-colombo-lotus-tower-zzoc7fww0pkrvxos.jpg,Lotus_tower,C:\Users\ASUS\Documents\clipo model test one\new_dataset\Lotus_tower\sri-lanka-colombo-lotus-tower-zzoc7fww0pkrvxos.jpg,Lotus Tower,Colombo,Western,Landmark/Architecture,The tallest self-supported structure in South Asia offering panoramic views of Colombo.
WhatsApp Image 2026-02-19 at 8.56.31 PM (1).jpg,Lotus_tower,C:\Users\ASUS\Documents\clipo model test one\new_dataset\Lotus_tower\WhatsApp Image 2026-02-19 at 8.56.31 PM (1).jpg,Lotus Tower,Colombo,Western,Landmark/Architecture,The tallest self-supported structure in South Asia offering panoramic views of Colombo.
WhatsApp Image 2026-02-19 at 8.56.31 PM.jpg,Lotus_tower,C:\Users\ASUS\Documents\clipo model test one\new_dataset\Lotus_tower\WhatsApp Image 2026-02-19 at 8.56.31 PM.jpg,Lotus Tower,Colombo,Western,Landmark/Architecture,The tallest self-supported structure in South Asia offering panoramic views of Colombo.
WhatsApp Image 2026-02-19 at 8.56.32 PM (1).jpg,Lotus_tower,C:\Users\ASUS\Documents\clipo model test one\new_dataset\Lotus_tower\WhatsApp Image 2026-02-19 at 8.56.32 PM (1).jpg,Lotus Tower,Colombo,Western,Landmark/Architecture,The tallest self-supported structure in South Asia offering panoramic views of Colombo.
WhatsApp Image 2026-02-19 at 8.56.32 PM (2).jpg,Lotus_tower,C:\Users\ASUS\Documents\clipo model test one\new_dataset\Lotus_tower\WhatsApp Image 2026-02-19 at 8.56.32 PM (2).jpg,Lotus Tower,Colombo,Western,Landmark/Architecture,The tallest self-supported structure in South Asia offering panoramic views of Colombo.
WhatsApp Image 2026-02-19 at 8.56.32 PM (3).jpg,Lotus_tower,C:\Users\ASUS\Documents\clipo model test one\new_dataset\Lotus_tower\WhatsApp Image 2026-02-19 at 8.56.32 PM (3).jpg,Lotus Tower,Colombo,Western,Landmark/Architecture,The tallest self-supported structure in South Asia offering panoramic views of Colombo.
WhatsApp Image 2026-02-19 at 8.56.32 PM.jpg,Lotus_tower,C:\Users\ASUS\Documents\clipo model test one\new_dataset\Lotus_tower\WhatsApp Image 2026-02-19 at 8.56.32 PM.jpg,Lotus Tower,Colombo,Western,Landmark/Architecture,The tallest self-supported structure in South Asia offering panoramic views of Colombo.
WhatsApp Image 2026-02-19 at 8.56.33 PM (1).jpg,Lotus_tower,C:\Users\ASUS\Documents\clipo model test one\new_dataset\Lotus_tower\WhatsApp Image 2026-02-19 at 8.56.33 PM (1).jpg,Lotus Tower,Colombo,Western,Landmark/Architecture,The tallest self-supported structure in South Asia offering panoramic views of Colombo.
WhatsApp Image 2026-02-19 at 8.56.33 PM (2).jpg,Lotus_tower,C:\Users\ASUS\Documents\clipo model test one\new_dataset\Lotus_tower\WhatsApp Image 2026-02-19 at 8.56.33 PM (2).jpg,Lotus Tower,Colombo,Western,Landmark/Architecture,The tallest self-supported structure in South Asia offering panoramic views of Colombo.
WhatsApp Image 2026-02-19 at 8.56.33 PM.jpg,Lotus_tower,C:\Users\ASUS\Documents\clipo model test one\new_dataset\Lotus_tower\WhatsApp Image 2026-02-19 at 8.56.33 PM.jpg,Lotus Tower,Colombo,Western,Landmark/Architecture,The tallest self-supported structure in South Asia offering panoramic views of Colombo.
WhatsApp Image 2026-02-19 at 8.56.34 PM (1).jpg,Lotus_tower,C:\Users\ASUS\Documents\clipo model test one\new_dataset\Lotus_tower\WhatsApp Image 2026-02-19 at 8.56.34 PM (1).jpg,Lotus Tower,Colombo,Western,Landmark/Architecture,The tallest self-supported structure in South Asia offering panoramic views of Colombo.
WhatsApp Image 2026-02-19 at 8.56.34 PM.jpg,Lotus_tower,C:\Users\ASUS\Documents\clipo model test one\new_dataset\Lotus_tower\WhatsApp Image 2026-02-19 at 8.56.34 PM.jpg,Lotus Tower,Colombo,Western,Landmark/Architecture,The tallest self-supported structure in South Asia offering panoramic views of Colombo.
WhatsApp Image 2026-02-19 at 8.56.35 PM (1).jpg,Lotus_tower,C:\Users\ASUS\Documents\clipo model test one\new_dataset\Lotus_tower\WhatsApp Image 2026-02-19 at 8.56.35 PM (1).jpg,Lotus Tower,Colombo,Western,Landmark/Architecture,The tallest self-supported structure in South Asia offering panoramic views of Colombo.
WhatsApp Image 2026-02-19 at 8.56.35 PM (2).jpg,Lotus_tower,C:\Users\ASUS\Documents\clipo model test one\new_dataset\Lotus_tower\WhatsApp Image 2026-02-19 at 8.56.35 PM (2).jpg,Lotus Tower,Colombo,Western,Landmark/Architecture,The tallest self-supported structure in South Asia offering panoramic views of Colombo.
WhatsApp Image 2026-02-19 at 8.56.35 PM (3).jpg,Lotus_tower,C:\Users\ASUS\Documents\clipo model test one\new_dataset\Lotus_tower\WhatsApp Image 2026-02-19 at 8.56.35 PM (3).jpg,Lotus Tower,Colombo,Western,Landmark/Architecture,The tallest self-supported structure in South Asia offering panoramic views of Colombo.
WhatsApp Image 2026-02-19 at 8.56.35 PM (4).jpg,Lotus_tower,C:\Users\ASUS\Documents\clipo model test one\new_dataset\Lotus_tower\WhatsApp Image 2026-02-19 at 8.56.35 PM (4).jpg,Lotus Tower,Colombo,Western,Landmark/Architecture,The tallest self-supported structure in South Asia offering panoramic views of Colombo.
WhatsApp Image 2026-02-19 at 8.56.35 PM.jpg,Lotus_tower,C:\Users\ASUS\Documents\clipo model test one\new_dataset\Lotus_tower\WhatsApp Image 2026-02-19 at 8.56.35 PM.jpg,Lotus Tower,Colombo,Western,Landmark/Architecture,The tallest self-supported structure in South Asia offering panoramic views of Colombo.
WhatsApp Image 2026-02-19 at 8.56.36 PM (1).jpg,Lotus_tower,C:\Users\ASUS\Documents\clipo model test one\new_dataset\Lotus_tower\WhatsApp Image 2026-02-19 at 8.56.36 PM (1).jpg,Lotus Tower,Colombo,Western,Landmark/Architecture,The tallest self-supported structure in South Asia offering panoramic views of Colombo.
WhatsApp Image 2026-02-19 at 8.56.36 PM (2).jpg,Lotus_tower,C:\Users\ASUS\Documents\clipo model test one\new_dataset\Lotus_tower\WhatsApp Image 2026-02-19 at 8.56.36 PM (2).jpg,Lotus Tower,Colombo,Western,Landmark/Architecture,The tallest self-supported structure in South Asia offering panoramic views of Colombo.
WhatsApp Image 2026-02-19 at 8.56.36 PM (3).jpg,Lotus_tower,C:\Users\ASUS\Documents\clipo model test one\new_dataset\Lotus_tower\WhatsApp Image 2026-02-19 at 8.56.36 PM (3).jpg,Lotus Tower,Colombo,Western,Landmark/Architecture,The tallest self-supported structure in South Asia offering panoramic views of Colombo.
WhatsApp Image 2026-02-19 at 8.56.36 PM.jpg,Lotus_tower,C:\Users\ASUS\Documents\clipo model test one\new_dataset\Lotus_tower\WhatsApp Image 2026-02-19 at 8.56.36 PM.jpg,Lotus Tower,Colombo,Western,Landmark/Architecture,The tallest self-supported structure in South Asia offering panoramic views of Colombo.
WhatsApp Image 2026-02-19 at 8.56.37 PM.jpg,Lotus_tower,C:\Users\ASUS\Documents\clipo model test one\new_dataset\Lotus_tower\WhatsApp Image 2026-02-19 at 8.56.37 PM.jpg,Lotus Tower,Colombo,Western,Landmark/Architecture,The tallest self-supported structure in South Asia offering panoramic views of Colombo.
CLDZ6312.jpg,Mini_Worlds_End_Hulangala,C:\Users\ASUS\Documents\clipo model test one\new_dataset\Mini_Worlds_End_Hulangala\CLDZ6312.jpg,Mini World's End (Hulangala),Matale,Central,Viewpoint,A dramatic cliff-edge viewpoint with stunning valley views.
CYHG8340.jpg,Mini_Worlds_End_Hulangala,C:\Users\ASUS\Documents\clipo model test one\new_dataset\Mini_Worlds_End_Hulangala\CYHG8340.jpg,Mini World's End (Hulangala),Matale,Central,Viewpoint,A dramatic cliff-edge viewpoint with stunning valley views.
DXTP5893.jpg,Mini_Worlds_End_Hulangala,C:\Users\ASUS\Documents\clipo model test one\new_dataset\Mini_Worlds_End_Hulangala\DXTP5893.jpg,Mini World's End (Hulangala),Matale,Central,Viewpoint,A dramatic cliff-edge viewpoint with stunning valley views.
ELRA7465.jpg,Mini_Worlds_End_Hulangala,C:\Users\ASUS\Documents\clipo model test one\new_dataset\Mini_Worlds_End_Hulangala\ELRA7465.jpg,Mini World's End (Hulangala),Matale,Central,Viewpoint,A dramatic cliff-edge viewpoint with stunning valley views.
FEEA3465.jpg,Mini_Worlds_End_Hulangala,C:\Users\ASUS\Documents\clipo model test one\new_dataset\Mini_Worlds_End_Hulangala\FEEA3465.jpg,Mini World's End (Hulangala),Matale,Central,Viewpoint,A dramatic cliff-edge viewpoint with stunning valley views.
FQDV4337.jpg,Mini_Worlds_End_Hulangala,C:\Users\ASUS\Documents\clipo model test one\new_dataset\Mini_Worlds_End_Hulangala\FQDV4337.jpg,Mini World's End (Hulangala),Matale,Central,Viewpoint,A dramatic cliff-edge viewpoint with stunning valley views.
HMDJ8051.jpg,Mini_Worlds_End_Hulangala,C:\Users\ASUS\Documents\clipo model test one\new_dataset\Mini_Worlds_End_Hulangala\HMDJ8051.jpg,Mini World's End (Hulangala),Matale,Central,Viewpoint,A dramatic cliff-edge viewpoint with stunning valley views.
HNDW5743.jpg,Mini_Worlds_End_Hulangala,C:\Users\ASUS\Documents\clipo model test one\new_dataset\Mini_Worlds_End_Hulangala\HNDW5743.jpg,Mini World's End (Hulangala),Matale,Central,Viewpoint,A dramatic cliff-edge viewpoint with stunning valley views.
HVHO7893.jpg,Mini_Worlds_End_Hulangala,C:\Users\ASUS\Documents\clipo model test one\new_dataset\Mini_Worlds_End_Hulangala\HVHO7893.jpg,Mini World's End (Hulangala),Matale,Central,Viewpoint,A dramatic cliff-edge viewpoint with stunning valley views.
IMG_1041.JPG,Mini_Worlds_End_Hulangala,C:\Users\ASUS\Documents\clipo model test one\new_dataset\Mini_Worlds_End_Hulangala\IMG_1041.JPG,Mini World's End (Hulangala),Matale,Central,Viewpoint,A dramatic cliff-edge viewpoint with stunning valley views.
IUHV5598.jpg,Mini_Worlds_End_Hulangala,C:\Users\ASUS\Documents\clipo model test one\new_dataset\Mini_Worlds_End_Hulangala\IUHV5598.jpg,Mini World's End (Hulangala),Matale,Central,Viewpoint,A dramatic cliff-edge viewpoint with stunning valley views.
JUKL2922.jpg,Mini_Worlds_End_Hulangala,C:\Users\ASUS\Documents\clipo model test one\new_dataset\Mini_Worlds_End_Hulangala\JUKL2922.jpg,Mini World's End (Hulangala),Matale,Central,Viewpoint,A dramatic cliff-edge viewpoint with stunning valley views.
MJNT2672.jpg,Mini_Worlds_End_Hulangala,C:\Users\ASUS\Documents\clipo model test one\new_dataset\Mini_Worlds_End_Hulangala\MJNT2672.jpg,Mini World's End (Hulangala),Matale,Central,Viewpoint,A dramatic cliff-edge viewpoint with stunning valley views.
OXRU4192.jpg,Mini_Worlds_End_Hulangala,C:\Users\ASUS\Documents\clipo model test one\new_dataset\Mini_Worlds_End_Hulangala\OXRU4192.jpg,Mini World's End (Hulangala),Matale,Central,Viewpoint,A dramatic cliff-edge viewpoint with stunning valley views.
QDSM3622.jpg,Mini_Worlds_End_Hulangala,C:\Users\ASUS\Documents\clipo model test one\new_dataset\Mini_Worlds_End_Hulangala\QDSM3622.jpg,Mini World's End (Hulangala),Matale,Central,Viewpoint,A dramatic cliff-edge viewpoint with stunning valley views.
QGTD7642.jpg,Mini_Worlds_End_Hulangala,C:\Users\ASUS\Documents\clipo model test one\new_dataset\Mini_Worlds_End_Hulangala\QGTD7642.jpg,Mini World's End (Hulangala),Matale,Central,Viewpoint,A dramatic cliff-edge viewpoint with stunning valley views.
QYQE3613.jpg,Mini_Worlds_End_Hulangala,C:\Users\ASUS\Documents\clipo model test one\new_dataset\Mini_Worlds_End_Hulangala\QYQE3613.jpg,Mini World's End (Hulangala),Matale,Central,Viewpoint,A dramatic cliff-edge viewpoint with stunning valley views.
RHIE4112.jpg,Mini_Worlds_End_Hulangala,C:\Users\ASUS\Documents\clipo model test one\new_dataset\Mini_Worlds_End_Hulangala\RHIE4112.jpg,Mini World's End (Hulangala),Matale,Central,Viewpoint,A dramatic cliff-edge viewpoint with stunning valley views.
RVEU6078.jpg,Mini_Worlds_End_Hulangala,C:\Users\ASUS\Documents\clipo model test one\new_dataset\Mini_Worlds_End_Hulangala\RVEU6078.jpg,Mini World's End (Hulangala),Matale,Central,Viewpoint,A dramatic cliff-edge viewpoint with stunning valley views.
RWCA7978.jpg,Mini_Worlds_End_Hulangala,C:\Users\ASUS\Documents\clipo model test one\new_dataset\Mini_Worlds_End_Hulangala\RWCA7978.jpg,Mini World's End (Hulangala),Matale,Central,Viewpoint,A dramatic cliff-edge viewpoint with stunning valley views.
SVLS4098.jpg,Mini_Worlds_End_Hulangala,C:\Users\ASUS\Documents\clipo model test one\new_dataset\Mini_Worlds_End_Hulangala\SVLS4098.jpg,Mini World's End (Hulangala),Matale,Central,Viewpoint,A dramatic cliff-edge viewpoint with stunning valley views.
TKIX3268.jpg,Mini_Worlds_End_Hulangala,C:\Users\ASUS\Documents\clipo model test one\new_dataset\Mini_Worlds_End_Hulangala\TKIX3268.jpg,Mini World's End (Hulangala),Matale,Central,Viewpoint,A dramatic cliff-edge viewpoint with stunning valley views.
UCKO0021.jpg,Mini_Worlds_End_Hulangala,C:\Users\ASUS\Documents\clipo model test one\new_dataset\Mini_Worlds_End_Hulangala\UCKO0021.jpg,Mini World's End (Hulangala),Matale,Central,Viewpoint,A dramatic cliff-edge viewpoint with stunning valley views.
VNBM2568.jpg,Mini_Worlds_End_Hulangala,C:\Users\ASUS\Documents\clipo model test one\new_dataset\Mini_Worlds_End_Hulangala\VNBM2568.jpg,Mini World's End (Hulangala),Matale,Central,Viewpoint,A dramatic cliff-edge viewpoint with stunning valley views.
WICS0681.jpg,Mini_Worlds_End_Hulangala,C:\Users\ASUS\Documents\clipo model test one\new_dataset\Mini_Worlds_End_Hulangala\WICS0681.jpg,Mini World's End (Hulangala),Matale,Central,Viewpoint,A dramatic cliff-edge viewpoint with stunning valley views.
CPKJ9541.jpg,Narangala_Mountain,C:\Users\ASUS\Documents\clipo model test one\new_dataset\Narangala_Mountain\CPKJ9541.jpg,Narangala Mountain,Badulla,Uva,Mountain/Hiking,"The second highest mountain in the Uva province, popular among hikers and campers."
DLEV6516.jpg,Narangala_Mountain,C:\Users\ASUS\Documents\clipo model test one\new_dataset\Narangala_Mountain\DLEV6516.jpg,Narangala Mountain,Badulla,Uva,Mountain/Hiking,"The second highest mountain in the Uva province, popular among hikers and campers."
EOGQ5931.jpg,Narangala_Mountain,C:\Users\ASUS\Documents\clipo model test one\new_dataset\Narangala_Mountain\EOGQ5931.jpg,Narangala Mountain,Badulla,Uva,Mountain/Hiking,"The second highest mountain in the Uva province, popular among hikers and campers."
FEUV0553.jpg,Narangala_Mountain,C:\Users\ASUS\Documents\clipo model test one\new_dataset\Narangala_Mountain\FEUV0553.jpg,Narangala Mountain,Badulla,Uva,Mountain/Hiking,"The second highest mountain in the Uva province, popular among hikers and campers."
IGAG2144.jpg,Narangala_Mountain,C:\Users\ASUS\Documents\clipo model test one\new_dataset\Narangala_Mountain\IGAG2144.jpg,Narangala Mountain,Badulla,Uva,Mountain/Hiking,"The second highest mountain in the Uva province, popular among hikers and campers."
IIVL0741.jpg,Narangala_Mountain,C:\Users\ASUS\Documents\clipo model test one\new_dataset\Narangala_Mountain\IIVL0741.jpg,Narangala Mountain,Badulla,Uva,Mountain/Hiking,"The second highest mountain in the Uva province, popular among hikers and campers."
IXFI4214.jpg,Narangala_Mountain,C:\Users\ASUS\Documents\clipo model test one\new_dataset\Narangala_Mountain\IXFI4214.jpg,Narangala Mountain,Badulla,Uva,Mountain/Hiking,"The second highest mountain in the Uva province, popular among hikers and campers."
IXLC5046.jpg,Narangala_Mountain,C:\Users\ASUS\Documents\clipo model test one\new_dataset\Narangala_Mountain\IXLC5046.jpg,Narangala Mountain,Badulla,Uva,Mountain/Hiking,"The second highest mountain in the Uva province, popular among hikers and campers."
JRJZ0886.jpg,Narangala_Mountain,C:\Users\ASUS\Documents\clipo model test one\new_dataset\Narangala_Mountain\JRJZ0886.jpg,Narangala Mountain,Badulla,Uva,Mountain/Hiking,"The second highest mountain in the Uva province, popular among hikers and campers."
LEFA0523.jpg,Narangala_Mountain,C:\Users\ASUS\Documents\clipo model test one\new_dataset\Narangala_Mountain\LEFA0523.jpg,Narangala Mountain,Badulla,Uva,Mountain/Hiking,"The second highest mountain in the Uva province, popular among hikers and campers."
LIHW7821.jpg,Narangala_Mountain,C:\Users\ASUS\Documents\clipo model test one\new_dataset\Narangala_Mountain\LIHW7821.jpg,Narangala Mountain,Badulla,Uva,Mountain/Hiking,"The second highest mountain in the Uva province, popular among hikers and campers."
LTYC8576.jpg,Narangala_Mountain,C:\Users\ASUS\Documents\clipo model test one\new_dataset\Narangala_Mountain\LTYC8576.jpg,Narangala Mountain,Badulla,Uva,Mountain/Hiking,"The second highest mountain in the Uva province, popular among hikers and campers."
MLDU8563.jpg,Narangala_Mountain,C:\Users\ASUS\Documents\clipo model test one\new_dataset\Narangala_Mountain\MLDU8563.jpg,Narangala Mountain,Badulla,Uva,Mountain/Hiking,"The second highest mountain in the Uva province, popular among hikers and campers."
PLTW2114.jpg,Narangala_Mountain,C:\Users\ASUS\Documents\clipo model test one\new_dataset\Narangala_Mountain\PLTW2114.jpg,Narangala Mountain,Badulla,Uva,Mountain/Hiking,"The second highest mountain in the Uva province, popular among hikers and campers."
PZDD1193.jpg,Narangala_Mountain,C:\Users\ASUS\Documents\clipo model test one\new_dataset\Narangala_Mountain\PZDD1193.jpg,Narangala Mountain,Badulla,Uva,Mountain/Hiking,"The second highest mountain in the Uva province, popular among hikers and campers."
QVPX6038.jpg,Narangala_Mountain,C:\Users\ASUS\Documents\clipo model test one\new_dataset\Narangala_Mountain\QVPX6038.jpg,Narangala Mountain,Badulla,Uva,Mountain/Hiking,"The second highest mountain in the Uva province, popular among hikers and campers."
RJGR9555.jpg,Narangala_Mountain,C:\Users\ASUS\Documents\clipo model test one\new_dataset\Narangala_Mountain\RJGR9555.jpg,Narangala Mountain,Badulla,Uva,Mountain/Hiking,"The second highest mountain in the Uva province, popular among hikers and campers."
RYCQ2369.jpg,Narangala_Mountain,C:\Users\ASUS\Documents\clipo model test one\new_dataset\Narangala_Mountain\RYCQ2369.jpg,Narangala Mountain,Badulla,Uva,Mountain/Hiking,"The second highest mountain in the Uva province, popular among hikers and campers."
TPYB3329.jpg,Narangala_Mountain,C:\Users\ASUS\Documents\clipo model test one\new_dataset\Narangala_Mountain\TPYB3329.jpg,Narangala Mountain,Badulla,Uva,Mountain/Hiking,"The second highest mountain in the Uva province, popular among hikers and campers."
UEBB4354.jpg,Narangala_Mountain,C:\Users\ASUS\Documents\clipo model test one\new_dataset\Narangala_Mountain\UEBB4354.jpg,Narangala Mountain,Badulla,Uva,Mountain/Hiking,"The second highest mountain in the Uva province, popular among hikers and campers."
UTBJ7436.jpg,Narangala_Mountain,C:\Users\ASUS\Documents\clipo model test one\new_dataset\Narangala_Mountain\UTBJ7436.jpg,Narangala Mountain,Badulla,Uva,Mountain/Hiking,"The second highest mountain in the Uva province, popular among hikers and campers."
VVIF8650.jpg,Narangala_Mountain,C:\Users\ASUS\Documents\clipo model test one\new_dataset\Narangala_Mountain\VVIF8650.jpg,Narangala Mountain,Badulla,Uva,Mountain/Hiking,"The second highest mountain in the Uva province, popular among hikers and campers."
WHXM3192.jpg,Narangala_Mountain,C:\Users\ASUS\Documents\clipo model test one\new_dataset\Narangala_Mountain\WHXM3192.jpg,Narangala Mountain,Badulla,Uva,Mountain/Hiking,"The second highest mountain in the Uva province, popular among hikers and campers."
WMBD3329.jpg,Narangala_Mountain,C:\Users\ASUS\Documents\clipo model test one\new_dataset\Narangala_Mountain\WMBD3329.jpg,Narangala Mountain,Badulla,Uva,Mountain/Hiking,"The second highest mountain in the Uva province, popular among hikers and campers."
XHHG5089.jpg,Narangala_Mountain,C:\Users\ASUS\Documents\clipo model test one\new_dataset\Narangala_Mountain\XHHG5089.jpg,Narangala Mountain,Badulla,Uva,Mountain/Hiking,"The second highest mountain in the Uva province, popular among hikers and campers."
AZUA8406.jpg,Nine_Arch_Bridge,C:\Users\ASUS\Documents\clipo model test one\new_dataset\Nine_Arch_Bridge\AZUA8406.jpg,Nine Arch Bridge,Badulla,Uva,Landmark/Architecture,"A world-famous colonial-era railway bridge in Demodara, near Ella."
DHSZ6779.jpg,Nine_Arch_Bridge,C:\Users\ASUS\Documents\clipo model test one\new_dataset\Nine_Arch_Bridge\DHSZ6779.jpg,Nine Arch Bridge,Badulla,Uva,Landmark/Architecture,"A world-famous colonial-era railway bridge in Demodara, near Ella."
DQPB0695.jpg,Nine_Arch_Bridge,C:\Users\ASUS\Documents\clipo model test one\new_dataset\Nine_Arch_Bridge\DQPB0695.jpg,Nine Arch Bridge,Badulla,Uva,Landmark/Architecture,"A world-famous colonial-era railway bridge in Demodara, near Ella."
FKNF0565.jpg,Nine_Arch_Bridge,C:\Users\ASUS\Documents\clipo model test one\new_dataset\Nine_Arch_Bridge\FKNF0565.jpg,Nine Arch Bridge,Badulla,Uva,Landmark/Architecture,"A world-famous colonial-era railway bridge in Demodara, near Ella."
GZDQ2087.jpg,Nine_Arch_Bridge,C:\Users\ASUS\Documents\clipo model test one\new_dataset\Nine_Arch_Bridge\GZDQ2087.jpg,Nine Arch Bridge,Badulla,Uva,Landmark/Architecture,"A world-famous colonial-era railway bridge in Demodara, near Ella."
IMG_0688.JPG,Nine_Arch_Bridge,C:\Users\ASUS\Documents\clipo model test one\new_dataset\Nine_Arch_Bridge\IMG_0688.JPG,Nine Arch Bridge,Badulla,Uva,Landmark/Architecture,"A world-famous colonial-era railway bridge in Demodara, near Ella."
IMG_0689.JPG,Nine_Arch_Bridge,C:\Users\ASUS\Documents\clipo model test one\new_dataset\Nine_Arch_Bridge\IMG_0689.JPG,Nine Arch Bridge,Badulla,Uva,Landmark/Architecture,"A world-famous colonial-era railway bridge in Demodara, near Ella."
IMG_0690.JPG,Nine_Arch_Bridge,C:\Users\ASUS\Documents\clipo model test one\new_dataset\Nine_Arch_Bridge\IMG_0690.JPG,Nine Arch Bridge,Badulla,Uva,Landmark/Architecture,"A world-famous colonial-era railway bridge in Demodara, near Ella."
IMG_0691.jpg,Nine_Arch_Bridge,C:\Users\ASUS\Documents\clipo model test one\new_dataset\Nine_Arch_Bridge\IMG_0691.jpg,Nine Arch Bridge,Badulla,Uva,Landmark/Architecture,"A world-famous colonial-era railway bridge in Demodara, near Ella."
IMG_0692.jpg,Nine_Arch_Bridge,C:\Users\ASUS\Documents\clipo model test one\new_dataset\Nine_Arch_Bridge\IMG_0692.jpg,Nine Arch Bridge,Badulla,Uva,Landmark/Architecture,"A world-famous colonial-era railway bridge in Demodara, near Ella."
IMG_0697.JPG,Nine_Arch_Bridge,C:\Users\ASUS\Documents\clipo model test one\new_dataset\Nine_Arch_Bridge\IMG_0697.JPG,Nine Arch Bridge,Badulla,Uva,Landmark/Architecture,"A world-famous colonial-era railway bridge in Demodara, near Ella."
INIP8369.jpg,Nine_Arch_Bridge,C:\Users\ASUS\Documents\clipo model test one\new_dataset\Nine_Arch_Bridge\INIP8369.jpg,Nine Arch Bridge,Badulla,Uva,Landmark/Architecture,"A world-famous colonial-era railway bridge in Demodara, near Ella."
KSVS9588.jpg,Nine_Arch_Bridge,C:\Users\ASUS\Documents\clipo model test one\new_dataset\Nine_Arch_Bridge\KSVS9588.jpg,Nine Arch Bridge,Badulla,Uva,Landmark/Architecture,"A world-famous colonial-era railway bridge in Demodara, near Ella."
KTEX1978.jpg,Nine_Arch_Bridge,C:\Users\ASUS\Documents\clipo model test one\new_dataset\Nine_Arch_Bridge\KTEX1978.jpg,Nine Arch Bridge,Badulla,Uva,Landmark/Architecture,"A world-famous colonial-era railway bridge in Demodara, near Ella."
LEZM1216.jpg,Nine_Arch_Bridge,C:\Users\ASUS\Documents\clipo model test one\new_dataset\Nine_Arch_Bridge\LEZM1216.jpg,Nine Arch Bridge,Badulla,Uva,Landmark/Architecture,"A world-famous colonial-era railway bridge in Demodara, near Ella."
LFYF5000.jpg,Nine_Arch_Bridge,C:\Users\ASUS\Documents\clipo model test one\new_dataset\Nine_Arch_Bridge\LFYF5000.jpg,Nine Arch Bridge,Badulla,Uva,Landmark/Architecture,"A world-famous colonial-era railway bridge in Demodara, near Ella."
MSHT4609.jpg,Nine_Arch_Bridge,C:\Users\ASUS\Documents\clipo model test one\new_dataset\Nine_Arch_Bridge\MSHT4609.jpg,Nine Arch Bridge,Badulla,Uva,Landmark/Architecture,"A world-famous colonial-era railway bridge in Demodara, near Ella."
NBUP9707.jpg,Nine_Arch_Bridge,C:\Users\ASUS\Documents\clipo model test one\new_dataset\Nine_Arch_Bridge\NBUP9707.jpg,Nine Arch Bridge,Badulla,Uva,Landmark/Architecture,"A world-famous colonial-era railway bridge in Demodara, near Ella."
NVOH3815.jpg,Nine_Arch_Bridge,C:\Users\ASUS\Documents\clipo model test one\new_dataset\Nine_Arch_Bridge\NVOH3815.jpg,Nine Arch Bridge,Badulla,Uva,Landmark/Architecture,"A world-famous colonial-era railway bridge in Demodara, near Ella."
PQYV4644.JPG,Nine_Arch_Bridge,C:\Users\ASUS\Documents\clipo model test one\new_dataset\Nine_Arch_Bridge\PQYV4644.JPG,Nine Arch Bridge,Badulla,Uva,Landmark/Architecture,"A world-famous colonial-era railway bridge in Demodara, near Ella."
QIID2717.JPG,Nine_Arch_Bridge,C:\Users\ASUS\Documents\clipo model test one\new_dataset\Nine_Arch_Bridge\QIID2717.JPG,Nine Arch Bridge,Badulla,Uva,Landmark/Architecture,"A world-famous colonial-era railway bridge in Demodara, near Ella."
RAWZ6408.jpg,Nine_Arch_Bridge,C:\Users\ASUS\Documents\clipo model test one\new_dataset\Nine_Arch_Bridge\RAWZ6408.jpg,Nine Arch Bridge,Badulla,Uva,Landmark/Architecture,"A world-famous colonial-era railway bridge in Demodara, near Ella."
WGNQ9967.jpg,Nine_Arch_Bridge,C:\Users\ASUS\Documents\clipo model test one\new_dataset\Nine_Arch_Bridge\WGNQ9967.jpg,Nine Arch Bridge,Badulla,Uva,Landmark/Architecture,"A world-famous colonial-era railway bridge in Demodara, near Ella."
WNLF7581.jpg,Nine_Arch_Bridge,C:\Users\ASUS\Documents\clipo model test one\new_dataset\Nine_Arch_Bridge\WNLF7581.jpg,Nine Arch Bridge,Badulla,Uva,Landmark/Architecture,"A world-famous colonial-era railway bridge in Demodara, near Ella."
YKKK5179.JPG,Nine_Arch_Bridge,C:\Users\ASUS\Documents\clipo model test one\new_dataset\Nine_Arch_Bridge\YKKK5179.JPG,Nine Arch Bridge,Badulla,Uva,Landmark/Architecture,"A world-famous colonial-era railway bridge in Demodara, near Ella."
BERN8072.jpg,Pekoe_Trail_Sri Lanka,C:\Users\ASUS\Documents\clipo model test one\new_dataset\Pekoe_Trail_Sri Lanka\BERN8072.jpg,The Pekoe Trail,Central/Uva,Central/Uva,Hiking Trail,A 300km long-distance walking trail through Sri Lanka's tea country.
DBSY2489.jpg,Pekoe_Trail_Sri Lanka,C:\Users\ASUS\Documents\clipo model test one\new_dataset\Pekoe_Trail_Sri Lanka\DBSY2489.jpg,The Pekoe Trail,Central/Uva,Central/Uva,Hiking Trail,A 300km long-distance walking trail through Sri Lanka's tea country.
DHVR0122.jpg,Pekoe_Trail_Sri Lanka,C:\Users\ASUS\Documents\clipo model test one\new_dataset\Pekoe_Trail_Sri Lanka\DHVR0122.jpg,The Pekoe Trail,Central/Uva,Central/Uva,Hiking Trail,A 300km long-distance walking trail through Sri Lanka's tea country.
DOEL2597.JPG,Pekoe_Trail_Sri Lanka,C:\Users\ASUS\Documents\clipo model test one\new_dataset\Pekoe_Trail_Sri Lanka\DOEL2597.JPG,The Pekoe Trail,Central/Uva,Central/Uva,Hiking Trail,A 300km long-distance walking trail through Sri Lanka's tea country.
ECJM0238.jpg,Pekoe_Trail_Sri Lanka,C:\Users\ASUS\Documents\clipo model test one\new_dataset\Pekoe_Trail_Sri Lanka\ECJM0238.jpg,The Pekoe Trail,Central/Uva,Central/Uva,Hiking Trail,A 300km long-distance walking trail through Sri Lanka's tea country.
FEBW0814.JPG,Pekoe_Trail_Sri Lanka,C:\Users\ASUS\Documents\clipo model test one\new_dataset\Pekoe_Trail_Sri Lanka\FEBW0814.JPG,The Pekoe Trail,Central/Uva,Central/Uva,Hiking Trail,A 300km long-distance walking trail through Sri Lanka's tea country.
HDAW3126.jpg,Pekoe_Trail_Sri Lanka,C:\Users\ASUS\Documents\clipo model test one\new_dataset\Pekoe_Trail_Sri Lanka\HDAW3126.jpg,The Pekoe Trail,Central/Uva,Central/Uva,Hiking Trail,A 300km long-distance walking trail through Sri Lanka's tea country.
HDTN8972.jpg,Pekoe_Trail_Sri Lanka,C:\Users\ASUS\Documents\clipo model test one\new_dataset\Pekoe_Trail_Sri Lanka\HDTN8972.jpg,The Pekoe Trail,Central/Uva,Central/Uva,Hiking Trail,A 300km long-distance walking trail through Sri Lanka's tea country.
IMG_0793.JPG,Pekoe_Trail_Sri Lanka,C:\Users\ASUS\Documents\clipo model test one\new_dataset\Pekoe_Trail_Sri Lanka\IMG_0793.JPG,The Pekoe Trail,Central/Uva,Central/Uva,Hiking Trail,A 300km long-distance walking trail through Sri Lanka's tea country.
IMG_0794.JPG,Pekoe_Trail_Sri Lanka,C:\Users\ASUS\Documents\clipo model test one\new_dataset\Pekoe_Trail_Sri Lanka\IMG_0794.JPG,The Pekoe Trail,Central/Uva,Central/Uva,Hiking Trail,A 300km long-distance walking trail through Sri Lanka's tea country.
IMG_0799.JPG,Pekoe_Trail_Sri Lanka,C:\Users\ASUS\Documents\clipo model test one\new_dataset\Pekoe_Trail_Sri Lanka\IMG_0799.JPG,The Pekoe Trail,Central/Uva,Central/Uva,Hiking Trail,A 300km long-distance walking trail through Sri Lanka's tea country.
IMG_0816.JPG,Pekoe_Trail_Sri Lanka,C:\Users\ASUS\Documents\clipo model test one\new_dataset\Pekoe_Trail_Sri Lanka\IMG_0816.JPG,The Pekoe Trail,Central/Uva,Central/Uva,Hiking Trail,A 300km long-distance walking trail through Sri Lanka's tea country.
JGII4747.jpg,Pekoe_Trail_Sri Lanka,C:\Users\ASUS\Documents\clipo model test one\new_dataset\Pekoe_Trail_Sri Lanka\JGII4747.jpg,The Pekoe Trail,Central/Uva,Central/Uva,Hiking Trail,A 300km long-distance walking trail through Sri Lanka's tea country.
MZMW7070.JPG,Pekoe_Trail_Sri Lanka,C:\Users\ASUS\Documents\clipo model test one\new_dataset\Pekoe_Trail_Sri Lanka\MZMW7070.JPG,The Pekoe Trail,Central/Uva,Central/Uva,Hiking Trail,A 300km long-distance walking trail through Sri Lanka's tea country.
NULL6866.jpg,Pekoe_Trail_Sri Lanka,C:\Users\ASUS\Documents\clipo model test one\new_dataset\Pekoe_Trail_Sri Lanka\NULL6866.jpg,The Pekoe Trail,Central/Uva,Central/Uva,Hiking Trail,A 300km long-distance walking trail through Sri Lanka's tea country.
ODZW2733.jpg,Pekoe_Trail_Sri Lanka,C:\Users\ASUS\Documents\clipo model test one\new_dataset\Pekoe_Trail_Sri Lanka\ODZW2733.jpg,The Pekoe Trail,Central/Uva,Central/Uva,Hiking Trail,A 300km long-distance walking trail through Sri Lanka's tea country.
OLDR5308.jpg,Pekoe_Trail_Sri Lanka,C:\Users\ASUS\Documents\clipo model test one\new_dataset\Pekoe_Trail_Sri Lanka\OLDR5308.jpg,The Pekoe Trail,Central/Uva,Central/Uva,Hiking Trail,A 300km long-distance walking trail through Sri Lanka's tea country.
PNEJ6809.jpg,Pekoe_Trail_Sri Lanka,C:\Users\ASUS\Documents\clipo model test one\new_dataset\Pekoe_Trail_Sri Lanka\PNEJ6809.jpg,The Pekoe Trail,Central/Uva,Central/Uva,Hiking Trail,A 300km long-distance walking trail through Sri Lanka's tea country.
TSMU5786.jpg,Pekoe_Trail_Sri Lanka,C:\Users\ASUS\Documents\clipo model test one\new_dataset\Pekoe_Trail_Sri Lanka\TSMU5786.jpg,The Pekoe Trail,Central/Uva,Central/Uva,Hiking Trail,A 300km long-distance walking trail through Sri Lanka's tea country.
WDDJ9584.jpg,Pekoe_Trail_Sri Lanka,C:\Users\ASUS\Documents\clipo model test one\new_dataset\Pekoe_Trail_Sri Lanka\WDDJ9584.jpg,The Pekoe Trail,Central/Uva,Central/Uva,Hiking Trail,A 300km long-distance walking trail through Sri Lanka's tea country.
WEQA6037.jpg,Pekoe_Trail_Sri Lanka,C:\Users\ASUS\Documents\clipo model test one\new_dataset\Pekoe_Trail_Sri Lanka\WEQA6037.jpg,The Pekoe Trail,Central/Uva,Central/Uva,Hiking Trail,A 300km long-distance walking trail through Sri Lanka's tea country.
WXXS3323.jpg,Pekoe_Trail_Sri Lanka,C:\Users\ASUS\Documents\clipo model test one\new_dataset\Pekoe_Trail_Sri Lanka\WXXS3323.jpg,The Pekoe Trail,Central/Uva,Central/Uva,Hiking Trail,A 300km long-distance walking trail through Sri Lanka's tea country.
XUIG9155.jpg,Pekoe_Trail_Sri Lanka,C:\Users\ASUS\Documents\clipo model test one\new_dataset\Pekoe_Trail_Sri Lanka\XUIG9155.jpg,The Pekoe Trail,Central/Uva,Central/Uva,Hiking Trail,A 300km long-distance walking trail through Sri Lanka's tea country.
YGUV0533.JPG,Pekoe_Trail_Sri Lanka,C:\Users\ASUS\Documents\clipo model test one\new_dataset\Pekoe_Trail_Sri Lanka\YGUV0533.JPG,The Pekoe Trail,Central/Uva,Central/Uva,Hiking Trail,A 300km long-distance walking trail through Sri Lanka's tea country.
ARHI4602.jpg,Pidurutalagala,C:\Users\ASUS\Documents\clipo model test one\new_dataset\Pidurutalagala\ARHI4602.jpg,Pidurutalagala (Mount Pedro),Nuwara Eliya,Central,Mountain,The highest mountain in Sri Lanka.
CAEO2240.jpg,Pidurutalagala,C:\Users\ASUS\Documents\clipo model test one\new_dataset\Pidurutalagala\CAEO2240.jpg,Pidurutalagala (Mount Pedro),Nuwara Eliya,Central,Mountain,The highest mountain in Sri Lanka.
DHUB9018.jpg,Pidurutalagala,C:\Users\ASUS\Documents\clipo model test one\new_dataset\Pidurutalagala\DHUB9018.jpg,Pidurutalagala (Mount Pedro),Nuwara Eliya,Central,Mountain,The highest mountain in Sri Lanka.
EUMK1198.jpg,Pidurutalagala,C:\Users\ASUS\Documents\clipo model test one\new_dataset\Pidurutalagala\EUMK1198.jpg,Pidurutalagala (Mount Pedro),Nuwara Eliya,Central,Mountain,The highest mountain in Sri Lanka.
GVWR5419.jpg,Pidurutalagala,C:\Users\ASUS\Documents\clipo model test one\new_dataset\Pidurutalagala\GVWR5419.jpg,Pidurutalagala (Mount Pedro),Nuwara Eliya,Central,Mountain,The highest mountain in Sri Lanka.
IMG_1179.JPG,Pidurutalagala,C:\Users\ASUS\Documents\clipo model test one\new_dataset\Pidurutalagala\IMG_1179.JPG,Pidurutalagala (Mount Pedro),Nuwara Eliya,Central,Mountain,The highest mountain in Sri Lanka.
IMG_1191.JPG,Pidurutalagala,C:\Users\ASUS\Documents\clipo model test one\new_dataset\Pidurutalagala\IMG_1191.JPG,Pidurutalagala (Mount Pedro),Nuwara Eliya,Central,Mountain,The highest mountain in Sri Lanka.
JVAU9114.JPG,Pidurutalagala,C:\Users\ASUS\Documents\clipo model test one\new_dataset\Pidurutalagala\JVAU9114.JPG,Pidurutalagala (Mount Pedro),Nuwara Eliya,Central,Mountain,The highest mountain in Sri Lanka.
KLCL4897.jpg,Pidurutalagala,C:\Users\ASUS\Documents\clipo model test one\new_dataset\Pidurutalagala\KLCL4897.jpg,Pidurutalagala (Mount Pedro),Nuwara Eliya,Central,Mountain,The highest mountain in Sri Lanka.
LOXZ9712.jpg,Pidurutalagala,C:\Users\ASUS\Documents\clipo model test one\new_dataset\Pidurutalagala\LOXZ9712.jpg,Pidurutalagala (Mount Pedro),Nuwara Eliya,Central,Mountain,The highest mountain in Sri Lanka.
LRWG2153.jpg,Pidurutalagala,C:\Users\ASUS\Documents\clipo model test one\new_dataset\Pidurutalagala\LRWG2153.jpg,Pidurutalagala (Mount Pedro),Nuwara Eliya,Central,Mountain,The highest mountain in Sri Lanka.
NGMC7924.jpg,Pidurutalagala,C:\Users\ASUS\Documents\clipo model test one\new_dataset\Pidurutalagala\NGMC7924.jpg,Pidurutalagala (Mount Pedro),Nuwara Eliya,Central,Mountain,The highest mountain in Sri Lanka.
OPCR8444.jpg,Pidurutalagala,C:\Users\ASUS\Documents\clipo model test one\new_dataset\Pidurutalagala\OPCR8444.jpg,Pidurutalagala (Mount Pedro),Nuwara Eliya,Central,Mountain,The highest mountain in Sri Lanka.
OVDH4886.jpg,Pidurutalagala,C:\Users\ASUS\Documents\clipo model test one\new_dataset\Pidurutalagala\OVDH4886.jpg,Pidurutalagala (Mount Pedro),Nuwara Eliya,Central,Mountain,The highest mountain in Sri Lanka.
PFJR2047.jpg,Pidurutalagala,C:\Users\ASUS\Documents\clipo model test one\new_dataset\Pidurutalagala\PFJR2047.jpg,Pidurutalagala (Mount Pedro),Nuwara Eliya,Central,Mountain,The highest mountain in Sri Lanka.
QXDB5929.jpg,Pidurutalagala,C:\Users\ASUS\Documents\clipo model test one\new_dataset\Pidurutalagala\QXDB5929.jpg,Pidurutalagala (Mount Pedro),Nuwara Eliya,Central,Mountain,The highest mountain in Sri Lanka.
RMLN2740.jpg,Pidurutalagala,C:\Users\ASUS\Documents\clipo model test one\new_dataset\Pidurutalagala\RMLN2740.jpg,Pidurutalagala (Mount Pedro),Nuwara Eliya,Central,Mountain,The highest mountain in Sri Lanka.
SUBL4824.jpg,Pidurutalagala,C:\Users\ASUS\Documents\clipo model test one\new_dataset\Pidurutalagala\SUBL4824.jpg,Pidurutalagala (Mount Pedro),Nuwara Eliya,Central,Mountain,The highest mountain in Sri Lanka.
TFKL6605.JPG,Pidurutalagala,C:\Users\ASUS\Documents\clipo model test one\new_dataset\Pidurutalagala\TFKL6605.JPG,Pidurutalagala (Mount Pedro),Nuwara Eliya,Central,Mountain,The highest mountain in Sri Lanka.
UUXL5587.jpg,Pidurutalagala,C:\Users\ASUS\Documents\clipo model test one\new_dataset\Pidurutalagala\UUXL5587.jpg,Pidurutalagala (Mount Pedro),Nuwara Eliya,Central,Mountain,The highest mountain in Sri Lanka.
VYXR0404.jpg,Pidurutalagala,C:\Users\ASUS\Documents\clipo model test one\new_dataset\Pidurutalagala\VYXR0404.jpg,Pidurutalagala (Mount Pedro),Nuwara Eliya,Central,Mountain,The highest mountain in Sri Lanka.
WFNK5659.jpg,Pidurutalagala,C:\Users\ASUS\Documents\clipo model test one\new_dataset\Pidurutalagala\WFNK5659.jpg,Pidurutalagala (Mount Pedro),Nuwara Eliya,Central,Mountain,The highest mountain in Sri Lanka.
WUUL0377.jpg,Pidurutalagala,C:\Users\ASUS\Documents\clipo model test one\new_dataset\Pidurutalagala\WUUL0377.jpg,Pidurutalagala (Mount Pedro),Nuwara Eliya,Central,Mountain,The highest mountain in Sri Lanka.
XXTA3754.jpg,Pidurutalagala,C:\Users\ASUS\Documents\clipo model test one\new_dataset\Pidurutalagala\XXTA3754.jpg,Pidurutalagala (Mount Pedro),Nuwara Eliya,Central,Mountain,The highest mountain in Sri Lanka.
ABPD0055.jpg,Pitawala_Patana_Riverston,C:\Users\ASUS\Documents\clipo model test one\new_dataset\Pitawala_Patana_Riverston\ABPD0055.jpg,Pitawala Patana,Matale,Central,Nature/Viewpoint,A unique grassland situated in the Knuckles Conservation Forest.
DYYZ8764.jpg,Pitawala_Patana_Riverston,C:\Users\ASUS\Documents\clipo model test one\new_dataset\Pitawala_Patana_Riverston\DYYZ8764.jpg,Pitawala Patana,Matale,Central,Nature/Viewpoint,A unique grassland situated in the Knuckles Conservation Forest.
EHBQ4557.jpg,Pitawala_Patana_Riverston,C:\Users\ASUS\Documents\clipo model test one\new_dataset\Pitawala_Patana_Riverston\EHBQ4557.jpg,Pitawala Patana,Matale,Central,Nature/Viewpoint,A unique grassland situated in the Knuckles Conservation Forest.
ERKT3974.jpg,Pitawala_Patana_Riverston,C:\Users\ASUS\Documents\clipo model test one\new_dataset\Pitawala_Patana_Riverston\ERKT3974.jpg,Pitawala Patana,Matale,Central,Nature/Viewpoint,A unique grassland situated in the Knuckles Conservation Forest.
EWFV9583.jpg,Pitawala_Patana_Riverston,C:\Users\ASUS\Documents\clipo model test one\new_dataset\Pitawala_Patana_Riverston\EWFV9583.jpg,Pitawala Patana,Matale,Central,Nature/Viewpoint,A unique grassland situated in the Knuckles Conservation Forest.
FLUB4913.jpg,Pitawala_Patana_Riverston,C:\Users\ASUS\Documents\clipo model test one\new_dataset\Pitawala_Patana_Riverston\FLUB4913.jpg,Pitawala Patana,Matale,Central,Nature/Viewpoint,A unique grassland situated in the Knuckles Conservation Forest.
GPJG1491.jpg,Pitawala_Patana_Riverston,C:\Users\ASUS\Documents\clipo model test one\new_dataset\Pitawala_Patana_Riverston\GPJG1491.jpg,Pitawala Patana,Matale,Central,Nature/Viewpoint,A unique grassland situated in the Knuckles Conservation Forest.
HREC1627.jpg,Pitawala_Patana_Riverston,C:\Users\ASUS\Documents\clipo model test one\new_dataset\Pitawala_Patana_Riverston\HREC1627.jpg,Pitawala Patana,Matale,Central,Nature/Viewpoint,A unique grassland situated in the Knuckles Conservation Forest.
IIKY0198.jpg,Pitawala_Patana_Riverston,C:\Users\ASUS\Documents\clipo model test one\new_dataset\Pitawala_Patana_Riverston\IIKY0198.jpg,Pitawala Patana,Matale,Central,Nature/Viewpoint,A unique grassland situated in the Knuckles Conservation Forest.
IMCI0470.jpg,Pitawala_Patana_Riverston,C:\Users\ASUS\Documents\clipo model test one\new_dataset\Pitawala_Patana_Riverston\IMCI0470.jpg,Pitawala Patana,Matale,Central,Nature/Viewpoint,A unique grassland situated in the Knuckles Conservation Forest.
JFNB8789.jpg,Pitawala_Patana_Riverston,C:\Users\ASUS\Documents\clipo model test one\new_dataset\Pitawala_Patana_Riverston\JFNB8789.jpg,Pitawala Patana,Matale,Central,Nature/Viewpoint,A unique grassland situated in the Knuckles Conservation Forest.
MPRF5883.jpg,Pitawala_Patana_Riverston,C:\Users\ASUS\Documents\clipo model test one\new_dataset\Pitawala_Patana_Riverston\MPRF5883.jpg,Pitawala Patana,Matale,Central,Nature/Viewpoint,A unique grassland situated in the Knuckles Conservation Forest.
MTZF3815.jpg,Pitawala_Patana_Riverston,C:\Users\ASUS\Documents\clipo model test one\new_dataset\Pitawala_Patana_Riverston\MTZF3815.jpg,Pitawala Patana,Matale,Central,Nature/Viewpoint,A unique grassland situated in the Knuckles Conservation Forest.
NMJE9950.jpg,Pitawala_Patana_Riverston,C:\Users\ASUS\Documents\clipo model test one\new_dataset\Pitawala_Patana_Riverston\NMJE9950.jpg,Pitawala Patana,Matale,Central,Nature/Viewpoint,A unique grassland situated in the Knuckles Conservation Forest.
OQMH9388.jpg,Pitawala_Patana_Riverston,C:\Users\ASUS\Documents\clipo model test one\new_dataset\Pitawala_Patana_Riverston\OQMH9388.jpg,Pitawala Patana,Matale,Central,Nature/Viewpoint,A unique grassland situated in the Knuckles Conservation Forest.
OQXU1375.jpg,Pitawala_Patana_Riverston,C:\Users\ASUS\Documents\clipo model test one\new_dataset\Pitawala_Patana_Riverston\OQXU1375.jpg,Pitawala Patana,Matale,Central,Nature/Viewpoint,A unique grassland situated in the Knuckles Conservation Forest.
OUII6672.jpg,Pitawala_Patana_Riverston,C:\Users\ASUS\Documents\clipo model test one\new_dataset\Pitawala_Patana_Riverston\OUII6672.jpg,Pitawala Patana,Matale,Central,Nature/Viewpoint,A unique grassland situated in the Knuckles Conservation Forest.
QLOR2682.jpg,Pitawala_Patana_Riverston,C:\Users\ASUS\Documents\clipo model test one\new_dataset\Pitawala_Patana_Riverston\QLOR2682.jpg,Pitawala Patana,Matale,Central,Nature/Viewpoint,A unique grassland situated in the Knuckles Conservation Forest.
SNUI0477.jpg,Pitawala_Patana_Riverston,C:\Users\ASUS\Documents\clipo model test one\new_dataset\Pitawala_Patana_Riverston\SNUI0477.jpg,Pitawala Patana,Matale,Central,Nature/Viewpoint,A unique grassland situated in the Knuckles Conservation Forest.
TKTX5455.jpg,Pitawala_Patana_Riverston,C:\Users\ASUS\Documents\clipo model test one\new_dataset\Pitawala_Patana_Riverston\TKTX5455.jpg,Pitawala Patana,Matale,Central,Nature/Viewpoint,A unique grassland situated in the Knuckles Conservation Forest.
TLUX1237.jpg,Pitawala_Patana_Riverston,C:\Users\ASUS\Documents\clipo model test one\new_dataset\Pitawala_Patana_Riverston\TLUX1237.jpg,Pitawala Patana,Matale,Central,Nature/Viewpoint,A unique grassland situated in the Knuckles Conservation Forest.
UEME1524.jpg,Pitawala_Patana_Riverston,C:\Users\ASUS\Documents\clipo model test one\new_dataset\Pitawala_Patana_Riverston\UEME1524.jpg,Pitawala Patana,Matale,Central,Nature/Viewpoint,A unique grassland situated in the Knuckles Conservation Forest.
VFNY2633.jpg,Pitawala_Patana_Riverston,C:\Users\ASUS\Documents\clipo model test one\new_dataset\Pitawala_Patana_Riverston\VFNY2633.jpg,Pitawala Patana,Matale,Central,Nature/Viewpoint,A unique grassland situated in the Knuckles Conservation Forest.
VSZT4418.jpg,Pitawala_Patana_Riverston,C:\Users\ASUS\Documents\clipo model test one\new_dataset\Pitawala_Patana_Riverston\VSZT4418.jpg,Pitawala Patana,Matale,Central,Nature/Viewpoint,A unique grassland situated in the Knuckles Conservation Forest.
WEIP6743.jpg,Pitawala_Patana_Riverston,C:\Users\ASUS\Documents\clipo model test one\new_dataset\Pitawala_Patana_Riverston\WEIP6743.jpg,Pitawala Patana,Matale,Central,Nature/Viewpoint,A unique grassland situated in the Knuckles Conservation Forest.
37474636774_beddef8d21_b_20190724213220.jpg,Polhena_beach,C:\Users\ASUS\Documents\clipo model test one\new_dataset\Polhena_beach\37474636774_beddef8d21_b_20190724213220.jpg,Polhena Beach,Matara,Southern,Beach,A calm beach popular for swimming and turtle watching.
660749_12376761_1727655857457767_2574948199748149336_n.jpg,Polhena_beach,C:\Users\ASUS\Documents\clipo model test one\new_dataset\Polhena_beach\660749_12376761_1727655857457767_2574948199748149336_n.jpg,Polhena Beach,Matara,Southern,Beach,A calm beach popular for swimming and turtle watching.
DSC_8912-1024x684.jpg,Polhena_beach,C:\Users\ASUS\Documents\clipo model test one\new_dataset\Polhena_beach\DSC_8912-1024x684.jpg,Polhena Beach,Matara,Southern,Beach,A calm beach popular for swimming and turtle watching.
OIP (10).jpg,Polhena_beach,C:\Users\ASUS\Documents\clipo model test one\new_dataset\Polhena_beach\OIP (10).jpg,Polhena Beach,Matara,Southern,Beach,A calm beach popular for swimming and turtle watching.
OIP (6).jpg,Polhena_beach,C:\Users\ASUS\Documents\clipo model test one\new_dataset\Polhena_beach\OIP (6).jpg,Polhena Beach,Matara,Southern,Beach,A calm beach popular for swimming and turtle watching.
OIP (7).jpg,Polhena_beach,C:\Users\ASUS\Documents\clipo model test one\new_dataset\Polhena_beach\OIP (7).jpg,Polhena Beach,Matara,Southern,Beach,A calm beach popular for swimming and turtle watching.
OIP (8).jpg,Polhena_beach,C:\Users\ASUS\Documents\clipo model test one\new_dataset\Polhena_beach\OIP (8).jpg,Polhena Beach,Matara,Southern,Beach,A calm beach popular for swimming and turtle watching.
OIP (9).jpg,Polhena_beach,C:\Users\ASUS\Documents\clipo model test one\new_dataset\Polhena_beach\OIP (9).jpg,Polhena Beach,Matara,Southern,Beach,A calm beach popular for swimming and turtle watching.
photo2jpg.jpg,Polhena_beach,C:\Users\ASUS\Documents\clipo model test one\new_dataset\Polhena_beach\photo2jpg.jpg,Polhena Beach,Matara,Southern,Beach,A calm beach popular for swimming and turtle watching.
photo3jpg.jpg,Polhena_beach,C:\Users\ASUS\Documents\clipo model test one\new_dataset\Polhena_beach\photo3jpg.jpg,Polhena Beach,Matara,Southern,Beach,A calm beach popular for swimming and turtle watching.
Pic (1).jpg,Polhena_beach,C:\Users\ASUS\Documents\clipo model test one\new_dataset\Polhena_beach\Pic (1).jpg,Polhena Beach,Matara,Southern,Beach,A calm beach popular for swimming and turtle watching.
Pic (2).jpg,Polhena_beach,C:\Users\ASUS\Documents\clipo model test one\new_dataset\Polhena_beach\Pic (2).jpg,Polhena Beach,Matara,Southern,Beach,A calm beach popular for swimming and turtle watching.
Polhena beach - Sri Lanka (2).JPG,Polhena_beach,C:\Users\ASUS\Documents\clipo model test one\new_dataset\Polhena_beach\Polhena beach - Sri Lanka (2).JPG,Polhena Beach,Matara,Southern,Beach,A calm beach popular for swimming and turtle watching.
Polhena beach - Sri Lanka (6).jpg,Polhena_beach,C:\Users\ASUS\Documents\clipo model test one\new_dataset\Polhena_beach\Polhena beach - Sri Lanka (6).jpg,Polhena Beach,Matara,Southern,Beach,A calm beach popular for swimming and turtle watching.
polhena-beach (1).jpg,Polhena_beach,C:\Users\ASUS\Documents\clipo model test one\new_dataset\Polhena_beach\polhena-beach (1).jpg,Polhena Beach,Matara,Southern,Beach,A calm beach popular for swimming and turtle watching.
polhena-beach (2).jpg,Polhena_beach,C:\Users\ASUS\Documents\clipo model test one\new_dataset\Polhena_beach\polhena-beach (2).jpg,Polhena Beach,Matara,Southern,Beach,A calm beach popular for swimming and turtle watching.
Polhena-Beach-1-768x512.jpg,Polhena_beach,C:\Users\ASUS\Documents\clipo model test one\new_dataset\Polhena_beach\Polhena-Beach-1-768x512.jpg,Polhena Beach,Matara,Southern,Beach,A calm beach popular for swimming and turtle watching.
polhena-beach.jpg,Polhena_beach,C:\Users\ASUS\Documents\clipo model test one\new_dataset\Polhena_beach\polhena-beach.jpg,Polhena Beach,Matara,Southern,Beach,A calm beach popular for swimming and turtle watching.
R (1).jpg,Polhena_beach,C:\Users\ASUS\Documents\clipo model test one\new_dataset\Polhena_beach\R (1).jpg,Polhena Beach,Matara,Southern,Beach,A calm beach popular for swimming and turtle watching.
R.jpg,Polhena_beach,C:\Users\ASUS\Documents\clipo model test one\new_dataset\Polhena_beach\R.jpg,Polhena Beach,Matara,Southern,Beach,A calm beach popular for swimming and turtle watching.
ancient-buddhist-dagoba-stupe-pabula-vihara-ancient-city-polonnaruwa-ancient-buddhist-dagoba-stupe-pabula-vihara-ancient-city-273136259.jpg,Potgul_vihara,C:\Users\ASUS\Documents\clipo model test one\new_dataset\Potgul_vihara\ancient-buddhist-dagoba-stupe-pabula-vihara-ancient-city-polonnaruwa-ancient-buddhist-dagoba-stupe-pabula-vihara-ancient-city-273136259.jpg,Potgul Viharaya,Polonnaruwa,North Central,Historical/Ruins,An ancient monastery complex in Polonnaruwa.
ancient-buddhist-dagoba-stupe-pabula-vihara-city-polonnaruwa-sri-lanka-asia-273136289.jpg,Potgul_vihara,C:\Users\ASUS\Documents\clipo model test one\new_dataset\Potgul_vihara\ancient-buddhist-dagoba-stupe-pabula-vihara-city-polonnaruwa-sri-lanka-asia-273136289.jpg,Potgul Viharaya,Polonnaruwa,North Central,Historical/Ruins,An ancient monastery complex in Polonnaruwa.
gettyimages-553358849-1024x1024.jpg,Potgul_vihara,C:\Users\ASUS\Documents\clipo model test one\new_dataset\Potgul_vihara\gettyimages-553358849-1024x1024.jpg,Potgul Viharaya,Polonnaruwa,North Central,Historical/Ruins,An ancient monastery complex in Polonnaruwa.
istockphoto-1311155445-1024x1024.jpg,Potgul_vihara,C:\Users\ASUS\Documents\clipo model test one\new_dataset\Potgul_vihara\istockphoto-1311155445-1024x1024.jpg,Potgul Viharaya,Polonnaruwa,North Central,Historical/Ruins,An ancient monastery complex in Polonnaruwa.
OIP (6).jpg,Potgul_vihara,C:\Users\ASUS\Documents\clipo model test one\new_dataset\Potgul_vihara\OIP (6).jpg,Potgul Viharaya,Polonnaruwa,North Central,Historical/Ruins,An ancient monastery complex in Polonnaruwa.
OIP (7).jpg,Potgul_vihara,C:\Users\ASUS\Documents\clipo model test one\new_dataset\Potgul_vihara\OIP (7).jpg,Potgul Viharaya,Polonnaruwa,North Central,Historical/Ruins,An ancient monastery complex in Polonnaruwa.
OIP (8).jpg,Potgul_vihara,C:\Users\ASUS\Documents\clipo model test one\new_dataset\Potgul_vihara\OIP (8).jpg,Potgul Viharaya,Polonnaruwa,North Central,Historical/Ruins,An ancient monastery complex in Polonnaruwa.
Polonnaruwa-34-potgul_vihara.jpg,Potgul_vihara,C:\Users\ASUS\Documents\clipo model test one\new_dataset\Potgul_vihara\Polonnaruwa-34-potgul_vihara.jpg,Potgul Viharaya,Polonnaruwa,North Central,Historical/Ruins,An ancient monastery complex in Polonnaruwa.
polonnaruwa-sri-lanka-ruins-potgul-260nw-1074084290.jpg,Potgul_vihara,C:\Users\ASUS\Documents\clipo model test one\new_dataset\Potgul_vihara\polonnaruwa-sri-lanka-ruins-potgul-260nw-1074084290.jpg,Potgul Viharaya,Polonnaruwa,North Central,Historical/Ruins,An ancient monastery complex in Polonnaruwa.
Potgul-Vehera-in-Polonnaruwa-nzo7869e3024cxaop93n87ddpwenr23a6chtnksz1s.jpg,Potgul_vihara,C:\Users\ASUS\Documents\clipo model test one\new_dataset\Potgul_vihara\Potgul-Vehera-in-Polonnaruwa-nzo7869e3024cxaop93n87ddpwenr23a6chtnksz1s.jpg,Potgul Viharaya,Polonnaruwa,North Central,Historical/Ruins,An ancient monastery complex in Polonnaruwa.
potgul-vehera-the-library-pollonaruwa-sri-lanka-R5RM6E.jpg,Potgul_vihara,C:\Users\ASUS\Documents\clipo model test one\new_dataset\Potgul_vihara\potgul-vehera-the-library-pollonaruwa-sri-lanka-R5RM6E.jpg,Potgul Viharaya,Polonnaruwa,North Central,Historical/Ruins,An ancient monastery complex in Polonnaruwa.
potgul-vihara-ancient-city-polonnaruwa-sri-lanka-29514851.jpg,Potgul_vihara,C:\Users\ASUS\Documents\clipo model test one\new_dataset\Potgul_vihara\potgul-vihara-ancient-city-polonnaruwa-sri-lanka-29514851.jpg,Potgul Viharaya,Polonnaruwa,North Central,Historical/Ruins,An ancient monastery complex in Polonnaruwa.
potgul-vihara-library-monastery-ancient-city-polonnaruwa-sri-lanka-29066640.jpg,Potgul_vihara,C:\Users\ASUS\Documents\clipo model test one\new_dataset\Potgul_vihara\potgul-vihara-library-monastery-ancient-city-polonnaruwa-sri-lanka-29066640.jpg,Potgul Viharaya,Polonnaruwa,North Central,Historical/Ruins,An ancient monastery complex in Polonnaruwa.
potgul-vihara-monastery-polonnaruwa-sri-lanka-september-potgul-vihara-monastery-polonnaruwa-sri-lanka-143648033.jpg,Potgul_vihara,C:\Users\ASUS\Documents\clipo model test one\new_dataset\Potgul_vihara\potgul-vihara-monastery-polonnaruwa-sri-lanka-september-potgul-vihara-monastery-polonnaruwa-sri-lanka-143648033.jpg,Potgul Viharaya,Polonnaruwa,North Central,Historical/Ruins,An ancient monastery complex in Polonnaruwa.
potgul-vihara-polonnuruwa-sri-lanka-11267868.jpg,Potgul_vihara,C:\Users\ASUS\Documents\clipo model test one\new_dataset\Potgul_vihara\potgul-vihara-polonnuruwa-sri-lanka-11267868.jpg,Potgul Viharaya,Polonnaruwa,North Central,Historical/Ruins,An ancient monastery complex in Polonnaruwa.
potgul-vihara-polonnuruwa-sri-lanka-11267940.jpg,Potgul_vihara,C:\Users\ASUS\Documents\clipo model test one\new_dataset\Potgul_vihara\potgul-vihara-polonnuruwa-sri-lanka-11267940.jpg,Potgul Viharaya,Polonnaruwa,North Central,Historical/Ruins,An ancient monastery complex in Polonnaruwa.
potgul-vihara-pothgul-viharaya-ancient-city-polonnaruwa-sri-lanka-29066582.jpg,Potgul_vihara,C:\Users\ASUS\Documents\clipo model test one\new_dataset\Potgul_vihara\potgul-vihara-pothgul-viharaya-ancient-city-polonnaruwa-sri-lanka-29066582.jpg,Potgul Viharaya,Polonnaruwa,North Central,Historical/Ruins,An ancient monastery complex in Polonnaruwa.
potgul-vihara-ruins-polonnaruwa-sri-lanka-39611548.jpg,Potgul_vihara,C:\Users\ASUS\Documents\clipo model test one\new_dataset\Potgul_vihara\potgul-vihara-ruins-polonnaruwa-sri-lanka-39611548.jpg,Potgul Viharaya,Polonnaruwa,North Central,Historical/Ruins,An ancient monastery complex in Polonnaruwa.
potgul-vihara-southern-ruins-polonnaruwa-unesco-world-heritage-site-CR1G42.jpg,Potgul_vihara,C:\Users\ASUS\Documents\clipo model test one\new_dataset\Potgul_vihara\potgul-vihara-southern-ruins-polonnaruwa-unesco-world-heritage-site-CR1G42.jpg,Potgul Viharaya,Polonnaruwa,North Central,Historical/Ruins,An ancient monastery complex in Polonnaruwa.
potgul-vihara-southern-ruins-polonnaruwa-unesco-world-heritage-site-CR1G5D.jpg,Potgul_vihara,C:\Users\ASUS\Documents\clipo model test one\new_dataset\Potgul_vihara\potgul-vihara-southern-ruins-polonnaruwa-unesco-world-heritage-site-CR1G5D.jpg,Potgul Viharaya,Polonnaruwa,North Central,Historical/Ruins,An ancient monastery complex in Polonnaruwa.
potgul-vihara-southern-ruins-polonnaruwa-unesco-world-heritage-site-CR1G7K.jpg,Potgul_vihara,C:\Users\ASUS\Documents\clipo model test one\new_dataset\Potgul_vihara\potgul-vihara-southern-ruins-polonnaruwa-unesco-world-heritage-site-CR1G7K.jpg,Potgul Viharaya,Polonnaruwa,North Central,Historical/Ruins,An ancient monastery complex in Polonnaruwa.
potgul-vihara-southern-ruins-polonnaruwa-unesco-world-heritage-site-CR1G9Y.jpg,Potgul_vihara,C:\Users\ASUS\Documents\clipo model test one\new_dataset\Potgul_vihara\potgul-vihara-southern-ruins-polonnaruwa-unesco-world-heritage-site-CR1G9Y.jpg,Potgul Viharaya,Polonnaruwa,North Central,Historical/Ruins,An ancient monastery complex in Polonnaruwa.
potgul-vihara-southern-ruins-polonnaruwa-unesco-world-heritage-site-CXD7KE.jpg,Potgul_vihara,C:\Users\ASUS\Documents\clipo model test one\new_dataset\Potgul_vihara\potgul-vihara-southern-ruins-polonnaruwa-unesco-world-heritage-site-CXD7KE.jpg,Potgul Viharaya,Polonnaruwa,North Central,Historical/Ruins,An ancient monastery complex in Polonnaruwa.
pothgul-viharaya-polonnaruwa-29271963.jpg,Potgul_vihara,C:\Users\ASUS\Documents\clipo model test one\new_dataset\Potgul_vihara\pothgul-viharaya-polonnaruwa-29271963.jpg,Potgul Viharaya,Polonnaruwa,North Central,Historical/Ruins,An ancient monastery complex in Polonnaruwa.
R.jpg,Potgul_vihara,C:\Users\ASUS\Documents\clipo model test one\new_dataset\Potgul_vihara\R.jpg,Potgul Viharaya,Polonnaruwa,North Central,Historical/Ruins,An ancient monastery complex in Polonnaruwa.
remains-lankatilaka-ancient-city-polonnaruwa-sri-lanka-29729862.jpg,Potgul_vihara,C:\Users\ASUS\Documents\clipo model test one\new_dataset\Potgul_vihara\remains-lankatilaka-ancient-city-polonnaruwa-sri-lanka-29729862.jpg,Potgul Viharaya,Polonnaruwa,North Central,Historical/Ruins,An ancient monastery complex in Polonnaruwa.
the-potgul-vehera-library-monastery-in-the-ancient-city-of-polonnaruwa-polonnaruwa-district-in-north-central-province-sri-lanka-MN0R61.jpg,Potgul_vihara,C:\Users\ASUS\Documents\clipo model test one\new_dataset\Potgul_vihara\the-potgul-vehera-library-monastery-in-the-ancient-city-of-polonnaruwa-polonnaruwa-district-in-north-central-province-sri-lanka-MN0R61.jpg,Potgul Viharaya,Polonnaruwa,North Central,Historical/Ruins,An ancient monastery complex in Polonnaruwa.
OIP (6).jpg,Rankot_viharaya,C:\Users\ASUS\Documents\clipo model test one\new_dataset\Rankot_viharaya\OIP (6).jpg,Rankoth Vehera,Polonnaruwa,North Central,Historical/Ruins,The largest stupa in the ancient city of Polonnaruwa.
OIP (7).jpg,Rankot_viharaya,C:\Users\ASUS\Documents\clipo model test one\new_dataset\Rankot_viharaya\OIP (7).jpg,Rankoth Vehera,Polonnaruwa,North Central,Historical/Ruins,The largest stupa in the ancient city of Polonnaruwa.
panorama-ancient-ruins-polonnaruwa-rankot-vihara-rankoth-golden-pinnacle-dagoba-unesco-sri-lanka-asia-56011573.jpg,Rankot_viharaya,C:\Users\ASUS\Documents\clipo model test one\new_dataset\Rankot_viharaya\panorama-ancient-ruins-polonnaruwa-rankot-vihara-rankoth-golden-pinnacle-dagoba-unesco-sri-lanka-asia-56011573.jpg,Rankoth Vehera,Polonnaruwa,North Central,Historical/Ruins,The largest stupa in the ancient city of Polonnaruwa.
rankot-vihara (1).jpg,Rankot_viharaya,C:\Users\ASUS\Documents\clipo model test one\new_dataset\Rankot_viharaya\rankot-vihara (1).jpg,Rankoth Vehera,Polonnaruwa,North Central,Historical/Ruins,The largest stupa in the ancient city of Polonnaruwa.
rankot-vihara-at-polonnaruwa-in-sri-lanka-2PHT0B0.jpg,Rankot_viharaya,C:\Users\ASUS\Documents\clipo model test one\new_dataset\Rankot_viharaya\rankot-vihara-at-polonnaruwa-in-sri-lanka-2PHT0B0.jpg,Rankoth Vehera,Polonnaruwa,North Central,Historical/Ruins,The largest stupa in the ancient city of Polonnaruwa.
rankot-vihara-at-polonnaruwa-in-sri-lanka-2PHT0B3.jpg,Rankot_viharaya,C:\Users\ASUS\Documents\clipo model test one\new_dataset\Rankot_viharaya\rankot-vihara-at-polonnaruwa-in-sri-lanka-2PHT0B3.jpg,Rankoth Vehera,Polonnaruwa,North Central,Historical/Ruins,The largest stupa in the ancient city of Polonnaruwa.
rankot-vihara-buddhist-temple-in-polonnaruwa-sri-lanka-2B7MNRA.jpg,Rankot_viharaya,C:\Users\ASUS\Documents\clipo model test one\new_dataset\Rankot_viharaya\rankot-vihara-buddhist-temple-in-polonnaruwa-sri-lanka-2B7MNRA.jpg,Rankoth Vehera,Polonnaruwa,North Central,Historical/Ruins,The largest stupa in the ancient city of Polonnaruwa.
rankot-vihara-dagoba-stupa-buddhist-temple-ruins-polonnaruwa-unesco-DY60PY.jpg,Rankot_viharaya,C:\Users\ASUS\Documents\clipo model test one\new_dataset\Rankot_viharaya\rankot-vihara-dagoba-stupa-buddhist-temple-ruins-polonnaruwa-unesco-DY60PY.jpg,Rankoth Vehera,Polonnaruwa,North Central,Historical/Ruins,The largest stupa in the ancient city of Polonnaruwa.
rankot-vihara-polonnaruwa-sri-lanka-rankot-vihara-polonnaruwa-sri-lanka-274446910.jpg,Rankot_viharaya,C:\Users\ASUS\Documents\clipo model test one\new_dataset\Rankot_viharaya\rankot-vihara-polonnaruwa-sri-lanka-rankot-vihara-polonnaruwa-sri-lanka-274446910.jpg,Rankoth Vehera,Polonnaruwa,North Central,Historical/Ruins,The largest stupa in the ancient city of Polonnaruwa.
rankot-vihara-polonnaruwa-sri-lanka-rankot-vihara-polonnaruwa-sri-lanka-274446935.jpg,Rankot_viharaya,C:\Users\ASUS\Documents\clipo model test one\new_dataset\Rankot_viharaya\rankot-vihara-polonnaruwa-sri-lanka-rankot-vihara-polonnaruwa-sri-lanka-274446935.jpg,Rankoth Vehera,Polonnaruwa,North Central,Historical/Ruins,The largest stupa in the ancient city of Polonnaruwa.
rankot-vihara-polonnaruwa-unesco-world-heritage-site-north-central-CR1FH5.jpg,Rankot_viharaya,C:\Users\ASUS\Documents\clipo model test one\new_dataset\Rankot_viharaya\rankot-vihara-polonnaruwa-unesco-world-heritage-site-north-central-CR1FH5.jpg,Rankoth Vehera,Polonnaruwa,North Central,Historical/Ruins,The largest stupa in the ancient city of Polonnaruwa.
rankot-vihara-polonnaruwa-unesco-world-heritage-site-north-central-CR1FMA.jpg,Rankot_viharaya,C:\Users\ASUS\Documents\clipo model test one\new_dataset\Rankot_viharaya\rankot-vihara-polonnaruwa-unesco-world-heritage-site-north-central-CR1FMA.jpg,Rankoth Vehera,Polonnaruwa,North Central,Historical/Ruins,The largest stupa in the ancient city of Polonnaruwa.
rankot-vihara-stupa-unesco-world-heritage-site-the-ancient-city-of-EPYDR9.jpg,Rankot_viharaya,C:\Users\ASUS\Documents\clipo model test one\new_dataset\Rankot_viharaya\rankot-vihara-stupa-unesco-world-heritage-site-the-ancient-city-of-EPYDR9.jpg,Rankoth Vehera,Polonnaruwa,North Central,Historical/Ruins,The largest stupa in the ancient city of Polonnaruwa.
rankot-vihara-stupa-unesco-world-heritage-site-the-ancient-city-of-EPYDRE.jpg,Rankot_viharaya,C:\Users\ASUS\Documents\clipo model test one\new_dataset\Rankot_viharaya\rankot-vihara-stupa-unesco-world-heritage-site-the-ancient-city-of-EPYDRE.jpg,Rankoth Vehera,Polonnaruwa,North Central,Historical/Ruins,The largest stupa in the ancient city of Polonnaruwa.
rankot-vihara-the-largest-in-polonnaruwa-polonnaruwa-ancient-city-D00HG3.jpg,Rankot_viharaya,C:\Users\ASUS\Documents\clipo model test one\new_dataset\Rankot_viharaya\rankot-vihara-the-largest-in-polonnaruwa-polonnaruwa-ancient-city-D00HG3.jpg,Rankoth Vehera,Polonnaruwa,North Central,Historical/Ruins,The largest stupa in the ancient city of Polonnaruwa.
rankot-vihara.jpg,Rankot_viharaya,C:\Users\ASUS\Documents\clipo model test one\new_dataset\Rankot_viharaya\rankot-vihara.jpg,Rankoth Vehera,Polonnaruwa,North Central,Historical/Ruins,The largest stupa in the ancient city of Polonnaruwa.
rankoth-vehera-dagoba-rankot-vihara-stupa-polonnaruwa-sri-lanka-FY8GC2.jpg,Rankot_viharaya,C:\Users\ASUS\Documents\clipo model test one\new_dataset\Rankot_viharaya\rankoth-vehera-dagoba-rankot-vihara-stupa-polonnaruwa-sri-lanka-FY8GC2.jpg,Rankoth Vehera,Polonnaruwa,North Central,Historical/Ruins,The largest stupa in the ancient city of Polonnaruwa.
sri-lanka-polonnaruwa-the-rankot-vihara-stupa-ATM59R.jpg,Rankot_viharaya,C:\Users\ASUS\Documents\clipo model test one\new_dataset\Rankot_viharaya\sri-lanka-polonnaruwa-the-rankot-vihara-stupa-ATM59R.jpg,Rankoth Vehera,Polonnaruwa,North Central,Historical/Ruins,The largest stupa in the ancient city of Polonnaruwa.
sri-lankan-tourist-landmark-ruins-of-rankot-vihara-buddhist-dagoba-stupa-pollonaruwa-sri-lanka-2DBG0XP.jpg,Rankot_viharaya,C:\Users\ASUS\Documents\clipo model test one\new_dataset\Rankot_viharaya\sri-lankan-tourist-landmark-ruins-of-rankot-vihara-buddhist-dagoba-stupa-pollonaruwa-sri-lanka-2DBG0XP.jpg,Rankoth Vehera,Polonnaruwa,North Central,Historical/Ruins,The largest stupa in the ancient city of Polonnaruwa.
The_Common_Wanderer_-9544.jpg,Rankot_viharaya,C:\Users\ASUS\Documents\clipo model test one\new_dataset\Rankot_viharaya\The_Common_Wanderer_-9544.jpg,Rankoth Vehera,Polonnaruwa,North Central,Historical/Ruins,The largest stupa in the ancient city of Polonnaruwa.
tourists-admire-rankot-vihara-ancient-site-polonnaruwa-sri-lanka-dagoba-made-red-bricks-stands-131211217.jpg,Rankot_viharaya,C:\Users\ASUS\Documents\clipo model test one\new_dataset\Rankot_viharaya\tourists-admire-rankot-vihara-ancient-site-polonnaruwa-sri-lanka-dagoba-made-red-bricks-stands-131211217.jpg,Rankoth Vehera,Polonnaruwa,North Central,Historical/Ruins,The largest stupa in the ancient city of Polonnaruwa.
WhatsApp Image 2026-02-20 at 8.12.10 PM.jpg,Rankot_viharaya,C:\Users\ASUS\Documents\clipo model test one\new_dataset\Rankot_viharaya\WhatsApp Image 2026-02-20 at 8.12.10 PM.jpg,Rankoth Vehera,Polonnaruwa,North Central,Historical/Ruins,The largest stupa in the ancient city of Polonnaruwa.
BUTL7662.jpg,Rathna_Ella_Waterfall,C:\Users\ASUS\Documents\clipo model test one\new_dataset\Rathna_Ella_Waterfall\BUTL7662.jpg,Rathna Ella,Kandy,Central,Waterfall,A beautiful and wide waterfall located in Hasalaka.
CENO6583.jpg,Rathna_Ella_Waterfall,C:\Users\ASUS\Documents\clipo model test one\new_dataset\Rathna_Ella_Waterfall\CENO6583.jpg,Rathna Ella,Kandy,Central,Waterfall,A beautiful and wide waterfall located in Hasalaka.
DWHE3754.jpg,Rathna_Ella_Waterfall,C:\Users\ASUS\Documents\clipo model test one\new_dataset\Rathna_Ella_Waterfall\DWHE3754.jpg,Rathna Ella,Kandy,Central,Waterfall,A beautiful and wide waterfall located in Hasalaka.
FHOM8120.jpg,Rathna_Ella_Waterfall,C:\Users\ASUS\Documents\clipo model test one\new_dataset\Rathna_Ella_Waterfall\FHOM8120.jpg,Rathna Ella,Kandy,Central,Waterfall,A beautiful and wide waterfall located in Hasalaka.
FJIO4437.jpg,Rathna_Ella_Waterfall,C:\Users\ASUS\Documents\clipo model test one\new_dataset\Rathna_Ella_Waterfall\FJIO4437.jpg,Rathna Ella,Kandy,Central,Waterfall,A beautiful and wide waterfall located in Hasalaka.
FPAF1255.jpg,Rathna_Ella_Waterfall,C:\Users\ASUS\Documents\clipo model test one\new_dataset\Rathna_Ella_Waterfall\FPAF1255.jpg,Rathna Ella,Kandy,Central,Waterfall,A beautiful and wide waterfall located in Hasalaka.
GLND7326.jpg,Rathna_Ella_Waterfall,C:\Users\ASUS\Documents\clipo model test one\new_dataset\Rathna_Ella_Waterfall\GLND7326.jpg,Rathna Ella,Kandy,Central,Waterfall,A beautiful and wide waterfall located in Hasalaka.
KOKY9470.jpg,Rathna_Ella_Waterfall,C:\Users\ASUS\Documents\clipo model test one\new_dataset\Rathna_Ella_Waterfall\KOKY9470.jpg,Rathna Ella,Kandy,Central,Waterfall,A beautiful and wide waterfall located in Hasalaka.
LEBX3559.jpg,Rathna_Ella_Waterfall,C:\Users\ASUS\Documents\clipo model test one\new_dataset\Rathna_Ella_Waterfall\LEBX3559.jpg,Rathna Ella,Kandy,Central,Waterfall,A beautiful and wide waterfall located in Hasalaka.
LNWO1411.jpg,Rathna_Ella_Waterfall,C:\Users\ASUS\Documents\clipo model test one\new_dataset\Rathna_Ella_Waterfall\LNWO1411.jpg,Rathna Ella,Kandy,Central,Waterfall,A beautiful and wide waterfall located in Hasalaka.
MSHD1376.jpg,Rathna_Ella_Waterfall,C:\Users\ASUS\Documents\clipo model test one\new_dataset\Rathna_Ella_Waterfall\MSHD1376.jpg,Rathna Ella,Kandy,Central,Waterfall,A beautiful and wide waterfall located in Hasalaka.
NMLW0843.jpg,Rathna_Ella_Waterfall,C:\Users\ASUS\Documents\clipo model test one\new_dataset\Rathna_Ella_Waterfall\NMLW0843.jpg,Rathna Ella,Kandy,Central,Waterfall,A beautiful and wide waterfall located in Hasalaka.
PAMP8023.jpg,Rathna_Ella_Waterfall,C:\Users\ASUS\Documents\clipo model test one\new_dataset\Rathna_Ella_Waterfall\PAMP8023.jpg,Rathna Ella,Kandy,Central,Waterfall,A beautiful and wide waterfall located in Hasalaka.
QQNL3415.jpg,Rathna_Ella_Waterfall,C:\Users\ASUS\Documents\clipo model test one\new_dataset\Rathna_Ella_Waterfall\QQNL3415.jpg,Rathna Ella,Kandy,Central,Waterfall,A beautiful and wide waterfall located in Hasalaka.
QRLK5962.jpg,Rathna_Ella_Waterfall,C:\Users\ASUS\Documents\clipo model test one\new_dataset\Rathna_Ella_Waterfall\QRLK5962.jpg,Rathna Ella,Kandy,Central,Waterfall,A beautiful and wide waterfall located in Hasalaka.
RELO0192.jpg,Rathna_Ella_Waterfall,C:\Users\ASUS\Documents\clipo model test one\new_dataset\Rathna_Ella_Waterfall\RELO0192.jpg,Rathna Ella,Kandy,Central,Waterfall,A beautiful and wide waterfall located in Hasalaka.
RHXG1552.jpg,Rathna_Ella_Waterfall,C:\Users\ASUS\Documents\clipo model test one\new_dataset\Rathna_Ella_Waterfall\RHXG1552.jpg,Rathna Ella,Kandy,Central,Waterfall,A beautiful and wide waterfall located in Hasalaka.
SSCO6674.jpg,Rathna_Ella_Waterfall,C:\Users\ASUS\Documents\clipo model test one\new_dataset\Rathna_Ella_Waterfall\SSCO6674.jpg,Rathna Ella,Kandy,Central,Waterfall,A beautiful and wide waterfall located in Hasalaka.
UBEL4348.jpg,Rathna_Ella_Waterfall,C:\Users\ASUS\Documents\clipo model test one\new_dataset\Rathna_Ella_Waterfall\UBEL4348.jpg,Rathna Ella,Kandy,Central,Waterfall,A beautiful and wide waterfall located in Hasalaka.
VKQT7015.jpg,Rathna_Ella_Waterfall,C:\Users\ASUS\Documents\clipo model test one\new_dataset\Rathna_Ella_Waterfall\VKQT7015.jpg,Rathna Ella,Kandy,Central,Waterfall,A beautiful and wide waterfall located in Hasalaka.
WMLR4856.jpg,Rathna_Ella_Waterfall,C:\Users\ASUS\Documents\clipo model test one\new_dataset\Rathna_Ella_Waterfall\WMLR4856.jpg,Rathna Ella,Kandy,Central,Waterfall,A beautiful and wide waterfall located in Hasalaka.
WZEA6212.jpg,Rathna_Ella_Waterfall,C:\Users\ASUS\Documents\clipo model test one\new_dataset\Rathna_Ella_Waterfall\WZEA6212.jpg,Rathna Ella,Kandy,Central,Waterfall,A beautiful and wide waterfall located in Hasalaka.
XXKB4029.jpg,Rathna_Ella_Waterfall,C:\Users\ASUS\Documents\clipo model test one\new_dataset\Rathna_Ella_Waterfall\XXKB4029.jpg,Rathna Ella,Kandy,Central,Waterfall,A beautiful and wide waterfall located in Hasalaka.
YALM1654.jpg,Rathna_Ella_Waterfall,C:\Users\ASUS\Documents\clipo model test one\new_dataset\Rathna_Ella_Waterfall\YALM1654.jpg,Rathna Ella,Kandy,Central,Waterfall,A beautiful and wide waterfall located in Hasalaka.
YDUG3711.jpg,Rathna_Ella_Waterfall,C:\Users\ASUS\Documents\clipo model test one\new_dataset\Rathna_Ella_Waterfall\YDUG3711.jpg,Rathna Ella,Kandy,Central,Waterfall,A beautiful and wide waterfall located in Hasalaka.
02.jpg,Sri_mahabodhi_tree,C:\Users\ASUS\Documents\clipo model test one\new_dataset\Sri_mahabodhi_tree\02.jpg,Jaya Sri Maha Bodhi,Anuradhapura,North Central,Temple/Historical,"A sacred fig tree, the oldest living human-planted tree in the world with a known planting date."
160310-colombo-march-10-2016-xinhua-sri-lankan-buddhists-offer-prayers-FKR274.jpg,Sri_mahabodhi_tree,C:\Users\ASUS\Documents\clipo model test one\new_dataset\Sri_mahabodhi_tree\160310-colombo-march-10-2016-xinhua-sri-lankan-buddhists-offer-prayers-FKR274.jpg,Jaya Sri Maha Bodhi,Anuradhapura,North Central,Temple/Historical,"A sacred fig tree, the oldest living human-planted tree in the world with a known planting date."
2fc2580e5f6f5938005eac1506a0e6c3.jpg,Sri_mahabodhi_tree,C:\Users\ASUS\Documents\clipo model test one\new_dataset\Sri_mahabodhi_tree\2fc2580e5f6f5938005eac1506a0e6c3.jpg,Jaya Sri Maha Bodhi,Anuradhapura,North Central,Temple/Historical,"A sacred fig tree, the oldest living human-planted tree in the world with a known planting date."
a-view-of-the-sacred-sri-maha-bodhi-tree-in-the-ancient-city-of-anuradhapura-C0DF2X.jpg,Sri_mahabodhi_tree,C:\Users\ASUS\Documents\clipo model test one\new_dataset\Sri_mahabodhi_tree\a-view-of-the-sacred-sri-maha-bodhi-tree-in-the-ancient-city-of-anuradhapura-C0DF2X.jpg,Jaya Sri Maha Bodhi,Anuradhapura,North Central,Temple/Historical,"A sacred fig tree, the oldest living human-planted tree in the world with a known planting date."
anuradhapura-sri-lanka-february-sri-maha-bodhi-tree-anuradhapura-sri-lanka-february-sri-maha-bodhi-tree-anuradhapura-275130298.jpg,Sri_mahabodhi_tree,C:\Users\ASUS\Documents\clipo model test one\new_dataset\Sri_mahabodhi_tree\anuradhapura-sri-lanka-february-sri-maha-bodhi-tree-anuradhapura-sri-lanka-february-sri-maha-bodhi-tree-anuradhapura-275130298.jpg,Jaya Sri Maha Bodhi,Anuradhapura,North Central,Temple/Historical,"A sacred fig tree, the oldest living human-planted tree in the world with a known planting date."
Anuradhapura-Sri-Maha-Bodhi-Sacred-Bo-Tree-golden-triangle-sri-lanka-1536x864.jpg,Sri_mahabodhi_tree,C:\Users\ASUS\Documents\clipo model test one\new_dataset\Sri_mahabodhi_tree\Anuradhapura-Sri-Maha-Bodhi-Sacred-Bo-Tree-golden-triangle-sri-lanka-1536x864.jpg,Jaya Sri Maha Bodhi,Anuradhapura,North Central,Temple/Historical,"A sacred fig tree, the oldest living human-planted tree in the world with a known planting date."
buddha-statue-under-a-holy-bodhi-tree-in-kandy-sri-lanka-K75155.jpg,Sri_mahabodhi_tree,C:\Users\ASUS\Documents\clipo model test one\new_dataset\Sri_mahabodhi_tree\buddha-statue-under-a-holy-bodhi-tree-in-kandy-sri-lanka-K75155.jpg,Jaya Sri Maha Bodhi,Anuradhapura,North Central,Temple/Historical,"A sacred fig tree, the oldest living human-planted tree in the world with a known planting date."
fs1600x1200px-Jaya_Sri_Maha_Bodhi_17.jpg,Sri_mahabodhi_tree,C:\Users\ASUS\Documents\clipo model test one\new_dataset\Sri_mahabodhi_tree\fs1600x1200px-Jaya_Sri_Maha_Bodhi_17.jpg,Jaya Sri Maha Bodhi,Anuradhapura,North Central,Temple/Historical,"A sacred fig tree, the oldest living human-planted tree in the world with a known planting date."
fs1600x1200px-Jaya_Sri_Maha_Bodhi_7.jpg,Sri_mahabodhi_tree,C:\Users\ASUS\Documents\clipo model test one\new_dataset\Sri_mahabodhi_tree\fs1600x1200px-Jaya_Sri_Maha_Bodhi_7.jpg,Jaya Sri Maha Bodhi,Anuradhapura,North Central,Temple/Historical,"A sacred fig tree, the oldest living human-planted tree in the world with a known planting date."
Jaya-Siri-Maha-Bodhi.jpg,Sri_mahabodhi_tree,C:\Users\ASUS\Documents\clipo model test one\new_dataset\Sri_mahabodhi_tree\Jaya-Siri-Maha-Bodhi.jpg,Jaya Sri Maha Bodhi,Anuradhapura,North Central,Temple/Historical,"A sacred fig tree, the oldest living human-planted tree in the world with a known planting date."
jaya-sri-maha-bodhi-sacred-fig-tree-mahamewna-gardens-anuradhapura-sacred-place-buddhists-sri-lanka-jaya-sri-174783595.jpg,Sri_mahabodhi_tree,C:\Users\ASUS\Documents\clipo model test one\new_dataset\Sri_mahabodhi_tree\jaya-sri-maha-bodhi-sacred-fig-tree-mahamewna-gardens-anuradhapura-sacred-place-buddhists-sri-lanka-jaya-sri-174783595.jpg,Jaya Sri Maha Bodhi,Anuradhapura,North Central,Temple/Historical,"A sacred fig tree, the oldest living human-planted tree in the world with a known planting date."
jayasrimaha-bodhi.jpg,Sri_mahabodhi_tree,C:\Users\ASUS\Documents\clipo model test one\new_dataset\Sri_mahabodhi_tree\jayasrimaha-bodhi.jpg,Jaya Sri Maha Bodhi,Anuradhapura,North Central,Temple/Historical,"A sacred fig tree, the oldest living human-planted tree in the world with a known planting date."
jayasrimahabodi2.jpg,Sri_mahabodhi_tree,C:\Users\ASUS\Documents\clipo model test one\new_dataset\Sri_mahabodhi_tree\jayasrimahabodi2.jpg,Jaya Sri Maha Bodhi,Anuradhapura,North Central,Temple/Historical,"A sacred fig tree, the oldest living human-planted tree in the world with a known planting date."
Jaya_Sri_maha_Bodhi.jpg,Sri_mahabodhi_tree,C:\Users\ASUS\Documents\clipo model test one\new_dataset\Sri_mahabodhi_tree\Jaya_Sri_maha_Bodhi.jpg,Jaya Sri Maha Bodhi,Anuradhapura,North Central,Temple/Historical,"A sacred fig tree, the oldest living human-planted tree in the world with a known planting date."
maxresdefault.jpg,Sri_mahabodhi_tree,C:\Users\ASUS\Documents\clipo model test one\new_dataset\Sri_mahabodhi_tree\maxresdefault.jpg,Jaya Sri Maha Bodhi,Anuradhapura,North Central,Temple/Historical,"A sacred fig tree, the oldest living human-planted tree in the world with a known planting date."
R.jpg,Sri_mahabodhi_tree,C:\Users\ASUS\Documents\clipo model test one\new_dataset\Sri_mahabodhi_tree\R.jpg,Jaya Sri Maha Bodhi,Anuradhapura,North Central,Temple/Historical,"A sacred fig tree, the oldest living human-planted tree in the world with a known planting date."
sacred-buddhist-maha-bodhi-tree-sri-lanka-ancient-capital-city-anuradhapura-50845505.jpg,Sri_mahabodhi_tree,C:\Users\ASUS\Documents\clipo model test one\new_dataset\Sri_mahabodhi_tree\sacred-buddhist-maha-bodhi-tree-sri-lanka-ancient-capital-city-anuradhapura-50845505.jpg,Jaya Sri Maha Bodhi,Anuradhapura,North Central,Temple/Historical,"A sacred fig tree, the oldest living human-planted tree in the world with a known planting date."
sacred-sri-maha-bodhi-tree-anuradhapura-sri-lanka-top-platform-33144315.jpg,Sri_mahabodhi_tree,C:\Users\ASUS\Documents\clipo model test one\new_dataset\Sri_mahabodhi_tree\sacred-sri-maha-bodhi-tree-anuradhapura-sri-lanka-top-platform-33144315.jpg,Jaya Sri Maha Bodhi,Anuradhapura,North Central,Temple/Historical,"A sacred fig tree, the oldest living human-planted tree in the world with a known planting date."
SRI LANKA Fig tree.jpg,Sri_mahabodhi_tree,C:\Users\ASUS\Documents\clipo model test one\new_dataset\Sri_mahabodhi_tree\SRI LANKA Fig tree.jpg,Jaya Sri Maha Bodhi,Anuradhapura,North Central,Temple/Historical,"A sacred fig tree, the oldest living human-planted tree in the world with a known planting date."
sri-lanka-anuradhapura-sri-maha-bodhi-tree-sacre-l-unesco-f788d3.jpg,Sri_mahabodhi_tree,C:\Users\ASUS\Documents\clipo model test one\new_dataset\Sri_mahabodhi_tree\sri-lanka-anuradhapura-sri-maha-bodhi-tree-sacre-l-unesco-f788d3.jpg,Jaya Sri Maha Bodhi,Anuradhapura,North Central,Temple/Historical,"A sacred fig tree, the oldest living human-planted tree in the world with a known planting date."
sri-maha-bodhi-sacred-bodhi-tree-anuradhapura-north-central-province-FAB4BD.jpg,Sri_mahabodhi_tree,C:\Users\ASUS\Documents\clipo model test one\new_dataset\Sri_mahabodhi_tree\sri-maha-bodhi-sacred-bodhi-tree-anuradhapura-north-central-province-FAB4BD.jpg,Jaya Sri Maha Bodhi,Anuradhapura,North Central,Temple/Historical,"A sacred fig tree, the oldest living human-planted tree in the world with a known planting date."
sri-maha-bodhi-tree-anuradhapura-world-s-oldest-documented-tree-sri-lanka-sri-maha-bodhi-tree-anuradhapura-world-s-274440977.jpg,Sri_mahabodhi_tree,C:\Users\ASUS\Documents\clipo model test one\new_dataset\Sri_mahabodhi_tree\sri-maha-bodhi-tree-anuradhapura-world-s-oldest-documented-tree-sri-lanka-sri-maha-bodhi-tree-anuradhapura-world-s-274440977.jpg,Jaya Sri Maha Bodhi,Anuradhapura,North Central,Temple/Historical,"A sacred fig tree, the oldest living human-planted tree in the world with a known planting date."
sri-maha-bodhi-tree-anuradhapura-world-s-oldest-documented-tree-sri-lanka-sri-maha-bodhi-tree-anuradhapura-world-s-274440984.jpg,Sri_mahabodhi_tree,C:\Users\ASUS\Documents\clipo model test one\new_dataset\Sri_mahabodhi_tree\sri-maha-bodhi-tree-anuradhapura-world-s-oldest-documented-tree-sri-lanka-sri-maha-bodhi-tree-anuradhapura-world-s-274440984.jpg,Jaya Sri Maha Bodhi,Anuradhapura,North Central,Temple/Historical,"A sacred fig tree, the oldest living human-planted tree in the world with a known planting date."
sri-maha-bodhi-tree-at-anuradhapura-the-worlds-oldest-documented-tree-sri-lanka-2PHRWGX.jpg,Sri_mahabodhi_tree,C:\Users\ASUS\Documents\clipo model test one\new_dataset\Sri_mahabodhi_tree\sri-maha-bodhi-tree-at-anuradhapura-the-worlds-oldest-documented-tree-sri-lanka-2PHRWGX.jpg,Jaya Sri Maha Bodhi,Anuradhapura,North Central,Temple/Historical,"A sacred fig tree, the oldest living human-planted tree in the world with a known planting date."
sri-maha-bodhi-tree-at-anuradhapura-the-worlds-oldest-documented-tree-sri-lanka-2PHRWGY.jpg,Sri_mahabodhi_tree,C:\Users\ASUS\Documents\clipo model test one\new_dataset\Sri_mahabodhi_tree\sri-maha-bodhi-tree-at-anuradhapura-the-worlds-oldest-documented-tree-sri-lanka-2PHRWGY.jpg,Jaya Sri Maha Bodhi,Anuradhapura,North Central,Temple/Historical,"A sacred fig tree, the oldest living human-planted tree in the world with a known planting date."
sri-maha-bodhi-tree-jaya-sri-maha-bodhi-sacred-fig-tree-mahamewna-gardens-anuradhapura-sri-lanka-jaya-sri-maha-bodhi-157234988.jpg,Sri_mahabodhi_tree,C:\Users\ASUS\Documents\clipo model test one\new_dataset\Sri_mahabodhi_tree\sri-maha-bodhi-tree-jaya-sri-maha-bodhi-sacred-fig-tree-mahamewna-gardens-anuradhapura-sri-lanka-jaya-sri-maha-bodhi-157234988.jpg,Jaya Sri Maha Bodhi,Anuradhapura,North Central,Temple/Historical,"A sacred fig tree, the oldest living human-planted tree in the world with a known planting date."
Sri-Maha-Bodhi-Tree_shutterstock-1-788x537.jpg,Sri_mahabodhi_tree,C:\Users\ASUS\Documents\clipo model test one\new_dataset\Sri_mahabodhi_tree\Sri-Maha-Bodhi-Tree_shutterstock-1-788x537.jpg,Jaya Sri Maha Bodhi,Anuradhapura,North Central,Temple/Historical,"A sacred fig tree, the oldest living human-planted tree in the world with a known planting date."
view-important-buddhist-tree-mahabodhi-growing-near-temple-anuradhapura-sri-lanka-sacred-mahabodhi-tree-103989316.jpg,Sri_mahabodhi_tree,C:\Users\ASUS\Documents\clipo model test one\new_dataset\Sri_mahabodhi_tree\view-important-buddhist-tree-mahabodhi-growing-near-temple-anuradhapura-sri-lanka-sacred-mahabodhi-tree-103989316.jpg,Jaya Sri Maha Bodhi,Anuradhapura,North Central,Temple/Historical,"A sacred fig tree, the oldest living human-planted tree in the world with a known planting date."
OIP (6).jpg,Star_fort_matara,C:\Users\ASUS\Documents\clipo model test one\new_dataset\Star_fort_matara\OIP (6).jpg,Star Fort,Matara,Southern,Historical/Fort,A small star-shaped fort built by the Dutch in Matara.
OIP (7).jpg,Star_fort_matara,C:\Users\ASUS\Documents\clipo model test one\new_dataset\Star_fort_matara\OIP (7).jpg,Star Fort,Matara,Southern,Historical/Fort,A small star-shaped fort built by the Dutch in Matara.
sri-lanka-southern-province-matara-entrance-gate-of-the-star-fort-K6X1H8.jpg,Star_fort_matara,C:\Users\ASUS\Documents\clipo model test one\new_dataset\Star_fort_matara\sri-lanka-southern-province-matara-entrance-gate-of-the-star-fort-K6X1H8.jpg,Star Fort,Matara,Southern,Historical/Fort,A small star-shaped fort built by the Dutch in Matara.
Sri_Lanka_128.jpg,Star_fort_matara,C:\Users\ASUS\Documents\clipo model test one\new_dataset\Star_fort_matara\Sri_Lanka_128.jpg,Star Fort,Matara,Southern,Historical/Fort,A small star-shaped fort built by the Dutch in Matara.
star-fort-dutch-fort-from-1765-matara-sri-lanka-HNAJ7G.jpg,Star_fort_matara,C:\Users\ASUS\Documents\clipo model test one\new_dataset\Star_fort_matara\star-fort-dutch-fort-from-1765-matara-sri-lanka-HNAJ7G.jpg,Star Fort,Matara,Southern,Historical/Fort,A small star-shaped fort built by the Dutch in Matara.
star-fort-matara-3689.jpg,Star_fort_matara,C:\Users\ASUS\Documents\clipo model test one\new_dataset\Star_fort_matara\star-fort-matara-3689.jpg,Star Fort,Matara,Southern,Historical/Fort,A small star-shaped fort built by the Dutch in Matara.
Star-Fort-Matara-Sri-Lanka-2.jpg,Star_fort_matara,C:\Users\ASUS\Documents\clipo model test one\new_dataset\Star_fort_matara\Star-Fort-Matara-Sri-Lanka-2.jpg,Star Fort,Matara,Southern,Historical/Fort,A small star-shaped fort built by the Dutch in Matara.
Star-Fort-Matara-Sri-Lanka-4.jpg,Star_fort_matara,C:\Users\ASUS\Documents\clipo model test one\new_dataset\Star_fort_matara\Star-Fort-Matara-Sri-Lanka-4.jpg,Star Fort,Matara,Southern,Historical/Fort,A small star-shaped fort built by the Dutch in Matara.
Star-Fort-Matara-Sri-Lanka-5.jpg,Star_fort_matara,C:\Users\ASUS\Documents\clipo model test one\new_dataset\Star_fort_matara\Star-Fort-Matara-Sri-Lanka-5.jpg,Star Fort,Matara,Southern,Historical/Fort,A small star-shaped fort built by the Dutch in Matara.
star-fort-matara-sri-lanka-89164698.jpg,Star_fort_matara,C:\Users\ASUS\Documents\clipo model test one\new_dataset\Star_fort_matara\star-fort-matara-sri-lanka-89164698.jpg,Star Fort,Matara,Southern,Historical/Fort,A small star-shaped fort built by the Dutch in Matara.
The-front-view-of-six-pointed-Star-Fort-in-Matara-e1665382109417.jpg,Star_fort_matara,C:\Users\ASUS\Documents\clipo model test one\new_dataset\Star_fort_matara\The-front-view-of-six-pointed-Star-Fort-in-Matara-e1665382109417.jpg,Star Fort,Matara,Southern,Historical/Fort,A small star-shaped fort built by the Dutch in Matara.
WhatsApp Image 2026-02-19 at 11.09.59 PM.jpg,Star_fort_matara,C:\Users\ASUS\Documents\clipo model test one\new_dataset\Star_fort_matara\WhatsApp Image 2026-02-19 at 11.09.59 PM.jpg,Star Fort,Matara,Southern,Historical/Fort,A small star-shaped fort built by the Dutch in Matara.
WhatsApp Image 2026-02-19 at 11.10.00 PM.jpg,Star_fort_matara,C:\Users\ASUS\Documents\clipo model test one\new_dataset\Star_fort_matara\WhatsApp Image 2026-02-19 at 11.10.00 PM.jpg,Star Fort,Matara,Southern,Historical/Fort,A small star-shaped fort built by the Dutch in Matara.
WhatsApp Image 2026-02-19 at 11.10.09 PM (1).jpg,Star_fort_matara,C:\Users\ASUS\Documents\clipo model test one\new_dataset\Star_fort_matara\WhatsApp Image 2026-02-19 at 11.10.09 PM (1).jpg,Star Fort,Matara,Southern,Historical/Fort,A small star-shaped fort built by the Dutch in Matara.
WhatsApp Image 2026-02-19 at 11.10.09 PM.jpg,Star_fort_matara,C:\Users\ASUS\Documents\clipo model test one\new_dataset\Star_fort_matara\WhatsApp Image 2026-02-19 at 11.10.09 PM.jpg,Star Fort,Matara,Southern,Historical/Fort,A small star-shaped fort built by the Dutch in Matara.
WhatsApp Image 2026-02-19 at 11.10.14 PM.jpg,Star_fort_matara,C:\Users\ASUS\Documents\clipo model test one\new_dataset\Star_fort_matara\WhatsApp Image 2026-02-19 at 11.10.14 PM.jpg,Star Fort,Matara,Southern,Historical/Fort,A small star-shaped fort built by the Dutch in Matara.
WhatsApp Image 2026-02-19 at 11.10.15 PM.jpg,Star_fort_matara,C:\Users\ASUS\Documents\clipo model test one\new_dataset\Star_fort_matara\WhatsApp Image 2026-02-19 at 11.10.15 PM.jpg,Star Fort,Matara,Southern,Historical/Fort,A small star-shaped fort built by the Dutch in Matara.
WhatsApp Image 2026-02-19 at 11.10.16 PM.jpg,Star_fort_matara,C:\Users\ASUS\Documents\clipo model test one\new_dataset\Star_fort_matara\WhatsApp Image 2026-02-19 at 11.10.16 PM.jpg,Star Fort,Matara,Southern,Historical/Fort,A small star-shaped fort built by the Dutch in Matara.
BVCO5652.jpg,Udawalawe_National_Park,C:\Users\ASUS\Documents\clipo model test one\new_dataset\Udawalawe_National_Park\BVCO5652.jpg,Udawalawe National Park,Ratnapura/Moneragala,Sabaragamuwa/Uva,National Park,A national park famous for its large population of wild elephants.
CFLY2689.jpg,Udawalawe_National_Park,C:\Users\ASUS\Documents\clipo model test one\new_dataset\Udawalawe_National_Park\CFLY2689.jpg,Udawalawe National Park,Ratnapura/Moneragala,Sabaragamuwa/Uva,National Park,A national park famous for its large population of wild elephants.
CRRF6002.jpg,Udawalawe_National_Park,C:\Users\ASUS\Documents\clipo model test one\new_dataset\Udawalawe_National_Park\CRRF6002.jpg,Udawalawe National Park,Ratnapura/Moneragala,Sabaragamuwa/Uva,National Park,A national park famous for its large population of wild elephants.
DLGV7006.jpg,Udawalawe_National_Park,C:\Users\ASUS\Documents\clipo model test one\new_dataset\Udawalawe_National_Park\DLGV7006.jpg,Udawalawe National Park,Ratnapura/Moneragala,Sabaragamuwa/Uva,National Park,A national park famous for its large population of wild elephants.
EYUE7724.jpg,Udawalawe_National_Park,C:\Users\ASUS\Documents\clipo model test one\new_dataset\Udawalawe_National_Park\EYUE7724.jpg,Udawalawe National Park,Ratnapura/Moneragala,Sabaragamuwa/Uva,National Park,A national park famous for its large population of wild elephants.
GLDC3542.jpg,Udawalawe_National_Park,C:\Users\ASUS\Documents\clipo model test one\new_dataset\Udawalawe_National_Park\GLDC3542.jpg,Udawalawe National Park,Ratnapura/Moneragala,Sabaragamuwa/Uva,National Park,A national park famous for its large population of wild elephants.
GWUA5228.jpg,Udawalawe_National_Park,C:\Users\ASUS\Documents\clipo model test one\new_dataset\Udawalawe_National_Park\GWUA5228.jpg,Udawalawe National Park,Ratnapura/Moneragala,Sabaragamuwa/Uva,National Park,A national park famous for its large population of wild elephants.
IMCQ7553.jpg,Udawalawe_National_Park,C:\Users\ASUS\Documents\clipo model test one\new_dataset\Udawalawe_National_Park\IMCQ7553.jpg,Udawalawe National Park,Ratnapura/Moneragala,Sabaragamuwa/Uva,National Park,A national park famous for its large population of wild elephants.
ISQU3483.jpg,Udawalawe_National_Park,C:\Users\ASUS\Documents\clipo model test one\new_dataset\Udawalawe_National_Park\ISQU3483.jpg,Udawalawe National Park,Ratnapura/Moneragala,Sabaragamuwa/Uva,National Park,A national park famous for its large population of wild elephants.
JZHS7315.jpg,Udawalawe_National_Park,C:\Users\ASUS\Documents\clipo model test one\new_dataset\Udawalawe_National_Park\JZHS7315.jpg,Udawalawe National Park,Ratnapura/Moneragala,Sabaragamuwa/Uva,National Park,A national park famous for its large population of wild elephants.
LRHZ7159.jpg,Udawalawe_National_Park,C:\Users\ASUS\Documents\clipo model test one\new_dataset\Udawalawe_National_Park\LRHZ7159.jpg,Udawalawe National Park,Ratnapura/Moneragala,Sabaragamuwa/Uva,National Park,A national park famous for its large population of wild elephants.
MFGW8280.jpg,Udawalawe_National_Park,C:\Users\ASUS\Documents\clipo model test one\new_dataset\Udawalawe_National_Park\MFGW8280.jpg,Udawalawe National Park,Ratnapura/Moneragala,Sabaragamuwa/Uva,National Park,A national park famous for its large population of wild elephants.
MVML6022.jpg,Udawalawe_National_Park,C:\Users\ASUS\Documents\clipo model test one\new_dataset\Udawalawe_National_Park\MVML6022.jpg,Udawalawe National Park,Ratnapura/Moneragala,Sabaragamuwa/Uva,National Park,A national park famous for its large population of wild elephants.
NOUI5674.jpg,Udawalawe_National_Park,C:\Users\ASUS\Documents\clipo model test one\new_dataset\Udawalawe_National_Park\NOUI5674.jpg,Udawalawe National Park,Ratnapura/Moneragala,Sabaragamuwa/Uva,National Park,A national park famous for its large population of wild elephants.
PBWR0260.jpg,Udawalawe_National_Park,C:\Users\ASUS\Documents\clipo model test one\new_dataset\Udawalawe_National_Park\PBWR0260.jpg,Udawalawe National Park,Ratnapura/Moneragala,Sabaragamuwa/Uva,National Park,A national park famous for its large population of wild elephants.
POEU3193.jpg,Udawalawe_National_Park,C:\Users\ASUS\Documents\clipo model test one\new_dataset\Udawalawe_National_Park\POEU3193.jpg,Udawalawe National Park,Ratnapura/Moneragala,Sabaragamuwa/Uva,National Park,A national park famous for its large population of wild elephants.
QKQV7599.jpg,Udawalawe_National_Park,C:\Users\ASUS\Documents\clipo model test one\new_dataset\Udawalawe_National_Park\QKQV7599.jpg,Udawalawe National Park,Ratnapura/Moneragala,Sabaragamuwa/Uva,National Park,A national park famous for its large population of wild elephants.
RLAH9669.jpg,Udawalawe_National_Park,C:\Users\ASUS\Documents\clipo model test one\new_dataset\Udawalawe_National_Park\RLAH9669.jpg,Udawalawe National Park,Ratnapura/Moneragala,Sabaragamuwa/Uva,National Park,A national park famous for its large population of wild elephants.
SASY5132.jpg,Udawalawe_National_Park,C:\Users\ASUS\Documents\clipo model test one\new_dataset\Udawalawe_National_Park\SASY5132.jpg,Udawalawe National Park,Ratnapura/Moneragala,Sabaragamuwa/Uva,National Park,A national park famous for its large population of wild elephants.
SHDC6379.jpg,Udawalawe_National_Park,C:\Users\ASUS\Documents\clipo model test one\new_dataset\Udawalawe_National_Park\SHDC6379.jpg,Udawalawe National Park,Ratnapura/Moneragala,Sabaragamuwa/Uva,National Park,A national park famous for its large population of wild elephants.
TPVM2854.jpg,Udawalawe_National_Park,C:\Users\ASUS\Documents\clipo model test one\new_dataset\Udawalawe_National_Park\TPVM2854.jpg,Udawalawe National Park,Ratnapura/Moneragala,Sabaragamuwa/Uva,National Park,A national park famous for its large population of wild elephants.
TYNA2881.jpg,Udawalawe_National_Park,C:\Users\ASUS\Documents\clipo model test one\new_dataset\Udawalawe_National_Park\TYNA2881.jpg,Udawalawe National Park,Ratnapura/Moneragala,Sabaragamuwa/Uva,National Park,A national park famous for its large population of wild elephants.
UUAJ3159.jpg,Udawalawe_National_Park,C:\Users\ASUS\Documents\clipo model test one\new_dataset\Udawalawe_National_Park\UUAJ3159.jpg,Udawalawe National Park,Ratnapura/Moneragala,Sabaragamuwa/Uva,National Park,A national park famous for its large population of wild elephants.
WEBD0104.jpg,Udawalawe_National_Park,C:\Users\ASUS\Documents\clipo model test one\new_dataset\Udawalawe_National_Park\WEBD0104.jpg,Udawalawe National Park,Ratnapura/Moneragala,Sabaragamuwa/Uva,National Park,A national park famous for its large population of wild elephants.
XIPB2116.jpg,Udawalawe_National_Park,C:\Users\ASUS\Documents\clipo model test one\new_dataset\Udawalawe_National_Park\XIPB2116.jpg,Udawalawe National Park,Ratnapura/Moneragala,Sabaragamuwa/Uva,National Park,A national park famous for its large population of wild elephants.
ACYF1902.JPG,Upper_Diyaluma,C:\Users\ASUS\Documents\clipo model test one\new_dataset\Upper_Diyaluma\ACYF1902.JPG,Upper Diyaluma,Badulla,Uva,Waterfall/Nature,"The upper section of Diyaluma falls, featuring natural pools perfect for swimming."
AQWA0105.jpg,Upper_Diyaluma,C:\Users\ASUS\Documents\clipo model test one\new_dataset\Upper_Diyaluma\AQWA0105.jpg,Upper Diyaluma,Badulla,Uva,Waterfall/Nature,"The upper section of Diyaluma falls, featuring natural pools perfect for swimming."
ARIW9668.JPG,Upper_Diyaluma,C:\Users\ASUS\Documents\clipo model test one\new_dataset\Upper_Diyaluma\ARIW9668.JPG,Upper Diyaluma,Badulla,Uva,Waterfall/Nature,"The upper section of Diyaluma falls, featuring natural pools perfect for swimming."
DJDB6429.JPG,Upper_Diyaluma,C:\Users\ASUS\Documents\clipo model test one\new_dataset\Upper_Diyaluma\DJDB6429.JPG,Upper Diyaluma,Badulla,Uva,Waterfall/Nature,"The upper section of Diyaluma falls, featuring natural pools perfect for swimming."
DREP1379.jpg,Upper_Diyaluma,C:\Users\ASUS\Documents\clipo model test one\new_dataset\Upper_Diyaluma\DREP1379.jpg,Upper Diyaluma,Badulla,Uva,Waterfall/Nature,"The upper section of Diyaluma falls, featuring natural pools perfect for swimming."
DUJH4036.jpg,Upper_Diyaluma,C:\Users\ASUS\Documents\clipo model test one\new_dataset\Upper_Diyaluma\DUJH4036.jpg,Upper Diyaluma,Badulla,Uva,Waterfall/Nature,"The upper section of Diyaluma falls, featuring natural pools perfect for swimming."
EVJM4100.jpg,Upper_Diyaluma,C:\Users\ASUS\Documents\clipo model test one\new_dataset\Upper_Diyaluma\EVJM4100.jpg,Upper Diyaluma,Badulla,Uva,Waterfall/Nature,"The upper section of Diyaluma falls, featuring natural pools perfect for swimming."
FJQD8483.jpg,Upper_Diyaluma,C:\Users\ASUS\Documents\clipo model test one\new_dataset\Upper_Diyaluma\FJQD8483.jpg,Upper Diyaluma,Badulla,Uva,Waterfall/Nature,"The upper section of Diyaluma falls, featuring natural pools perfect for swimming."
GQUG7988.jpg,Upper_Diyaluma,C:\Users\ASUS\Documents\clipo model test one\new_dataset\Upper_Diyaluma\GQUG7988.jpg,Upper Diyaluma,Badulla,Uva,Waterfall/Nature,"The upper section of Diyaluma falls, featuring natural pools perfect for swimming."
HUVR6435.jpg,Upper_Diyaluma,C:\Users\ASUS\Documents\clipo model test one\new_dataset\Upper_Diyaluma\HUVR6435.jpg,Upper Diyaluma,Badulla,Uva,Waterfall/Nature,"The upper section of Diyaluma falls, featuring natural pools perfect for swimming."
HWZU7058.jpg,Upper_Diyaluma,C:\Users\ASUS\Documents\clipo model test one\new_dataset\Upper_Diyaluma\HWZU7058.jpg,Upper Diyaluma,Badulla,Uva,Waterfall/Nature,"The upper section of Diyaluma falls, featuring natural pools perfect for swimming."
IMG_0823.JPG,Upper_Diyaluma,C:\Users\ASUS\Documents\clipo model test one\new_dataset\Upper_Diyaluma\IMG_0823.JPG,Upper Diyaluma,Badulla,Uva,Waterfall/Nature,"The upper section of Diyaluma falls, featuring natural pools perfect for swimming."
IMG_0825.JPG,Upper_Diyaluma,C:\Users\ASUS\Documents\clipo model test one\new_dataset\Upper_Diyaluma\IMG_0825.JPG,Upper Diyaluma,Badulla,Uva,Waterfall/Nature,"The upper section of Diyaluma falls, featuring natural pools perfect for swimming."
IMG_0833.JPG,Upper_Diyaluma,C:\Users\ASUS\Documents\clipo model test one\new_dataset\Upper_Diyaluma\IMG_0833.JPG,Upper Diyaluma,Badulla,Uva,Waterfall/Nature,"The upper section of Diyaluma falls, featuring natural pools perfect for swimming."
IMG_0836.JPG,Upper_Diyaluma,C:\Users\ASUS\Documents\clipo model test one\new_dataset\Upper_Diyaluma\IMG_0836.JPG,Upper Diyaluma,Badulla,Uva,Waterfall/Nature,"The upper section of Diyaluma falls, featuring natural pools perfect for swimming."
IQLI0424.JPG,Upper_Diyaluma,C:\Users\ASUS\Documents\clipo model test one\new_dataset\Upper_Diyaluma\IQLI0424.JPG,Upper Diyaluma,Badulla,Uva,Waterfall/Nature,"The upper section of Diyaluma falls, featuring natural pools perfect for swimming."
KGOJ0687.jpg,Upper_Diyaluma,C:\Users\ASUS\Documents\clipo model test one\new_dataset\Upper_Diyaluma\KGOJ0687.jpg,Upper Diyaluma,Badulla,Uva,Waterfall/Nature,"The upper section of Diyaluma falls, featuring natural pools perfect for swimming."
KUJY4526.JPG,Upper_Diyaluma,C:\Users\ASUS\Documents\clipo model test one\new_dataset\Upper_Diyaluma\KUJY4526.JPG,Upper Diyaluma,Badulla,Uva,Waterfall/Nature,"The upper section of Diyaluma falls, featuring natural pools perfect for swimming."
LBWQ5722.jpg,Upper_Diyaluma,C:\Users\ASUS\Documents\clipo model test one\new_dataset\Upper_Diyaluma\LBWQ5722.jpg,Upper Diyaluma,Badulla,Uva,Waterfall/Nature,"The upper section of Diyaluma falls, featuring natural pools perfect for swimming."
MXCI6064.JPG,Upper_Diyaluma,C:\Users\ASUS\Documents\clipo model test one\new_dataset\Upper_Diyaluma\MXCI6064.JPG,Upper Diyaluma,Badulla,Uva,Waterfall/Nature,"The upper section of Diyaluma falls, featuring natural pools perfect for swimming."
OKSZ7806.JPG,Upper_Diyaluma,C:\Users\ASUS\Documents\clipo model test one\new_dataset\Upper_Diyaluma\OKSZ7806.JPG,Upper Diyaluma,Badulla,Uva,Waterfall/Nature,"The upper section of Diyaluma falls, featuring natural pools perfect for swimming."
QCVS8966.jpg,Upper_Diyaluma,C:\Users\ASUS\Documents\clipo model test one\new_dataset\Upper_Diyaluma\QCVS8966.jpg,Upper Diyaluma,Badulla,Uva,Waterfall/Nature,"The upper section of Diyaluma falls, featuring natural pools perfect for swimming."
WQEI8801.jpg,Upper_Diyaluma,C:\Users\ASUS\Documents\clipo model test one\new_dataset\Upper_Diyaluma\WQEI8801.jpg,Upper Diyaluma,Badulla,Uva,Waterfall/Nature,"The upper section of Diyaluma falls, featuring natural pools perfect for swimming."
XCWK5801.jpg,Upper_Diyaluma,C:\Users\ASUS\Documents\clipo model test one\new_dataset\Upper_Diyaluma\XCWK5801.jpg,Upper Diyaluma,Badulla,Uva,Waterfall/Nature,"The upper section of Diyaluma falls, featuring natural pools perfect for swimming."
XMXT0043.JPG,Upper_Diyaluma,C:\Users\ASUS\Documents\clipo model test one\new_dataset\Upper_Diyaluma\XMXT0043.JPG,Upper Diyaluma,Badulla,Uva,Waterfall/Nature,"The upper section of Diyaluma falls, featuring natural pools perfect for swimming."
AECX0593.jpg,Victoria_Dam,C:\Users\ASUS\Documents\clipo model test one\new_dataset\Victoria_Dam\AECX0593.jpg,Victoria Dam,Kandy,Central,Landmark/Dam,"The tallest dam in Sri Lanka, offering picturesque views."
AFFE6084.jpg,Victoria_Dam,C:\Users\ASUS\Documents\clipo model test one\new_dataset\Victoria_Dam\AFFE6084.jpg,Victoria Dam,Kandy,Central,Landmark/Dam,"The tallest dam in Sri Lanka, offering picturesque views."
BTNT7267.jpg,Victoria_Dam,C:\Users\ASUS\Documents\clipo model test one\new_dataset\Victoria_Dam\BTNT7267.jpg,Victoria Dam,Kandy,Central,Landmark/Dam,"The tallest dam in Sri Lanka, offering picturesque views."
CRAH5253.jpg,Victoria_Dam,C:\Users\ASUS\Documents\clipo model test one\new_dataset\Victoria_Dam\CRAH5253.jpg,Victoria Dam,Kandy,Central,Landmark/Dam,"The tallest dam in Sri Lanka, offering picturesque views."
DRCA1801.jpg,Victoria_Dam,C:\Users\ASUS\Documents\clipo model test one\new_dataset\Victoria_Dam\DRCA1801.jpg,Victoria Dam,Kandy,Central,Landmark/Dam,"The tallest dam in Sri Lanka, offering picturesque views."
GSTT6065.JPG,Victoria_Dam,C:\Users\ASUS\Documents\clipo model test one\new_dataset\Victoria_Dam\GSTT6065.JPG,Victoria Dam,Kandy,Central,Landmark/Dam,"The tallest dam in Sri Lanka, offering picturesque views."
GTJM5609.jpg,Victoria_Dam,C:\Users\ASUS\Documents\clipo model test one\new_dataset\Victoria_Dam\GTJM5609.jpg,Victoria Dam,Kandy,Central,Landmark/Dam,"The tallest dam in Sri Lanka, offering picturesque views."
IMG_0918.JPG,Victoria_Dam,C:\Users\ASUS\Documents\clipo model test one\new_dataset\Victoria_Dam\IMG_0918.JPG,Victoria Dam,Kandy,Central,Landmark/Dam,"The tallest dam in Sri Lanka, offering picturesque views."
IZWH5878.JPG,Victoria_Dam,C:\Users\ASUS\Documents\clipo model test one\new_dataset\Victoria_Dam\IZWH5878.JPG,Victoria Dam,Kandy,Central,Landmark/Dam,"The tallest dam in Sri Lanka, offering picturesque views."
JXYK5202.jpg,Victoria_Dam,C:\Users\ASUS\Documents\clipo model test one\new_dataset\Victoria_Dam\JXYK5202.jpg,Victoria Dam,Kandy,Central,Landmark/Dam,"The tallest dam in Sri Lanka, offering picturesque views."
LQSS8124.jpg,Victoria_Dam,C:\Users\ASUS\Documents\clipo model test one\new_dataset\Victoria_Dam\LQSS8124.jpg,Victoria Dam,Kandy,Central,Landmark/Dam,"The tallest dam in Sri Lanka, offering picturesque views."
MZCV6857.jpg,Victoria_Dam,C:\Users\ASUS\Documents\clipo model test one\new_dataset\Victoria_Dam\MZCV6857.jpg,Victoria Dam,Kandy,Central,Landmark/Dam,"The tallest dam in Sri Lanka, offering picturesque views."
OKBQ2084.JPG,Victoria_Dam,C:\Users\ASUS\Documents\clipo model test one\new_dataset\Victoria_Dam\OKBQ2084.JPG,Victoria Dam,Kandy,Central,Landmark/Dam,"The tallest dam in Sri Lanka, offering picturesque views."
PIGF2313.jpg,Victoria_Dam,C:\Users\ASUS\Documents\clipo model test one\new_dataset\Victoria_Dam\PIGF2313.jpg,Victoria Dam,Kandy,Central,Landmark/Dam,"The tallest dam in Sri Lanka, offering picturesque views."
QAAS5636.jpg,Victoria_Dam,C:\Users\ASUS\Documents\clipo model test one\new_dataset\Victoria_Dam\QAAS5636.jpg,Victoria Dam,Kandy,Central,Landmark/Dam,"The tallest dam in Sri Lanka, offering picturesque views."
QWLH0394.jpg,Victoria_Dam,C:\Users\ASUS\Documents\clipo model test one\new_dataset\Victoria_Dam\QWLH0394.jpg,Victoria Dam,Kandy,Central,Landmark/Dam,"The tallest dam in Sri Lanka, offering picturesque views."
RAGJ6951.jpg,Victoria_Dam,C:\Users\ASUS\Documents\clipo model test one\new_dataset\Victoria_Dam\RAGJ6951.jpg,Victoria Dam,Kandy,Central,Landmark/Dam,"The tallest dam in Sri Lanka, offering picturesque views."
RGHG1453.jpg,Victoria_Dam,C:\Users\ASUS\Documents\clipo model test one\new_dataset\Victoria_Dam\RGHG1453.jpg,Victoria Dam,Kandy,Central,Landmark/Dam,"The tallest dam in Sri Lanka, offering picturesque views."
SCQP6537.jpg,Victoria_Dam,C:\Users\ASUS\Documents\clipo model test one\new_dataset\Victoria_Dam\SCQP6537.jpg,Victoria Dam,Kandy,Central,Landmark/Dam,"The tallest dam in Sri Lanka, offering picturesque views."
SMQH5928.JPG,Victoria_Dam,C:\Users\ASUS\Documents\clipo model test one\new_dataset\Victoria_Dam\SMQH5928.JPG,Victoria Dam,Kandy,Central,Landmark/Dam,"The tallest dam in Sri Lanka, offering picturesque views."
ULLX3684.jpg,Victoria_Dam,C:\Users\ASUS\Documents\clipo model test one\new_dataset\Victoria_Dam\ULLX3684.jpg,Victoria Dam,Kandy,Central,Landmark/Dam,"The tallest dam in Sri Lanka, offering picturesque views."
UPRQ8176.jpg,Victoria_Dam,C:\Users\ASUS\Documents\clipo model test one\new_dataset\Victoria_Dam\UPRQ8176.jpg,Victoria Dam,Kandy,Central,Landmark/Dam,"The tallest dam in Sri Lanka, offering picturesque views."
XQXF9618.JPG,Victoria_Dam,C:\Users\ASUS\Documents\clipo model test one\new_dataset\Victoria_Dam\XQXF9618.JPG,Victoria Dam,Kandy,Central,Landmark/Dam,"The tallest dam in Sri Lanka, offering picturesque views."
XWXR5805.JPG,Victoria_Dam,C:\Users\ASUS\Documents\clipo model test one\new_dataset\Victoria_Dam\XWXR5805.JPG,Victoria Dam,Kandy,Central,Landmark/Dam,"The tallest dam in Sri Lanka, offering picturesque views."
YFNE2113.jpg,Victoria_Dam,C:\Users\ASUS\Documents\clipo model test one\new_dataset\Victoria_Dam\YFNE2113.jpg,Victoria Dam,Kandy,Central,Landmark/Dam,"The tallest dam in Sri Lanka, offering picturesque views."
BACC4844.jpg,Wangedigala_mountain,C:\Users\ASUS\Documents\clipo model test one\new_dataset\Wangedigala_mountain\BACC4844.jpg,Wangedigala,Badulla,Uva,Mountain/Hiking,A popular hiking destination in Bambarakanda area with pine forests.
BQOG6656.JPG,Wangedigala_mountain,C:\Users\ASUS\Documents\clipo model test one\new_dataset\Wangedigala_mountain\BQOG6656.JPG,Wangedigala,Badulla,Uva,Mountain/Hiking,A popular hiking destination in Bambarakanda area with pine forests.
EFHR1666.JPG,Wangedigala_mountain,C:\Users\ASUS\Documents\clipo model test one\new_dataset\Wangedigala_mountain\EFHR1666.JPG,Wangedigala,Badulla,Uva,Mountain/Hiking,A popular hiking destination in Bambarakanda area with pine forests.
FPDI2767.jpg,Wangedigala_mountain,C:\Users\ASUS\Documents\clipo model test one\new_dataset\Wangedigala_mountain\FPDI2767.jpg,Wangedigala,Badulla,Uva,Mountain/Hiking,A popular hiking destination in Bambarakanda area with pine forests.
GEQH8561.jpg,Wangedigala_mountain,C:\Users\ASUS\Documents\clipo model test one\new_dataset\Wangedigala_mountain\GEQH8561.jpg,Wangedigala,Badulla,Uva,Mountain/Hiking,A popular hiking destination in Bambarakanda area with pine forests.
GEZX0348.jpg,Wangedigala_mountain,C:\Users\ASUS\Documents\clipo model test one\new_dataset\Wangedigala_mountain\GEZX0348.jpg,Wangedigala,Badulla,Uva,Mountain/Hiking,A popular hiking destination in Bambarakanda area with pine forests.
GJWJ4449.jpg,Wangedigala_mountain,C:\Users\ASUS\Documents\clipo model test one\new_dataset\Wangedigala_mountain\GJWJ4449.jpg,Wangedigala,Badulla,Uva,Mountain/Hiking,A popular hiking destination in Bambarakanda area with pine forests.
IFZM2219.jpg,Wangedigala_mountain,C:\Users\ASUS\Documents\clipo model test one\new_dataset\Wangedigala_mountain\IFZM2219.jpg,Wangedigala,Badulla,Uva,Mountain/Hiking,A popular hiking destination in Bambarakanda area with pine forests.
IMG_0895.JPG,Wangedigala_mountain,C:\Users\ASUS\Documents\clipo model test one\new_dataset\Wangedigala_mountain\IMG_0895.JPG,Wangedigala,Badulla,Uva,Mountain/Hiking,A popular hiking destination in Bambarakanda area with pine forests.
IMG_0897.JPG,Wangedigala_mountain,C:\Users\ASUS\Documents\clipo model test one\new_dataset\Wangedigala_mountain\IMG_0897.JPG,Wangedigala,Badulla,Uva,Mountain/Hiking,A popular hiking destination in Bambarakanda area with pine forests.
IMG_0899.JPG,Wangedigala_mountain,C:\Users\ASUS\Documents\clipo model test one\new_dataset\Wangedigala_mountain\IMG_0899.JPG,Wangedigala,Badulla,Uva,Mountain/Hiking,A popular hiking destination in Bambarakanda area with pine forests.
IMG_0904.JPG,Wangedigala_mountain,C:\Users\ASUS\Documents\clipo model test one\new_dataset\Wangedigala_mountain\IMG_0904.JPG,Wangedigala,Badulla,Uva,Mountain/Hiking,A popular hiking destination in Bambarakanda area with pine forests.
IMG_0910.JPG,Wangedigala_mountain,C:\Users\ASUS\Documents\clipo model test one\new_dataset\Wangedigala_mountain\IMG_0910.JPG,Wangedigala,Badulla,Uva,Mountain/Hiking,A popular hiking destination in Bambarakanda area with pine forests.
IMG_0914.JPG,Wangedigala_mountain,C:\Users\ASUS\Documents\clipo model test one\new_dataset\Wangedigala_mountain\IMG_0914.JPG,Wangedigala,Badulla,Uva,Mountain/Hiking,A popular hiking destination in Bambarakanda area with pine forests.
MNDB7357.jpg,Wangedigala_mountain,C:\Users\ASUS\Documents\clipo model test one\new_dataset\Wangedigala_mountain\MNDB7357.jpg,Wangedigala,Badulla,Uva,Mountain/Hiking,A popular hiking destination in Bambarakanda area with pine forests.
MTHY4098.jpg,Wangedigala_mountain,C:\Users\ASUS\Documents\clipo model test one\new_dataset\Wangedigala_mountain\MTHY4098.jpg,Wangedigala,Badulla,Uva,Mountain/Hiking,A popular hiking destination in Bambarakanda area with pine forests.
OARN2500.JPG,Wangedigala_mountain,C:\Users\ASUS\Documents\clipo model test one\new_dataset\Wangedigala_mountain\OARN2500.JPG,Wangedigala,Badulla,Uva,Mountain/Hiking,A popular hiking destination in Bambarakanda area with pine forests.
OIGS7751.jpg,Wangedigala_mountain,C:\Users\ASUS\Documents\clipo model test one\new_dataset\Wangedigala_mountain\OIGS7751.jpg,Wangedigala,Badulla,Uva,Mountain/Hiking,A popular hiking destination in Bambarakanda area with pine forests.
OWTA8838.jpg,Wangedigala_mountain,C:\Users\ASUS\Documents\clipo model test one\new_dataset\Wangedigala_mountain\OWTA8838.jpg,Wangedigala,Badulla,Uva,Mountain/Hiking,A popular hiking destination in Bambarakanda area with pine forests.
PDCR7322.jpg,Wangedigala_mountain,C:\Users\ASUS\Documents\clipo model test one\new_dataset\Wangedigala_mountain\PDCR7322.jpg,Wangedigala,Badulla,Uva,Mountain/Hiking,A popular hiking destination in Bambarakanda area with pine forests.
QCDF8857.jpg,Wangedigala_mountain,C:\Users\ASUS\Documents\clipo model test one\new_dataset\Wangedigala_mountain\QCDF8857.jpg,Wangedigala,Badulla,Uva,Mountain/Hiking,A popular hiking destination in Bambarakanda area with pine forests.
QOBW4391.jpg,Wangedigala_mountain,C:\Users\ASUS\Documents\clipo model test one\new_dataset\Wangedigala_mountain\QOBW4391.jpg,Wangedigala,Badulla,Uva,Mountain/Hiking,A popular hiking destination in Bambarakanda area with pine forests.
TMDI7424.jpg,Wangedigala_mountain,C:\Users\ASUS\Documents\clipo model test one\new_dataset\Wangedigala_mountain\TMDI7424.jpg,Wangedigala,Badulla,Uva,Mountain/Hiking,A popular hiking destination in Bambarakanda area with pine forests.
UHRK4820.jpg,Wangedigala_mountain,C:\Users\ASUS\Documents\clipo model test one\new_dataset\Wangedigala_mountain\UHRK4820.jpg,Wangedigala,Badulla,Uva,Mountain/Hiking,A popular hiking destination in Bambarakanda area with pine forests.
XXBI8803.jpg,Wangedigala_mountain,C:\Users\ASUS\Documents\clipo model test one\new_dataset\Wangedigala_mountain\XXBI8803.jpg,Wangedigala,Badulla,Uva,Mountain/Hiking,A popular hiking destination in Bambarakanda area with pine forests.
ATRK0710.jpg,Worlds_End_Horton_Plains,C:\Users\ASUS\Documents\clipo model test one\new_dataset\Worlds_End_Horton_Plains\ATRK0710.jpg,World's End,Nuwara Eliya,Central,Viewpoint,"A sheer precipice with a massive drop, located within Horton Plains National Park."
BUBV6105.jpg,Worlds_End_Horton_Plains,C:\Users\ASUS\Documents\clipo model test one\new_dataset\Worlds_End_Horton_Plains\BUBV6105.jpg,World's End,Nuwara Eliya,Central,Viewpoint,"A sheer precipice with a massive drop, located within Horton Plains National Park."
DAQI9980.JPG,Worlds_End_Horton_Plains,C:\Users\ASUS\Documents\clipo model test one\new_dataset\Worlds_End_Horton_Plains\DAQI9980.JPG,World's End,Nuwara Eliya,Central,Viewpoint,"A sheer precipice with a massive drop, located within Horton Plains National Park."
EACN5682.jpg,Worlds_End_Horton_Plains,C:\Users\ASUS\Documents\clipo model test one\new_dataset\Worlds_End_Horton_Plains\EACN5682.jpg,World's End,Nuwara Eliya,Central,Viewpoint,"A sheer precipice with a massive drop, located within Horton Plains National Park."
EHGP9798.jpg,Worlds_End_Horton_Plains,C:\Users\ASUS\Documents\clipo model test one\new_dataset\Worlds_End_Horton_Plains\EHGP9798.jpg,World's End,Nuwara Eliya,Central,Viewpoint,"A sheer precipice with a massive drop, located within Horton Plains National Park."
ELWI0747.jpg,Worlds_End_Horton_Plains,C:\Users\ASUS\Documents\clipo model test one\new_dataset\Worlds_End_Horton_Plains\ELWI0747.jpg,World's End,Nuwara Eliya,Central,Viewpoint,"A sheer precipice with a massive drop, located within Horton Plains National Park."
EZOO3677.jpg,Worlds_End_Horton_Plains,C:\Users\ASUS\Documents\clipo model test one\new_dataset\Worlds_End_Horton_Plains\EZOO3677.jpg,World's End,Nuwara Eliya,Central,Viewpoint,"A sheer precipice with a massive drop, located within Horton Plains National Park."
FFCI1776.jpg,Worlds_End_Horton_Plains,C:\Users\ASUS\Documents\clipo model test one\new_dataset\Worlds_End_Horton_Plains\FFCI1776.jpg,World's End,Nuwara Eliya,Central,Viewpoint,"A sheer precipice with a massive drop, located within Horton Plains National Park."
GMJN3001.jpg,Worlds_End_Horton_Plains,C:\Users\ASUS\Documents\clipo model test one\new_dataset\Worlds_End_Horton_Plains\GMJN3001.jpg,World's End,Nuwara Eliya,Central,Viewpoint,"A sheer precipice with a massive drop, located within Horton Plains National Park."
ICED6992.JPG,Worlds_End_Horton_Plains,C:\Users\ASUS\Documents\clipo model test one\new_dataset\Worlds_End_Horton_Plains\ICED6992.JPG,World's End,Nuwara Eliya,Central,Viewpoint,"A sheer precipice with a massive drop, located within Horton Plains National Park."
IMG_0780.JPG,Worlds_End_Horton_Plains,C:\Users\ASUS\Documents\clipo model test one\new_dataset\Worlds_End_Horton_Plains\IMG_0780.JPG,World's End,Nuwara Eliya,Central,Viewpoint,"A sheer precipice with a massive drop, located within Horton Plains National Park."
IMG_0784.JPG,Worlds_End_Horton_Plains,C:\Users\ASUS\Documents\clipo model test one\new_dataset\Worlds_End_Horton_Plains\IMG_0784.JPG,World's End,Nuwara Eliya,Central,Viewpoint,"A sheer precipice with a massive drop, located within Horton Plains National Park."
IMG_0787.JPG,Worlds_End_Horton_Plains,C:\Users\ASUS\Documents\clipo model test one\new_dataset\Worlds_End_Horton_Plains\IMG_0787.JPG,World's End,Nuwara Eliya,Central,Viewpoint,"A sheer precipice with a massive drop, located within Horton Plains National Park."
IMG_0789.JPG,Worlds_End_Horton_Plains,C:\Users\ASUS\Documents\clipo model test one\new_dataset\Worlds_End_Horton_Plains\IMG_0789.JPG,World's End,Nuwara Eliya,Central,Viewpoint,"A sheer precipice with a massive drop, located within Horton Plains National Park."
JQQS0721.jpg,Worlds_End_Horton_Plains,C:\Users\ASUS\Documents\clipo model test one\new_dataset\Worlds_End_Horton_Plains\JQQS0721.jpg,World's End,Nuwara Eliya,Central,Viewpoint,"A sheer precipice with a massive drop, located within Horton Plains National Park."
ONHD1425.jpg,Worlds_End_Horton_Plains,C:\Users\ASUS\Documents\clipo model test one\new_dataset\Worlds_End_Horton_Plains\ONHD1425.jpg,World's End,Nuwara Eliya,Central,Viewpoint,"A sheer precipice with a massive drop, located within Horton Plains National Park."
RESW3026.jpg,Worlds_End_Horton_Plains,C:\Users\ASUS\Documents\clipo model test one\new_dataset\Worlds_End_Horton_Plains\RESW3026.jpg,World's End,Nuwara Eliya,Central,Viewpoint,"A sheer precipice with a massive drop, located within Horton Plains National Park."
RTFV0457.jpg,Worlds_End_Horton_Plains,C:\Users\ASUS\Documents\clipo model test one\new_dataset\Worlds_End_Horton_Plains\RTFV0457.jpg,World's End,Nuwara Eliya,Central,Viewpoint,"A sheer precipice with a massive drop, located within Horton Plains National Park."
SDMG6203.JPG,Worlds_End_Horton_Plains,C:\Users\ASUS\Documents\clipo model test one\new_dataset\Worlds_End_Horton_Plains\SDMG6203.JPG,World's End,Nuwara Eliya,Central,Viewpoint,"A sheer precipice with a massive drop, located within Horton Plains National Park."
SUTV0733.JPG,Worlds_End_Horton_Plains,C:\Users\ASUS\Documents\clipo model test one\new_dataset\Worlds_End_Horton_Plains\SUTV0733.JPG,World's End,Nuwara Eliya,Central,Viewpoint,"A sheer precipice with a massive drop, located within Horton Plains National Park."
VGQS1142.jpg,Worlds_End_Horton_Plains,C:\Users\ASUS\Documents\clipo model test one\new_dataset\Worlds_End_Horton_Plains\VGQS1142.jpg,World's End,Nuwara Eliya,Central,Viewpoint,"A sheer precipice with a massive drop, located within Horton Plains National Park."
VYLN2459.JPG,Worlds_End_Horton_Plains,C:\Users\ASUS\Documents\clipo model test one\new_dataset\Worlds_End_Horton_Plains\VYLN2459.JPG,World's End,Nuwara Eliya,Central,Viewpoint,"A sheer precipice with a massive drop, located within Horton Plains National Park."
16.jpg,beddagana_wetland_park,C:\Users\ASUS\Documents\clipo model test one\new_dataset\beddagana_wetland_park\16.jpg,Beddagana Wetland Park,Colombo,Western,Park/Nature,A wetland nature reserve located in Sri Jayewardenepura Kotte.
62815.jpg,beddagana_wetland_park,C:\Users\ASUS\Documents\clipo model test one\new_dataset\beddagana_wetland_park\62815.jpg,Beddagana Wetland Park,Colombo,Western,Park/Nature,A wetland nature reserve located in Sri Jayewardenepura Kotte.
67f699249bb19d79b555289484998726.jpg,beddagana_wetland_park,C:\Users\ASUS\Documents\clipo model test one\new_dataset\beddagana_wetland_park\67f699249bb19d79b555289484998726.jpg,Beddagana Wetland Park,Colombo,Western,Park/Nature,A wetland nature reserve located in Sri Jayewardenepura Kotte.
Beddagana wetland park - Lankapradeepa.JPG,beddagana_wetland_park,C:\Users\ASUS\Documents\clipo model test one\new_dataset\beddagana_wetland_park\Beddagana wetland park - Lankapradeepa.JPG,Beddagana Wetland Park,Colombo,Western,Park/Nature,A wetland nature reserve located in Sri Jayewardenepura Kotte.
Beddagana-Wetland-Park-1.jpg,beddagana_wetland_park,C:\Users\ASUS\Documents\clipo model test one\new_dataset\beddagana_wetland_park\Beddagana-Wetland-Park-1.jpg,Beddagana Wetland Park,Colombo,Western,Park/Nature,A wetland nature reserve located in Sri Jayewardenepura Kotte.
Beddagana-Wetland-Park-768x512.jpg,beddagana_wetland_park,C:\Users\ASUS\Documents\clipo model test one\new_dataset\beddagana_wetland_park\Beddagana-Wetland-Park-768x512.jpg,Beddagana Wetland Park,Colombo,Western,Park/Nature,A wetland nature reserve located in Sri Jayewardenepura Kotte.
Beddagana-Wetland-Park-verdant-mosaic-of-wetlands2-600x400.jpg,beddagana_wetland_park,C:\Users\ASUS\Documents\clipo model test one\new_dataset\beddagana_wetland_park\Beddagana-Wetland-Park-verdant-mosaic-of-wetlands2-600x400.jpg,Beddagana Wetland Park,Colombo,Western,Park/Nature,A wetland nature reserve located in Sri Jayewardenepura Kotte.
Butterfly-Walk-480x640.jpg,beddagana_wetland_park,C:\Users\ASUS\Documents\clipo model test one\new_dataset\beddagana_wetland_park\Butterfly-Walk-480x640.jpg,Beddagana Wetland Park,Colombo,Western,Park/Nature,A wetland nature reserve located in Sri Jayewardenepura Kotte.
ca34c2b2139d9fe3348f247482013153.jpg,beddagana_wetland_park,C:\Users\ASUS\Documents\clipo model test one\new_dataset\beddagana_wetland_park\ca34c2b2139d9fe3348f247482013153.jpg,Beddagana Wetland Park,Colombo,Western,Park/Nature,A wetland nature reserve located in Sri Jayewardenepura Kotte.
cabb48d4-29c6-4deb-9d0c-8e62225d0b3d.jpg,beddagana_wetland_park,C:\Users\ASUS\Documents\clipo model test one\new_dataset\beddagana_wetland_park\cabb48d4-29c6-4deb-9d0c-8e62225d0b3d.jpg,Beddagana Wetland Park,Colombo,Western,Park/Nature,A wetland nature reserve located in Sri Jayewardenepura Kotte.
OIP (6).jpg,beddagana_wetland_park,C:\Users\ASUS\Documents\clipo model test one\new_dataset\beddagana_wetland_park\OIP (6).jpg,Beddagana Wetland Park,Colombo,Western,Park/Nature,A wetland nature reserve located in Sri Jayewardenepura Kotte.
R (1).jpg,beddagana_wetland_park,C:\Users\ASUS\Documents\clipo model test one\new_dataset\beddagana_wetland_park\R (1).jpg,Beddagana Wetland Park,Colombo,Western,Park/Nature,A wetland nature reserve located in Sri Jayewardenepura Kotte.
R (2).jpg,beddagana_wetland_park,C:\Users\ASUS\Documents\clipo model test one\new_dataset\beddagana_wetland_park\R (2).jpg,Beddagana Wetland Park,Colombo,Western,Park/Nature,A wetland nature reserve located in Sri Jayewardenepura Kotte.
R.jpg,beddagana_wetland_park,C:\Users\ASUS\Documents\clipo model test one\new_dataset\beddagana_wetland_park\R.jpg,Beddagana Wetland Park,Colombo,Western,Park/Nature,A wetland nature reserve located in Sri Jayewardenepura Kotte.
view-of-the-beddagana-wetland-park-on-the-1319861.jpg,beddagana_wetland_park,C:\Users\ASUS\Documents\clipo model test one\new_dataset\beddagana_wetland_park\view-of-the-beddagana-wetland-park-on-the-1319861.jpg,Beddagana Wetland Park,Colombo,Western,Park/Nature,A wetland nature reserve located in Sri Jayewardenepura Kotte.
Wetland+Park_DSC01391.jpg,beddagana_wetland_park,C:\Users\ASUS\Documents\clipo model test one\new_dataset\beddagana_wetland_park\Wetland+Park_DSC01391.jpg,Beddagana Wetland Park,Colombo,Western,Park/Nature,A wetland nature reserve located in Sri Jayewardenepura Kotte.
WhatsApp Image 2026-02-19 at 8.43.10 PM (1).jpg,beddagana_wetland_park,C:\Users\ASUS\Documents\clipo model test one\new_dataset\beddagana_wetland_park\WhatsApp Image 2026-02-19 at 8.43.10 PM (1).jpg,Beddagana Wetland Park,Colombo,Western,Park/Nature,A wetland nature reserve located in Sri Jayewardenepura Kotte.
WhatsApp Image 2026-02-19 at 8.43.10 PM (2).jpg,beddagana_wetland_park,C:\Users\ASUS\Documents\clipo model test one\new_dataset\beddagana_wetland_park\WhatsApp Image 2026-02-19 at 8.43.10 PM (2).jpg,Beddagana Wetland Park,Colombo,Western,Park/Nature,A wetland nature reserve located in Sri Jayewardenepura Kotte.
WhatsApp Image 2026-02-19 at 8.43.10 PM (3).jpg,beddagana_wetland_park,C:\Users\ASUS\Documents\clipo model test one\new_dataset\beddagana_wetland_park\WhatsApp Image 2026-02-19 at 8.43.10 PM (3).jpg,Beddagana Wetland Park,Colombo,Western,Park/Nature,A wetland nature reserve located in Sri Jayewardenepura Kotte.
WhatsApp Image 2026-02-19 at 8.43.10 PM.jpg,beddagana_wetland_park,C:\Users\ASUS\Documents\clipo model test one\new_dataset\beddagana_wetland_park\WhatsApp Image 2026-02-19 at 8.43.10 PM.jpg,Beddagana Wetland Park,Colombo,Western,Park/Nature,A wetland nature reserve located in Sri Jayewardenepura Kotte.
WhatsApp Image 2026-02-19 at 8.43.11 PM (1).jpg,beddagana_wetland_park,C:\Users\ASUS\Documents\clipo model test one\new_dataset\beddagana_wetland_park\WhatsApp Image 2026-02-19 at 8.43.11 PM (1).jpg,Beddagana Wetland Park,Colombo,Western,Park/Nature,A wetland nature reserve located in Sri Jayewardenepura Kotte.
WhatsApp Image 2026-02-19 at 8.43.11 PM (2).jpg,beddagana_wetland_park,C:\Users\ASUS\Documents\clipo model test one\new_dataset\beddagana_wetland_park\WhatsApp Image 2026-02-19 at 8.43.11 PM (2).jpg,Beddagana Wetland Park,Colombo,Western,Park/Nature,A wetland nature reserve located in Sri Jayewardenepura Kotte.
WhatsApp Image 2026-02-19 at 8.43.11 PM (3).jpg,beddagana_wetland_park,C:\Users\ASUS\Documents\clipo model test one\new_dataset\beddagana_wetland_park\WhatsApp Image 2026-02-19 at 8.43.11 PM (3).jpg,Beddagana Wetland Park,Colombo,Western,Park/Nature,A wetland nature reserve located in Sri Jayewardenepura Kotte.
WhatsApp Image 2026-02-19 at 8.43.11 PM.jpg,beddagana_wetland_park,C:\Users\ASUS\Documents\clipo model test one\new_dataset\beddagana_wetland_park\WhatsApp Image 2026-02-19 at 8.43.11 PM.jpg,Beddagana Wetland Park,Colombo,Western,Park/Nature,A wetland nature reserve located in Sri Jayewardenepura Kotte.
WhatsApp Image 2026-02-19 at 8.43.12 PM (1).jpg,beddagana_wetland_park,C:\Users\ASUS\Documents\clipo model test one\new_dataset\beddagana_wetland_park\WhatsApp Image 2026-02-19 at 8.43.12 PM (1).jpg,Beddagana Wetland Park,Colombo,Western,Park/Nature,A wetland nature reserve located in Sri Jayewardenepura Kotte.
WhatsApp Image 2026-02-19 at 8.43.12 PM (2).jpg,beddagana_wetland_park,C:\Users\ASUS\Documents\clipo model test one\new_dataset\beddagana_wetland_park\WhatsApp Image 2026-02-19 at 8.43.12 PM (2).jpg,Beddagana Wetland Park,Colombo,Western,Park/Nature,A wetland nature reserve located in Sri Jayewardenepura Kotte.
WhatsApp Image 2026-02-19 at 8.43.12 PM.jpg,beddagana_wetland_park,C:\Users\ASUS\Documents\clipo model test one\new_dataset\beddagana_wetland_park\WhatsApp Image 2026-02-19 at 8.43.12 PM.jpg,Beddagana Wetland Park,Colombo,Western,Park/Nature,A wetland nature reserve located in Sri Jayewardenepura Kotte.
WhatsApp Image 2026-02-19 at 8.43.13 PM (1).jpg,beddagana_wetland_park,C:\Users\ASUS\Documents\clipo model test one\new_dataset\beddagana_wetland_park\WhatsApp Image 2026-02-19 at 8.43.13 PM (1).jpg,Beddagana Wetland Park,Colombo,Western,Park/Nature,A wetland nature reserve located in Sri Jayewardenepura Kotte.
WhatsApp Image 2026-02-19 at 8.43.13 PM (2).jpg,beddagana_wetland_park,C:\Users\ASUS\Documents\clipo model test one\new_dataset\beddagana_wetland_park\WhatsApp Image 2026-02-19 at 8.43.13 PM (2).jpg,Beddagana Wetland Park,Colombo,Western,Park/Nature,A wetland nature reserve located in Sri Jayewardenepura Kotte.
WhatsApp Image 2026-02-19 at 8.43.13 PM (3).jpg,beddagana_wetland_park,C:\Users\ASUS\Documents\clipo model test one\new_dataset\beddagana_wetland_park\WhatsApp Image 2026-02-19 at 8.43.13 PM (3).jpg,Beddagana Wetland Park,Colombo,Western,Park/Nature,A wetland nature reserve located in Sri Jayewardenepura Kotte.
WhatsApp Image 2026-02-19 at 8.43.13 PM.jpg,beddagana_wetland_park,C:\Users\ASUS\Documents\clipo model test one\new_dataset\beddagana_wetland_park\WhatsApp Image 2026-02-19 at 8.43.13 PM.jpg,Beddagana Wetland Park,Colombo,Western,Park/Nature,A wetland nature reserve located in Sri Jayewardenepura Kotte.
WhatsApp Image 2026-02-19 at 8.43.14 PM (1).jpg,beddagana_wetland_park,C:\Users\ASUS\Documents\clipo model test one\new_dataset\beddagana_wetland_park\WhatsApp Image 2026-02-19 at 8.43.14 PM (1).jpg,Beddagana Wetland Park,Colombo,Western,Park/Nature,A wetland nature reserve located in Sri Jayewardenepura Kotte.
WhatsApp Image 2026-02-19 at 8.43.14 PM (2).jpg,beddagana_wetland_park,C:\Users\ASUS\Documents\clipo model test one\new_dataset\beddagana_wetland_park\WhatsApp Image 2026-02-19 at 8.43.14 PM (2).jpg,Beddagana Wetland Park,Colombo,Western,Park/Nature,A wetland nature reserve located in Sri Jayewardenepura Kotte.
WhatsApp Image 2026-02-19 at 8.43.14 PM (3).jpg,beddagana_wetland_park,C:\Users\ASUS\Documents\clipo model test one\new_dataset\beddagana_wetland_park\WhatsApp Image 2026-02-19 at 8.43.14 PM (3).jpg,Beddagana Wetland Park,Colombo,Western,Park/Nature,A wetland nature reserve located in Sri Jayewardenepura Kotte.
WhatsApp Image 2026-02-19 at 8.43.14 PM.jpg,beddagana_wetland_park,C:\Users\ASUS\Documents\clipo model test one\new_dataset\beddagana_wetland_park\WhatsApp Image 2026-02-19 at 8.43.14 PM.jpg,Beddagana Wetland Park,Colombo,Western,Park/Nature,A wetland nature reserve located in Sri Jayewardenepura Kotte.
WhatsApp Image 2026-02-19 at 8.43.15 PM (1).jpg,beddagana_wetland_park,C:\Users\ASUS\Documents\clipo model test one\new_dataset\beddagana_wetland_park\WhatsApp Image 2026-02-19 at 8.43.15 PM (1).jpg,Beddagana Wetland Park,Colombo,Western,Park/Nature,A wetland nature reserve located in Sri Jayewardenepura Kotte.
WhatsApp Image 2026-02-19 at 8.43.15 PM (2).jpg,beddagana_wetland_park,C:\Users\ASUS\Documents\clipo model test one\new_dataset\beddagana_wetland_park\WhatsApp Image 2026-02-19 at 8.43.15 PM (2).jpg,Beddagana Wetland Park,Colombo,Western,Park/Nature,A wetland nature reserve located in Sri Jayewardenepura Kotte.
WhatsApp Image 2026-02-19 at 8.43.15 PM (3).jpg,beddagana_wetland_park,C:\Users\ASUS\Documents\clipo model test one\new_dataset\beddagana_wetland_park\WhatsApp Image 2026-02-19 at 8.43.15 PM (3).jpg,Beddagana Wetland Park,Colombo,Western,Park/Nature,A wetland nature reserve located in Sri Jayewardenepura Kotte.
WhatsApp Image 2026-02-19 at 8.43.15 PM.jpg,beddagana_wetland_park,C:\Users\ASUS\Documents\clipo model test one\new_dataset\beddagana_wetland_park\WhatsApp Image 2026-02-19 at 8.43.15 PM.jpg,Beddagana Wetland Park,Colombo,Western,Park/Nature,A wetland nature reserve located in Sri Jayewardenepura Kotte.
WhatsApp Image 2026-02-19 at 8.43.16 PM.jpg,beddagana_wetland_park,C:\Users\ASUS\Documents\clipo model test one\new_dataset\beddagana_wetland_park\WhatsApp Image 2026-02-19 at 8.43.16 PM.jpg,Beddagana Wetland Park,Colombo,Western,Park/Nature,A wetland nature reserve located in Sri Jayewardenepura Kotte.
delft-dsc-0081-okay_orig.jpg,dutch_fort_kalpitiya,C:\Users\ASUS\Documents\clipo model test one\new_dataset\dutch_fort_kalpitiya\delft-dsc-0081-okay_orig.jpg,Kalpitiya Dutch Fort,Puttalam,North Western,Historical/Fort,A historic fort built by the Dutch in the Kalpitiya peninsula.
duch_fort_kalpitiya_activity.jpg,dutch_fort_kalpitiya,C:\Users\ASUS\Documents\clipo model test one\new_dataset\dutch_fort_kalpitiya\duch_fort_kalpitiya_activity.jpg,Kalpitiya Dutch Fort,Puttalam,North Western,Historical/Fort,A historic fort built by the Dutch in the Kalpitiya peninsula.
dutchchurch.jpg,dutch_fort_kalpitiya,C:\Users\ASUS\Documents\clipo model test one\new_dataset\dutch_fort_kalpitiya\dutchchurch.jpg,Kalpitiya Dutch Fort,Puttalam,North Western,Historical/Fort,A historic fort built by the Dutch in the Kalpitiya peninsula.
Entrance.jpg,dutch_fort_kalpitiya,C:\Users\ASUS\Documents\clipo model test one\new_dataset\dutch_fort_kalpitiya\Entrance.jpg,Kalpitiya Dutch Fort,Puttalam,North Western,Historical/Fort,A historic fort built by the Dutch in the Kalpitiya peninsula.
image.jpg,dutch_fort_kalpitiya,C:\Users\ASUS\Documents\clipo model test one\new_dataset\dutch_fort_kalpitiya\image.jpg,Kalpitiya Dutch Fort,Puttalam,North Western,Historical/Fort,A historic fort built by the Dutch in the Kalpitiya peninsula.
image_0aeee14dfc.jpg,dutch_fort_kalpitiya,C:\Users\ASUS\Documents\clipo model test one\new_dataset\dutch_fort_kalpitiya\image_0aeee14dfc.jpg,Kalpitiya Dutch Fort,Puttalam,North Western,Historical/Fort,A historic fort built by the Dutch in the Kalpitiya peninsula.
image_63d8455ec0.jpg,dutch_fort_kalpitiya,C:\Users\ASUS\Documents\clipo model test one\new_dataset\dutch_fort_kalpitiya\image_63d8455ec0.jpg,Kalpitiya Dutch Fort,Puttalam,North Western,Historical/Fort,A historic fort built by the Dutch in the Kalpitiya peninsula.
Kalpitiya fort - Lankapradeepa.JPG,dutch_fort_kalpitiya,C:\Users\ASUS\Documents\clipo model test one\new_dataset\dutch_fort_kalpitiya\Kalpitiya fort - Lankapradeepa.JPG,Kalpitiya Dutch Fort,Puttalam,North Western,Historical/Fort,A historic fort built by the Dutch in the Kalpitiya peninsula.
Kalpitiya-Dutch-Fort-1.jpg,dutch_fort_kalpitiya,C:\Users\ASUS\Documents\clipo model test one\new_dataset\dutch_fort_kalpitiya\Kalpitiya-Dutch-Fort-1.jpg,Kalpitiya Dutch Fort,Puttalam,North Western,Historical/Fort,A historic fort built by the Dutch in the Kalpitiya peninsula.
Kalpitiya-Dutch-Fort-768x512.jpg,dutch_fort_kalpitiya,C:\Users\ASUS\Documents\clipo model test one\new_dataset\dutch_fort_kalpitiya\Kalpitiya-Dutch-Fort-768x512.jpg,Kalpitiya Dutch Fort,Puttalam,North Western,Historical/Fort,A historic fort built by the Dutch in the Kalpitiya peninsula.
kalpitiya-fort.jpg,dutch_fort_kalpitiya,C:\Users\ASUS\Documents\clipo model test one\new_dataset\dutch_fort_kalpitiya\kalpitiya-fort.jpg,Kalpitiya Dutch Fort,Puttalam,North Western,Historical/Fort,A historic fort built by the Dutch in the Kalpitiya peninsula.
Kalpitiyas-16.jpg,dutch_fort_kalpitiya,C:\Users\ASUS\Documents\clipo model test one\new_dataset\dutch_fort_kalpitiya\Kalpitiyas-16.jpg,Kalpitiya Dutch Fort,Puttalam,North Western,Historical/Fort,A historic fort built by the Dutch in the Kalpitiya peninsula.
Kalpitiyas-5.jpg,dutch_fort_kalpitiya,C:\Users\ASUS\Documents\clipo model test one\new_dataset\dutch_fort_kalpitiya\Kalpitiyas-5.jpg,Kalpitiya Dutch Fort,Puttalam,North Western,Historical/Fort,A historic fort built by the Dutch in the Kalpitiya peninsula.
LSL_B2_Dutch-Church-Kalpitiya_800x1000.jpg,dutch_fort_kalpitiya,C:\Users\ASUS\Documents\clipo model test one\new_dataset\dutch_fort_kalpitiya\LSL_B2_Dutch-Church-Kalpitiya_800x1000.jpg,Kalpitiya Dutch Fort,Puttalam,North Western,Historical/Fort,A historic fort built by the Dutch in the Kalpitiya peninsula.
OIP (10).jpg,dutch_fort_kalpitiya,C:\Users\ASUS\Documents\clipo model test one\new_dataset\dutch_fort_kalpitiya\OIP (10).jpg,Kalpitiya Dutch Fort,Puttalam,North Western,Historical/Fort,A historic fort built by the Dutch in the Kalpitiya peninsula.
OIP (11).jpg,dutch_fort_kalpitiya,C:\Users\ASUS\Documents\clipo model test one\new_dataset\dutch_fort_kalpitiya\OIP (11).jpg,Kalpitiya Dutch Fort,Puttalam,North Western,Historical/Fort,A historic fort built by the Dutch in the Kalpitiya peninsula.
OIP (12).jpg,dutch_fort_kalpitiya,C:\Users\ASUS\Documents\clipo model test one\new_dataset\dutch_fort_kalpitiya\OIP (12).jpg,Kalpitiya Dutch Fort,Puttalam,North Western,Historical/Fort,A historic fort built by the Dutch in the Kalpitiya peninsula.
OIP (13).jpg,dutch_fort_kalpitiya,C:\Users\ASUS\Documents\clipo model test one\new_dataset\dutch_fort_kalpitiya\OIP (13).jpg,Kalpitiya Dutch Fort,Puttalam,North Western,Historical/Fort,A historic fort built by the Dutch in the Kalpitiya peninsula.
OIP (6).jpg,dutch_fort_kalpitiya,C:\Users\ASUS\Documents\clipo model test one\new_dataset\dutch_fort_kalpitiya\OIP (6).jpg,Kalpitiya Dutch Fort,Puttalam,North Western,Historical/Fort,A historic fort built by the Dutch in the Kalpitiya peninsula.
OIP (7).jpg,dutch_fort_kalpitiya,C:\Users\ASUS\Documents\clipo model test one\new_dataset\dutch_fort_kalpitiya\OIP (7).jpg,Kalpitiya Dutch Fort,Puttalam,North Western,Historical/Fort,A historic fort built by the Dutch in the Kalpitiya peninsula.
OIP (8).jpg,dutch_fort_kalpitiya,C:\Users\ASUS\Documents\clipo model test one\new_dataset\dutch_fort_kalpitiya\OIP (8).jpg,Kalpitiya Dutch Fort,Puttalam,North Western,Historical/Fort,A historic fort built by the Dutch in the Kalpitiya peninsula.
OIP (9).jpg,dutch_fort_kalpitiya,C:\Users\ASUS\Documents\clipo model test one\new_dataset\dutch_fort_kalpitiya\OIP (9).jpg,Kalpitiya Dutch Fort,Puttalam,North Western,Historical/Fort,A historic fort built by the Dutch in the Kalpitiya peninsula.
R.jpg,dutch_fort_kalpitiya,C:\Users\ASUS\Documents\clipo model test one\new_dataset\dutch_fort_kalpitiya\R.jpg,Kalpitiya Dutch Fort,Puttalam,North Western,Historical/Fort,A historic fort built by the Dutch in the Kalpitiya peninsula.
rooms-sadras-fort.jpg,dutch_fort_kalpitiya,C:\Users\ASUS\Documents\clipo model test one\new_dataset\dutch_fort_kalpitiya\rooms-sadras-fort.jpg,Kalpitiya Dutch Fort,Puttalam,North Western,Historical/Fort,A historic fort built by the Dutch in the Kalpitiya peninsula.
SAM_6127.JPG,dutch_fort_kalpitiya,C:\Users\ASUS\Documents\clipo model test one\new_dataset\dutch_fort_kalpitiya\SAM_6127.JPG,Kalpitiya Dutch Fort,Puttalam,North Western,Historical/Fort,A historic fort built by the Dutch in the Kalpitiya peninsula.
SAM_6133.JPG,dutch_fort_kalpitiya,C:\Users\ASUS\Documents\clipo model test one\new_dataset\dutch_fort_kalpitiya\SAM_6133.JPG,Kalpitiya Dutch Fort,Puttalam,North Western,Historical/Fort,A historic fort built by the Dutch in the Kalpitiya peninsula.
Sri_Lanka_-_20200202_-_IMG_4253_26.jpg,dutch_fort_kalpitiya,C:\Users\ASUS\Documents\clipo model test one\new_dataset\dutch_fort_kalpitiya\Sri_Lanka_-_20200202_-_IMG_4253_26.jpg,Kalpitiya Dutch Fort,Puttalam,North Western,Historical/Fort,A historic fort built by the Dutch in the Kalpitiya peninsula.
warehouse-sadras-768x576.jpg,dutch_fort_kalpitiya,C:\Users\ASUS\Documents\clipo model test one\new_dataset\dutch_fort_kalpitiya\warehouse-sadras-768x576.jpg,Kalpitiya Dutch Fort,Puttalam,North Western,Historical/Fort,A historic fort built by the Dutch in the Kalpitiya peninsula.
warehouse-sadras.jpg,dutch_fort_kalpitiya,C:\Users\ASUS\Documents\clipo model test one\new_dataset\dutch_fort_kalpitiya\warehouse-sadras.jpg,Kalpitiya Dutch Fort,Puttalam,North Western,Historical/Fort,A historic fort built by the Dutch in the Kalpitiya peninsula.
1000_F_279886948_j5VqWPKvY9Yta1EYAC0glJs9vboFDRbn.jpg,gall_face_colombo,C:\Users\ASUS\Documents\clipo model test one\new_dataset\gall_face_colombo\1000_F_279886948_j5VqWPKvY9Yta1EYAC0glJs9vboFDRbn.jpg,Galle Face Green,Colombo,Western,Park/Beach,A 5 hectare ocean-side urban park in the heart of Colombo.
151111920Srilanka_colombo_Galle_Face_green.jpg,gall_face_colombo,C:\Users\ASUS\Documents\clipo model test one\new_dataset\gall_face_colombo\151111920Srilanka_colombo_Galle_Face_green.jpg,Galle Face Green,Colombo,Western,Park/Beach,A 5 hectare ocean-side urban park in the heart of Colombo.
59737_17061614220053737803.jpg,gall_face_colombo,C:\Users\ASUS\Documents\clipo model test one\new_dataset\gall_face_colombo\59737_17061614220053737803.jpg,Galle Face Green,Colombo,Western,Park/Beach,A 5 hectare ocean-side urban park in the heart of Colombo.
Galle Face Green.jpg,gall_face_colombo,C:\Users\ASUS\Documents\clipo model test one\new_dataset\gall_face_colombo\Galle Face Green.jpg,Galle Face Green,Colombo,Western,Park/Beach,A 5 hectare ocean-side urban park in the heart of Colombo.
galle-face-beach-seen.jpg,gall_face_colombo,C:\Users\ASUS\Documents\clipo model test one\new_dataset\gall_face_colombo\galle-face-beach-seen.jpg,Galle Face Green,Colombo,Western,Park/Beach,A 5 hectare ocean-side urban park in the heart of Colombo.
galle-face-colombo-D8FTMH.jpg,gall_face_colombo,C:\Users\ASUS\Documents\clipo model test one\new_dataset\gall_face_colombo\galle-face-colombo-D8FTMH.jpg,Galle Face Green,Colombo,Western,Park/Beach,A 5 hectare ocean-side urban park in the heart of Colombo.
galle-face-colombo-sri-lanka-AKXFDD.jpg,gall_face_colombo,C:\Users\ASUS\Documents\clipo model test one\new_dataset\gall_face_colombo\galle-face-colombo-sri-lanka-AKXFDD.jpg,Galle Face Green,Colombo,Western,Park/Beach,A 5 hectare ocean-side urban park in the heart of Colombo.
galle-face-ha-acres-ocean-side-urban-park-which-stretches-m-ft-along-coast-heart-colombo-financial-business-113403397.jpg,gall_face_colombo,C:\Users\ASUS\Documents\clipo model test one\new_dataset\gall_face_colombo\galle-face-ha-acres-ocean-side-urban-park-which-stretches-m-ft-along-coast-heart-colombo-financial-business-113403397.jpg,Galle Face Green,Colombo,Western,Park/Beach,A 5 hectare ocean-side urban park in the heart of Colombo.
galle-face-in-sri-lanka.jpg,gall_face_colombo,C:\Users\ASUS\Documents\clipo model test one\new_dataset\gall_face_colombo\galle-face-in-sri-lanka.jpg,Galle Face Green,Colombo,Western,Park/Beach,A 5 hectare ocean-side urban park in the heart of Colombo.
OIP (6).jpg,gall_face_colombo,C:\Users\ASUS\Documents\clipo model test one\new_dataset\gall_face_colombo\OIP (6).jpg,Galle Face Green,Colombo,Western,Park/Beach,A 5 hectare ocean-side urban park in the heart of Colombo.
photo4jpg.jpg,gall_face_colombo,C:\Users\ASUS\Documents\clipo model test one\new_dataset\gall_face_colombo\photo4jpg.jpg,Galle Face Green,Colombo,Western,Park/Beach,A 5 hectare ocean-side urban park in the heart of Colombo.
WhatsApp Image 2026-02-19 at 8.29.23 PM.jpg,gall_face_colombo,C:\Users\ASUS\Documents\clipo model test one\new_dataset\gall_face_colombo\WhatsApp Image 2026-02-19 at 8.29.23 PM.jpg,Galle Face Green,Colombo,Western,Park/Beach,A 5 hectare ocean-side urban park in the heart of Colombo.
WhatsApp Image 2026-02-19 at 8.29.24 PM (1).jpg,gall_face_colombo,C:\Users\ASUS\Documents\clipo model test one\new_dataset\gall_face_colombo\WhatsApp Image 2026-02-19 at 8.29.24 PM (1).jpg,Galle Face Green,Colombo,Western,Park/Beach,A 5 hectare ocean-side urban park in the heart of Colombo.
WhatsApp Image 2026-02-19 at 8.29.24 PM.jpg,gall_face_colombo,C:\Users\ASUS\Documents\clipo model test one\new_dataset\gall_face_colombo\WhatsApp Image 2026-02-19 at 8.29.24 PM.jpg,Galle Face Green,Colombo,Western,Park/Beach,A 5 hectare ocean-side urban park in the heart of Colombo.
WhatsApp Image 2026-02-19 at 8.29.25 PM (1).jpg,gall_face_colombo,C:\Users\ASUS\Documents\clipo model test one\new_dataset\gall_face_colombo\WhatsApp Image 2026-02-19 at 8.29.25 PM (1).jpg,Galle Face Green,Colombo,Western,Park/Beach,A 5 hectare ocean-side urban park in the heart of Colombo.
WhatsApp Image 2026-02-19 at 8.29.25 PM (2).jpg,gall_face_colombo,C:\Users\ASUS\Documents\clipo model test one\new_dataset\gall_face_colombo\WhatsApp Image 2026-02-19 at 8.29.25 PM (2).jpg,Galle Face Green,Colombo,Western,Park/Beach,A 5 hectare ocean-side urban park in the heart of Colombo.
WhatsApp Image 2026-02-19 at 8.29.25 PM (3).jpg,gall_face_colombo,C:\Users\ASUS\Documents\clipo model test one\new_dataset\gall_face_colombo\WhatsApp Image 2026-02-19 at 8.29.25 PM (3).jpg,Galle Face Green,Colombo,Western,Park/Beach,A 5 hectare ocean-side urban park in the heart of Colombo.
WhatsApp Image 2026-02-19 at 8.29.25 PM.jpg,gall_face_colombo,C:\Users\ASUS\Documents\clipo model test one\new_dataset\gall_face_colombo\WhatsApp Image 2026-02-19 at 8.29.25 PM.jpg,Galle Face Green,Colombo,Western,Park/Beach,A 5 hectare ocean-side urban park in the heart of Colombo.
WhatsApp Image 2026-02-19 at 8.29.26 PM (1).jpg,gall_face_colombo,C:\Users\ASUS\Documents\clipo model test one\new_dataset\gall_face_colombo\WhatsApp Image 2026-02-19 at 8.29.26 PM (1).jpg,Galle Face Green,Colombo,Western,Park/Beach,A 5 hectare ocean-side urban park in the heart of Colombo.
WhatsApp Image 2026-02-19 at 8.29.26 PM (2).jpg,gall_face_colombo,C:\Users\ASUS\Documents\clipo model test one\new_dataset\gall_face_colombo\WhatsApp Image 2026-02-19 at 8.29.26 PM (2).jpg,Galle Face Green,Colombo,Western,Park/Beach,A 5 hectare ocean-side urban park in the heart of Colombo.
WhatsApp Image 2026-02-19 at 8.29.26 PM.jpg,gall_face_colombo,C:\Users\ASUS\Documents\clipo model test one\new_dataset\gall_face_colombo\WhatsApp Image 2026-02-19 at 8.29.26 PM.jpg,Galle Face Green,Colombo,Western,Park/Beach,A 5 hectare ocean-side urban park in the heart of Colombo.
WhatsApp Image 2026-02-19 at 8.29.27 PM (1).jpg,gall_face_colombo,C:\Users\ASUS\Documents\clipo model test one\new_dataset\gall_face_colombo\WhatsApp Image 2026-02-19 at 8.29.27 PM (1).jpg,Galle Face Green,Colombo,Western,Park/Beach,A 5 hectare ocean-side urban park in the heart of Colombo.
WhatsApp Image 2026-02-19 at 8.29.27 PM (2).jpg,gall_face_colombo,C:\Users\ASUS\Documents\clipo model test one\new_dataset\gall_face_colombo\WhatsApp Image 2026-02-19 at 8.29.27 PM (2).jpg,Galle Face Green,Colombo,Western,Park/Beach,A 5 hectare ocean-side urban park in the heart of Colombo.
WhatsApp Image 2026-02-19 at 8.29.27 PM.jpg,gall_face_colombo,C:\Users\ASUS\Documents\clipo model test one\new_dataset\gall_face_colombo\WhatsApp Image 2026-02-19 at 8.29.27 PM.jpg,Galle Face Green,Colombo,Western,Park/Beach,A 5 hectare ocean-side urban park in the heart of Colombo.
WhatsApp Image 2026-02-19 at 8.29.28 PM (1).jpg,gall_face_colombo,C:\Users\ASUS\Documents\clipo model test one\new_dataset\gall_face_colombo\WhatsApp Image 2026-02-19 at 8.29.28 PM (1).jpg,Galle Face Green,Colombo,Western,Park/Beach,A 5 hectare ocean-side urban park in the heart of Colombo.
WhatsApp Image 2026-02-19 at 8.29.28 PM (2).jpg,gall_face_colombo,C:\Users\ASUS\Documents\clipo model test one\new_dataset\gall_face_colombo\WhatsApp Image 2026-02-19 at 8.29.28 PM (2).jpg,Galle Face Green,Colombo,Western,Park/Beach,A 5 hectare ocean-side urban park in the heart of Colombo.
WhatsApp Image 2026-02-19 at 8.29.28 PM (3).jpg,gall_face_colombo,C:\Users\ASUS\Documents\clipo model test one\new_dataset\gall_face_colombo\WhatsApp Image 2026-02-19 at 8.29.28 PM (3).jpg,Galle Face Green,Colombo,Western,Park/Beach,A 5 hectare ocean-side urban park in the heart of Colombo.
WhatsApp Image 2026-02-19 at 8.29.28 PM.jpg,gall_face_colombo,C:\Users\ASUS\Documents\clipo model test one\new_dataset\gall_face_colombo\WhatsApp Image 2026-02-19 at 8.29.28 PM.jpg,Galle Face Green,Colombo,Western,Park/Beach,A 5 hectare ocean-side urban park in the heart of Colombo.
WhatsApp Image 2026-02-19 at 8.29.29 PM (1).jpg,gall_face_colombo,C:\Users\ASUS\Documents\clipo model test one\new_dataset\gall_face_colombo\WhatsApp Image 2026-02-19 at 8.29.29 PM (1).jpg,Galle Face Green,Colombo,Western,Park/Beach,A 5 hectare ocean-side urban park in the heart of Colombo.
WhatsApp Image 2026-02-19 at 8.29.29 PM.jpg,gall_face_colombo,C:\Users\ASUS\Documents\clipo model test one\new_dataset\gall_face_colombo\WhatsApp Image 2026-02-19 at 8.29.29 PM.jpg,Galle Face Green,Colombo,Western,Park/Beach,A 5 hectare ocean-side urban park in the heart of Colombo.
hcmp200491_879307.jpg,good_market_colombo,C:\Users\ASUS\Documents\clipo model test one\new_dataset\good_market_colombo\hcmp200491_879307.jpg,The Good Market,Colombo,Western,Market/Shopping,A popular weekend market in Colombo featuring organic and local products.
OIP (6).jpg,good_market_colombo,C:\Users\ASUS\Documents\clipo model test one\new_dataset\good_market_colombo\OIP (6).jpg,The Good Market,Colombo,Western,Market/Shopping,A popular weekend market in Colombo featuring organic and local products.
OIP (7).jpg,good_market_colombo,C:\Users\ASUS\Documents\clipo model test one\new_dataset\good_market_colombo\OIP (7).jpg,The Good Market,Colombo,Western,Market/Shopping,A popular weekend market in Colombo featuring organic and local products.
Saturday-Good-Market (1).jpg,good_market_colombo,C:\Users\ASUS\Documents\clipo model test one\new_dataset\good_market_colombo\Saturday-Good-Market (1).jpg,The Good Market,Colombo,Western,Market/Shopping,A popular weekend market in Colombo featuring organic and local products.
Saturday-Good-Market.jpg,good_market_colombo,C:\Users\ASUS\Documents\clipo model test one\new_dataset\good_market_colombo\Saturday-Good-Market.jpg,The Good Market,Colombo,Western,Market/Shopping,A popular weekend market in Colombo featuring organic and local products.
saturday-good-market_20190716232214.jpg,good_market_colombo,C:\Users\ASUS\Documents\clipo model test one\new_dataset\good_market_colombo\saturday-good-market_20190716232214.jpg,The Good Market,Colombo,Western,Market/Shopping,A popular weekend market in Colombo featuring organic and local products.
WhatsApp Image 2026-02-19 at 8.37.51 PM (1).jpg,good_market_colombo,C:\Users\ASUS\Documents\clipo model test one\new_dataset\good_market_colombo\WhatsApp Image 2026-02-19 at 8.37.51 PM (1).jpg,The Good Market,Colombo,Western,Market/Shopping,A popular weekend market in Colombo featuring organic and local products.
WhatsApp Image 2026-02-19 at 8.37.51 PM.jpg,good_market_colombo,C:\Users\ASUS\Documents\clipo model test one\new_dataset\good_market_colombo\WhatsApp Image 2026-02-19 at 8.37.51 PM.jpg,The Good Market,Colombo,Western,Market/Shopping,A popular weekend market in Colombo featuring organic and local products.
WhatsApp Image 2026-02-19 at 8.37.52 PM (1).jpg,good_market_colombo,C:\Users\ASUS\Documents\clipo model test one\new_dataset\good_market_colombo\WhatsApp Image 2026-02-19 at 8.37.52 PM (1).jpg,The Good Market,Colombo,Western,Market/Shopping,A popular weekend market in Colombo featuring organic and local products.
WhatsApp Image 2026-02-19 at 8.37.52 PM (2).jpg,good_market_colombo,C:\Users\ASUS\Documents\clipo model test one\new_dataset\good_market_colombo\WhatsApp Image 2026-02-19 at 8.37.52 PM (2).jpg,The Good Market,Colombo,Western,Market/Shopping,A popular weekend market in Colombo featuring organic and local products.
WhatsApp Image 2026-02-19 at 8.37.52 PM (3).jpg,good_market_colombo,C:\Users\ASUS\Documents\clipo model test one\new_dataset\good_market_colombo\WhatsApp Image 2026-02-19 at 8.37.52 PM (3).jpg,The Good Market,Colombo,Western,Market/Shopping,A popular weekend market in Colombo featuring organic and local products.
WhatsApp Image 2026-02-19 at 8.37.52 PM.jpg,good_market_colombo,C:\Users\ASUS\Documents\clipo model test one\new_dataset\good_market_colombo\WhatsApp Image 2026-02-19 at 8.37.52 PM.jpg,The Good Market,Colombo,Western,Market/Shopping,A popular weekend market in Colombo featuring organic and local products.
WhatsApp Image 2026-02-19 at 8.37.53 PM (1).jpg,good_market_colombo,C:\Users\ASUS\Documents\clipo model test one\new_dataset\good_market_colombo\WhatsApp Image 2026-02-19 at 8.37.53 PM (1).jpg,The Good Market,Colombo,Western,Market/Shopping,A popular weekend market in Colombo featuring organic and local products.
WhatsApp Image 2026-02-19 at 8.37.53 PM (2).jpg,good_market_colombo,C:\Users\ASUS\Documents\clipo model test one\new_dataset\good_market_colombo\WhatsApp Image 2026-02-19 at 8.37.53 PM (2).jpg,The Good Market,Colombo,Western,Market/Shopping,A popular weekend market in Colombo featuring organic and local products.
WhatsApp Image 2026-02-19 at 8.37.53 PM (3).jpg,good_market_colombo,C:\Users\ASUS\Documents\clipo model test one\new_dataset\good_market_colombo\WhatsApp Image 2026-02-19 at 8.37.53 PM (3).jpg,The Good Market,Colombo,Western,Market/Shopping,A popular weekend market in Colombo featuring organic and local products.
WhatsApp Image 2026-02-19 at 8.37.53 PM.jpg,good_market_colombo,C:\Users\ASUS\Documents\clipo model test one\new_dataset\good_market_colombo\WhatsApp Image 2026-02-19 at 8.37.53 PM.jpg,The Good Market,Colombo,Western,Market/Shopping,A popular weekend market in Colombo featuring organic and local products.
WhatsApp Image 2026-02-19 at 8.37.54 PM (1).jpg,good_market_colombo,C:\Users\ASUS\Documents\clipo model test one\new_dataset\good_market_colombo\WhatsApp Image 2026-02-19 at 8.37.54 PM (1).jpg,The Good Market,Colombo,Western,Market/Shopping,A popular weekend market in Colombo featuring organic and local products.
WhatsApp Image 2026-02-19 at 8.37.54 PM (2).jpg,good_market_colombo,C:\Users\ASUS\Documents\clipo model test one\new_dataset\good_market_colombo\WhatsApp Image 2026-02-19 at 8.37.54 PM (2).jpg,The Good Market,Colombo,Western,Market/Shopping,A popular weekend market in Colombo featuring organic and local products.
WhatsApp Image 2026-02-19 at 8.37.54 PM (3).jpg,good_market_colombo,C:\Users\ASUS\Documents\clipo model test one\new_dataset\good_market_colombo\WhatsApp Image 2026-02-19 at 8.37.54 PM (3).jpg,The Good Market,Colombo,Western,Market/Shopping,A popular weekend market in Colombo featuring organic and local products.
WhatsApp Image 2026-02-19 at 8.37.54 PM.jpg,good_market_colombo,C:\Users\ASUS\Documents\clipo model test one\new_dataset\good_market_colombo\WhatsApp Image 2026-02-19 at 8.37.54 PM.jpg,The Good Market,Colombo,Western,Market/Shopping,A popular weekend market in Colombo featuring organic and local products.
WhatsApp Image 2026-02-19 at 8.37.55 PM (1).jpg,good_market_colombo,C:\Users\ASUS\Documents\clipo model test one\new_dataset\good_market_colombo\WhatsApp Image 2026-02-19 at 8.37.55 PM (1).jpg,The Good Market,Colombo,Western,Market/Shopping,A popular weekend market in Colombo featuring organic and local products.
WhatsApp Image 2026-02-19 at 8.37.55 PM (2).jpg,good_market_colombo,C:\Users\ASUS\Documents\clipo model test one\new_dataset\good_market_colombo\WhatsApp Image 2026-02-19 at 8.37.55 PM (2).jpg,The Good Market,Colombo,Western,Market/Shopping,A popular weekend market in Colombo featuring organic and local products.
WhatsApp Image 2026-02-19 at 8.37.55 PM (3).jpg,good_market_colombo,C:\Users\ASUS\Documents\clipo model test one\new_dataset\good_market_colombo\WhatsApp Image 2026-02-19 at 8.37.55 PM (3).jpg,The Good Market,Colombo,Western,Market/Shopping,A popular weekend market in Colombo featuring organic and local products.
WhatsApp Image 2026-02-19 at 8.37.55 PM (4).jpg,good_market_colombo,C:\Users\ASUS\Documents\clipo model test one\new_dataset\good_market_colombo\WhatsApp Image 2026-02-19 at 8.37.55 PM (4).jpg,The Good Market,Colombo,Western,Market/Shopping,A popular weekend market in Colombo featuring organic and local products.
WhatsApp Image 2026-02-19 at 8.37.55 PM.jpg,good_market_colombo,C:\Users\ASUS\Documents\clipo model test one\new_dataset\good_market_colombo\WhatsApp Image 2026-02-19 at 8.37.55 PM.jpg,The Good Market,Colombo,Western,Market/Shopping,A popular weekend market in Colombo featuring organic and local products.
WhatsApp Image 2026-02-19 at 8.37.56 PM (1).jpg,good_market_colombo,C:\Users\ASUS\Documents\clipo model test one\new_dataset\good_market_colombo\WhatsApp Image 2026-02-19 at 8.37.56 PM (1).jpg,The Good Market,Colombo,Western,Market/Shopping,A popular weekend market in Colombo featuring organic and local products.
WhatsApp Image 2026-02-19 at 8.37.56 PM (2).jpg,good_market_colombo,C:\Users\ASUS\Documents\clipo model test one\new_dataset\good_market_colombo\WhatsApp Image 2026-02-19 at 8.37.56 PM (2).jpg,The Good Market,Colombo,Western,Market/Shopping,A popular weekend market in Colombo featuring organic and local products.
WhatsApp Image 2026-02-19 at 8.37.56 PM (3).jpg,good_market_colombo,C:\Users\ASUS\Documents\clipo model test one\new_dataset\good_market_colombo\WhatsApp Image 2026-02-19 at 8.37.56 PM (3).jpg,The Good Market,Colombo,Western,Market/Shopping,A popular weekend market in Colombo featuring organic and local products.
WhatsApp Image 2026-02-19 at 8.37.56 PM.jpg,good_market_colombo,C:\Users\ASUS\Documents\clipo model test one\new_dataset\good_market_colombo\WhatsApp Image 2026-02-19 at 8.37.56 PM.jpg,The Good Market,Colombo,Western,Market/Shopping,A popular weekend market in Colombo featuring organic and local products.
WhatsApp Image 2026-02-19 at 8.37.57 PM (1).jpg,good_market_colombo,C:\Users\ASUS\Documents\clipo model test one\new_dataset\good_market_colombo\WhatsApp Image 2026-02-19 at 8.37.57 PM (1).jpg,The Good Market,Colombo,Western,Market/Shopping,A popular weekend market in Colombo featuring organic and local products.
WhatsApp Image 2026-02-19 at 8.37.57 PM (2).jpg,good_market_colombo,C:\Users\ASUS\Documents\clipo model test one\new_dataset\good_market_colombo\WhatsApp Image 2026-02-19 at 8.37.57 PM (2).jpg,The Good Market,Colombo,Western,Market/Shopping,A popular weekend market in Colombo featuring organic and local products.
WhatsApp Image 2026-02-19 at 8.37.57 PM (3).jpg,good_market_colombo,C:\Users\ASUS\Documents\clipo model test one\new_dataset\good_market_colombo\WhatsApp Image 2026-02-19 at 8.37.57 PM (3).jpg,The Good Market,Colombo,Western,Market/Shopping,A popular weekend market in Colombo featuring organic and local products.
WhatsApp Image 2026-02-19 at 8.37.57 PM.jpg,good_market_colombo,C:\Users\ASUS\Documents\clipo model test one\new_dataset\good_market_colombo\WhatsApp Image 2026-02-19 at 8.37.57 PM.jpg,The Good Market,Colombo,Western,Market/Shopping,A popular weekend market in Colombo featuring organic and local products.
WhatsApp Image 2026-02-19 at 8.37.58 PM (1).jpg,good_market_colombo,C:\Users\ASUS\Documents\clipo model test one\new_dataset\good_market_colombo\WhatsApp Image 2026-02-19 at 8.37.58 PM (1).jpg,The Good Market,Colombo,Western,Market/Shopping,A popular weekend market in Colombo featuring organic and local products.
WhatsApp Image 2026-02-19 at 8.37.58 PM.jpg,good_market_colombo,C:\Users\ASUS\Documents\clipo model test one\new_dataset\good_market_colombo\WhatsApp Image 2026-02-19 at 8.37.58 PM.jpg,The Good Market,Colombo,Western,Market/Shopping,A popular weekend market in Colombo featuring organic and local products.
WhatsApp Image 2026-02-19 at 8.37.59 PM (1).jpg,good_market_colombo,C:\Users\ASUS\Documents\clipo model test one\new_dataset\good_market_colombo\WhatsApp Image 2026-02-19 at 8.37.59 PM (1).jpg,The Good Market,Colombo,Western,Market/Shopping,A popular weekend market in Colombo featuring organic and local products.
WhatsApp Image 2026-02-19 at 8.37.59 PM.jpg,good_market_colombo,C:\Users\ASUS\Documents\clipo model test one\new_dataset\good_market_colombo\WhatsApp Image 2026-02-19 at 8.37.59 PM.jpg,The Good Market,Colombo,Western,Market/Shopping,A popular weekend market in Colombo featuring organic and local products.
hikkaduwa_beach (1).jpg,hikkaduwa_beach,C:\Users\ASUS\Documents\clipo model test one\new_dataset\hikkaduwa_beach\hikkaduwa_beach (1).jpg,Hikkaduwa Beach,Galle,Southern,Beach/Surfing,"A vibrant beach famous for surfing, coral reefs, and nightlife."
hikkaduwa_beach (10).jpg,hikkaduwa_beach,C:\Users\ASUS\Documents\clipo model test one\new_dataset\hikkaduwa_beach\hikkaduwa_beach (10).jpg,Hikkaduwa Beach,Galle,Southern,Beach/Surfing,"A vibrant beach famous for surfing, coral reefs, and nightlife."
hikkaduwa_beach (11).jpg,hikkaduwa_beach,C:\Users\ASUS\Documents\clipo model test one\new_dataset\hikkaduwa_beach\hikkaduwa_beach (11).jpg,Hikkaduwa Beach,Galle,Southern,Beach/Surfing,"A vibrant beach famous for surfing, coral reefs, and nightlife."
hikkaduwa_beach (12).jpg,hikkaduwa_beach,C:\Users\ASUS\Documents\clipo model test one\new_dataset\hikkaduwa_beach\hikkaduwa_beach (12).jpg,Hikkaduwa Beach,Galle,Southern,Beach/Surfing,"A vibrant beach famous for surfing, coral reefs, and nightlife."
hikkaduwa_beach (13).jpg,hikkaduwa_beach,C:\Users\ASUS\Documents\clipo model test one\new_dataset\hikkaduwa_beach\hikkaduwa_beach (13).jpg,Hikkaduwa Beach,Galle,Southern,Beach/Surfing,"A vibrant beach famous for surfing, coral reefs, and nightlife."
hikkaduwa_beach (14).jpg,hikkaduwa_beach,C:\Users\ASUS\Documents\clipo model test one\new_dataset\hikkaduwa_beach\hikkaduwa_beach (14).jpg,Hikkaduwa Beach,Galle,Southern,Beach/Surfing,"A vibrant beach famous for surfing, coral reefs, and nightlife."
hikkaduwa_beach (15).jpg,hikkaduwa_beach,C:\Users\ASUS\Documents\clipo model test one\new_dataset\hikkaduwa_beach\hikkaduwa_beach (15).jpg,Hikkaduwa Beach,Galle,Southern,Beach/Surfing,"A vibrant beach famous for surfing, coral reefs, and nightlife."
hikkaduwa_beach (16).jpg,hikkaduwa_beach,C:\Users\ASUS\Documents\clipo model test one\new_dataset\hikkaduwa_beach\hikkaduwa_beach (16).jpg,Hikkaduwa Beach,Galle,Southern,Beach/Surfing,"A vibrant beach famous for surfing, coral reefs, and nightlife."
hikkaduwa_beach (17).jpg,hikkaduwa_beach,C:\Users\ASUS\Documents\clipo model test one\new_dataset\hikkaduwa_beach\hikkaduwa_beach (17).jpg,Hikkaduwa Beach,Galle,Southern,Beach/Surfing,"A vibrant beach famous for surfing, coral reefs, and nightlife."
hikkaduwa_beach (19).jpg,hikkaduwa_beach,C:\Users\ASUS\Documents\clipo model test one\new_dataset\hikkaduwa_beach\hikkaduwa_beach (19).jpg,Hikkaduwa Beach,Galle,Southern,Beach/Surfing,"A vibrant beach famous for surfing, coral reefs, and nightlife."
hikkaduwa_beach (2).jpg,hikkaduwa_beach,C:\Users\ASUS\Documents\clipo model test one\new_dataset\hikkaduwa_beach\hikkaduwa_beach (2).jpg,Hikkaduwa Beach,Galle,Southern,Beach/Surfing,"A vibrant beach famous for surfing, coral reefs, and nightlife."
hikkaduwa_beach (3).jpg,hikkaduwa_beach,C:\Users\ASUS\Documents\clipo model test one\new_dataset\hikkaduwa_beach\hikkaduwa_beach (3).jpg,Hikkaduwa Beach,Galle,Southern,Beach/Surfing,"A vibrant beach famous for surfing, coral reefs, and nightlife."
hikkaduwa_beach (4).jpg,hikkaduwa_beach,C:\Users\ASUS\Documents\clipo model test one\new_dataset\hikkaduwa_beach\hikkaduwa_beach (4).jpg,Hikkaduwa Beach,Galle,Southern,Beach/Surfing,"A vibrant beach famous for surfing, coral reefs, and nightlife."
hikkaduwa_beach (5).jpg,hikkaduwa_beach,C:\Users\ASUS\Documents\clipo model test one\new_dataset\hikkaduwa_beach\hikkaduwa_beach (5).jpg,Hikkaduwa Beach,Galle,Southern,Beach/Surfing,"A vibrant beach famous for surfing, coral reefs, and nightlife."
hikkaduwa_beach (6).jpg,hikkaduwa_beach,C:\Users\ASUS\Documents\clipo model test one\new_dataset\hikkaduwa_beach\hikkaduwa_beach (6).jpg,Hikkaduwa Beach,Galle,Southern,Beach/Surfing,"A vibrant beach famous for surfing, coral reefs, and nightlife."
hikkaduwa_beach (7).jpg,hikkaduwa_beach,C:\Users\ASUS\Documents\clipo model test one\new_dataset\hikkaduwa_beach\hikkaduwa_beach (7).jpg,Hikkaduwa Beach,Galle,Southern,Beach/Surfing,"A vibrant beach famous for surfing, coral reefs, and nightlife."
hikkaduwa_beach (8).jpg,hikkaduwa_beach,C:\Users\ASUS\Documents\clipo model test one\new_dataset\hikkaduwa_beach\hikkaduwa_beach (8).jpg,Hikkaduwa Beach,Galle,Southern,Beach/Surfing,"A vibrant beach famous for surfing, coral reefs, and nightlife."
hikkaduwa_beach (9).jpg,hikkaduwa_beach,C:\Users\ASUS\Documents\clipo model test one\new_dataset\hikkaduwa_beach\hikkaduwa_beach (9).jpg,Hikkaduwa Beach,Galle,Southern,Beach/Surfing,"A vibrant beach famous for surfing, coral reefs, and nightlife."
5f7fe58d579d6b4bf25dfde64095c9ab.jpg,hiriketiya_beach,C:\Users\ASUS\Documents\clipo model test one\new_dataset\hiriketiya_beach\5f7fe58d579d6b4bf25dfde64095c9ab.jpg,Hiriketiya Beach,Matara,Southern,Beach/Surfing,A beautiful horseshoe-shaped bay famous for surfing.
8296d8_460f57d7e37245b3871d30bf05f0ec21~mv2.jpg,hiriketiya_beach,C:\Users\ASUS\Documents\clipo model test one\new_dataset\hiriketiya_beach\8296d8_460f57d7e37245b3871d30bf05f0ec21~mv2.jpg,Hiriketiya Beach,Matara,Southern,Beach/Surfing,A beautiful horseshoe-shaped bay famous for surfing.
best-beach-sri-lanka-hiriketiya-bay.jpg,hiriketiya_beach,C:\Users\ASUS\Documents\clipo model test one\new_dataset\hiriketiya_beach\best-beach-sri-lanka-hiriketiya-bay.jpg,Hiriketiya Beach,Matara,Southern,Beach/Surfing,A beautiful horseshoe-shaped bay famous for surfing.
Complete-travel-guide-to-Hiriketiya-Beach-in-Sri-Lanka.jpg,hiriketiya_beach,C:\Users\ASUS\Documents\clipo model test one\new_dataset\hiriketiya_beach\Complete-travel-guide-to-Hiriketiya-Beach-in-Sri-Lanka.jpg,Hiriketiya Beach,Matara,Southern,Beach/Surfing,A beautiful horseshoe-shaped bay famous for surfing.
fishermen_boat_hiriketiya_bay_beach_sri_lanka_palmtrees-683x1024.jpg,hiriketiya_beach,C:\Users\ASUS\Documents\clipo model test one\new_dataset\hiriketiya_beach\fishermen_boat_hiriketiya_bay_beach_sri_lanka_palmtrees-683x1024.jpg,Hiriketiya Beach,Matara,Southern,Beach/Surfing,A beautiful horseshoe-shaped bay famous for surfing.
hirikatiya-beach-2.jpg,hiriketiya_beach,C:\Users\ASUS\Documents\clipo model test one\new_dataset\hiriketiya_beach\hirikatiya-beach-2.jpg,Hiriketiya Beach,Matara,Southern,Beach/Surfing,A beautiful horseshoe-shaped bay famous for surfing.
Hiriketiya-Beach-1.jpg,hiriketiya_beach,C:\Users\ASUS\Documents\clipo model test one\new_dataset\hiriketiya_beach\Hiriketiya-Beach-1.jpg,Hiriketiya Beach,Matara,Southern,Beach/Surfing,A beautiful horseshoe-shaped bay famous for surfing.
Hiriketiya-Beach-25-810x1080.jpg,hiriketiya_beach,C:\Users\ASUS\Documents\clipo model test one\new_dataset\hiriketiya_beach\Hiriketiya-Beach-25-810x1080.jpg,Hiriketiya Beach,Matara,Southern,Beach/Surfing,A beautiful horseshoe-shaped bay famous for surfing.
Hiriketiya-Beach-29-810x1080.jpg,hiriketiya_beach,C:\Users\ASUS\Documents\clipo model test one\new_dataset\hiriketiya_beach\Hiriketiya-Beach-29-810x1080.jpg,Hiriketiya Beach,Matara,Southern,Beach/Surfing,A beautiful horseshoe-shaped bay famous for surfing.
Hiriketiya-Beach-31-720x960.jpg,hiriketiya_beach,C:\Users\ASUS\Documents\clipo model test one\new_dataset\hiriketiya_beach\Hiriketiya-Beach-31-720x960.jpg,Hiriketiya Beach,Matara,Southern,Beach/Surfing,A beautiful horseshoe-shaped bay famous for surfing.
Hiriketiya-Beach-8-2048x1152.jpg,hiriketiya_beach,C:\Users\ASUS\Documents\clipo model test one\new_dataset\hiriketiya_beach\Hiriketiya-Beach-8-2048x1152.jpg,Hiriketiya Beach,Matara,Southern,Beach/Surfing,A beautiful horseshoe-shaped bay famous for surfing.
hiriketiya-beach-and-surfers-in-the-sea-a-famous-surfing-spot-in-sri-lanka-2JF4A2A.jpg,hiriketiya_beach,C:\Users\ASUS\Documents\clipo model test one\new_dataset\hiriketiya_beach\hiriketiya-beach-and-surfers-in-the-sea-a-famous-surfing-spot-in-sri-lanka-2JF4A2A.jpg,Hiriketiya Beach,Matara,Southern,Beach/Surfing,A beautiful horseshoe-shaped bay famous for surfing.
hiriketiya-beach-coastline.jpg,hiriketiya_beach,C:\Users\ASUS\Documents\clipo model test one\new_dataset\hiriketiya_beach\hiriketiya-beach-coastline.jpg,Hiriketiya Beach,Matara,Southern,Beach/Surfing,A beautiful horseshoe-shaped bay famous for surfing.
Hiriketiya-Beach-paradise-for-learning-how-to-surf-and-relaxed-vibes-Sri-Lanka-Itinerary.jpg,hiriketiya_beach,C:\Users\ASUS\Documents\clipo model test one\new_dataset\hiriketiya_beach\Hiriketiya-Beach-paradise-for-learning-how-to-surf-and-relaxed-vibes-Sri-Lanka-Itinerary.jpg,Hiriketiya Beach,Matara,Southern,Beach/Surfing,A beautiful horseshoe-shaped bay famous for surfing.
Hiriketiya-Beach-Sri-Lanka-17.jpg,hiriketiya_beach,C:\Users\ASUS\Documents\clipo model test one\new_dataset\hiriketiya_beach\Hiriketiya-Beach-Sri-Lanka-17.jpg,Hiriketiya Beach,Matara,Southern,Beach/Surfing,A beautiful horseshoe-shaped bay famous for surfing.
Hiriketiya-Beach-Sri-Lanka-Thumbnail-1.jpg,hiriketiya_beach,C:\Users\ASUS\Documents\clipo model test one\new_dataset\hiriketiya_beach\Hiriketiya-Beach-Sri-Lanka-Thumbnail-1.jpg,Hiriketiya Beach,Matara,Southern,Beach/Surfing,A beautiful horseshoe-shaped bay famous for surfing.
hiriketiya-beach-srilanka.jpg,hiriketiya_beach,C:\Users\ASUS\Documents\clipo model test one\new_dataset\hiriketiya_beach\hiriketiya-beach-srilanka.jpg,Hiriketiya Beach,Matara,Southern,Beach/Surfing,A beautiful horseshoe-shaped bay famous for surfing.
hiriketiya-beach.jpg,hiriketiya_beach,C:\Users\ASUS\Documents\clipo model test one\new_dataset\hiriketiya_beach\hiriketiya-beach.jpg,Hiriketiya Beach,Matara,Southern,Beach/Surfing,A beautiful horseshoe-shaped bay famous for surfing.
Hiriketiya-Surf-Beach-768x511.jpg,hiriketiya_beach,C:\Users\ASUS\Documents\clipo model test one\new_dataset\hiriketiya_beach\Hiriketiya-Surf-Beach-768x511.jpg,Hiriketiya Beach,Matara,Southern,Beach/Surfing,A beautiful horseshoe-shaped bay famous for surfing.
hiriketiya_bay_view_fishermen_boats_beach_sri_lanka.jpg,hiriketiya_beach,C:\Users\ASUS\Documents\clipo model test one\new_dataset\hiriketiya_beach\hiriketiya_bay_view_fishermen_boats_beach_sri_lanka.jpg,Hiriketiya Beach,Matara,Southern,Beach/Surfing,A beautiful horseshoe-shaped bay famous for surfing.
Hiriketiya_srilanka-1.jpg,hiriketiya_beach,C:\Users\ASUS\Documents\clipo model test one\new_dataset\hiriketiya_beach\Hiriketiya_srilanka-1.jpg,Hiriketiya Beach,Matara,Southern,Beach/Surfing,A beautiful horseshoe-shaped bay famous for surfing.
R (1).jpg,hiriketiya_beach,C:\Users\ASUS\Documents\clipo model test one\new_dataset\hiriketiya_beach\R (1).jpg,Hiriketiya Beach,Matara,Southern,Beach/Surfing,A beautiful horseshoe-shaped bay famous for surfing.
R.jpg,hiriketiya_beach,C:\Users\ASUS\Documents\clipo model test one\new_dataset\hiriketiya_beach\R.jpg,Hiriketiya Beach,Matara,Southern,Beach/Surfing,A beautiful horseshoe-shaped bay famous for surfing.
sri-lanka-hiriketiya-beach-2B82DXK.jpg,hiriketiya_beach,C:\Users\ASUS\Documents\clipo model test one\new_dataset\hiriketiya_beach\sri-lanka-hiriketiya-beach-2B82DXK.jpg,Hiriketiya Beach,Matara,Southern,Beach/Surfing,A beautiful horseshoe-shaped bay famous for surfing.
sri-lanka-hiriketiya-beach-2B87YTN.jpg,hiriketiya_beach,C:\Users\ASUS\Documents\clipo model test one\new_dataset\hiriketiya_beach\sri-lanka-hiriketiya-beach-2B87YTN.jpg,Hiriketiya Beach,Matara,Southern,Beach/Surfing,A beautiful horseshoe-shaped bay famous for surfing.
Sunset-and-cocktails-at-Hiriketiya-Beach-Sri-Lanka-the-perfect-3-week-backpacking-itinerary-for-first-timers.jpg,hiriketiya_beach,C:\Users\ASUS\Documents\clipo model test one\new_dataset\hiriketiya_beach\Sunset-and-cocktails-at-Hiriketiya-Beach-Sri-Lanka-the-perfect-3-week-backpacking-itinerary-for-first-timers.jpg,Hiriketiya Beach,Matara,Southern,Beach/Surfing,A beautiful horseshoe-shaped bay famous for surfing.
Surf-Chill-at-Hiriketiya-beach-Sri-Lanka.jpg,hiriketiya_beach,C:\Users\ASUS\Documents\clipo model test one\new_dataset\hiriketiya_beach\Surf-Chill-at-Hiriketiya-beach-Sri-Lanka.jpg,Hiriketiya Beach,Matara,Southern,Beach/Surfing,A beautiful horseshoe-shaped bay famous for surfing.
Surfers-Hiriketiya-920x690.jpg,hiriketiya_beach,C:\Users\ASUS\Documents\clipo model test one\new_dataset\hiriketiya_beach\Surfers-Hiriketiya-920x690.jpg,Hiriketiya Beach,Matara,Southern,Beach/Surfing,A beautiful horseshoe-shaped bay famous for surfing.
Surfing-in-Hiriketiya-south-Sri-Lanka-drone-shot.jpg,hiriketiya_beach,C:\Users\ASUS\Documents\clipo model test one\new_dataset\hiriketiya_beach\Surfing-in-Hiriketiya-south-Sri-Lanka-drone-shot.jpg,Hiriketiya Beach,Matara,Southern,Beach/Surfing,A beautiful horseshoe-shaped bay famous for surfing.
TAL-header-hiriketiya-sri-lanka-SURFSRILANKA0225-2cc2d2c265f14a4bbf71b6c409647f55.jpg,hiriketiya_beach,C:\Users\ASUS\Documents\clipo model test one\new_dataset\hiriketiya_beach\TAL-header-hiriketiya-sri-lanka-SURFSRILANKA0225-2cc2d2c265f14a4bbf71b6c409647f55.jpg,Hiriketiya Beach,Matara,Southern,Beach/Surfing,A beautiful horseshoe-shaped bay famous for surfing.
The+Common+Wanderer-3628.jpg,hiriketiya_beach,C:\Users\ASUS\Documents\clipo model test one\new_dataset\hiriketiya_beach\The+Common+Wanderer-3628.jpg,Hiriketiya Beach,Matara,Southern,Beach/Surfing,A beautiful horseshoe-shaped bay famous for surfing.
things-to-do-in-hiriketiya-beach-sri-lanka-20-scaled.jpg,hiriketiya_beach,C:\Users\ASUS\Documents\clipo model test one\new_dataset\hiriketiya_beach\things-to-do-in-hiriketiya-beach-sri-lanka-20-scaled.jpg,Hiriketiya Beach,Matara,Southern,Beach/Surfing,A beautiful horseshoe-shaped bay famous for surfing.
WoC-Hiriketiya-Beach-Featured-1.jpg,hiriketiya_beach,C:\Users\ASUS\Documents\clipo model test one\new_dataset\hiriketiya_beach\WoC-Hiriketiya-Beach-Featured-1.jpg,Hiriketiya Beach,Matara,Southern,Beach/Surfing,A beautiful horseshoe-shaped bay famous for surfing.
blowhole-hummanaya-sri-lanka-768x405.jpg,ho_o_maniyablowhole,C:\Users\ASUS\Documents\clipo model test one\new_dataset\ho_o_maniyablowhole\blowhole-hummanaya-sri-lanka-768x405.jpg,Hummanaya Blowhole,Matara,Southern,Nature/Attraction,"The second largest blowhole in the world, located in Dikwella."
hanuman-1000.jpg,ho_o_maniyablowhole,C:\Users\ASUS\Documents\clipo model test one\new_dataset\ho_o_maniyablowhole\hanuman-1000.jpg,Hummanaya Blowhole,Matara,Southern,Nature/Attraction,"The second largest blowhole in the world, located in Dikwella."
hoomaniya-blowhole-900_orig.jpg,ho_o_maniyablowhole,C:\Users\ASUS\Documents\clipo model test one\new_dataset\ho_o_maniyablowhole\hoomaniya-blowhole-900_orig.jpg,Hummanaya Blowhole,Matara,Southern,Nature/Attraction,"The second largest blowhole in the world, located in Dikwella."
Hummanaya - Lankapradeepa (1).jpg,ho_o_maniyablowhole,C:\Users\ASUS\Documents\clipo model test one\new_dataset\ho_o_maniyablowhole\Hummanaya - Lankapradeepa (1).jpg,Hummanaya Blowhole,Matara,Southern,Nature/Attraction,"The second largest blowhole in the world, located in Dikwella."
Hummanaya - Lankapradeepa.jpg,ho_o_maniyablowhole,C:\Users\ASUS\Documents\clipo model test one\new_dataset\ho_o_maniyablowhole\Hummanaya - Lankapradeepa.jpg,Hummanaya Blowhole,Matara,Southern,Nature/Attraction,"The second largest blowhole in the world, located in Dikwella."
hummanaya-blowhole-is-the-only-known-blowhole-in-sri-lanka-the-hummanaya-blowhole-is-located-near-kudawella-28-km-from-matara-and-12-km-from-tangall-2H6D0DR.jpg,ho_o_maniyablowhole,C:\Users\ASUS\Documents\clipo model test one\new_dataset\ho_o_maniyablowhole\hummanaya-blowhole-is-the-only-known-blowhole-in-sri-lanka-the-hummanaya-blowhole-is-located-near-kudawella-28-km-from-matara-and-12-km-from-tangall-2H6D0DR.jpg,Hummanaya Blowhole,Matara,Southern,Nature/Attraction,"The second largest blowhole in the world, located in Dikwella."
ibnbattuta-tgSBVNc-38TtB-6YM.jpg,ho_o_maniyablowhole,C:\Users\ASUS\Documents\clipo model test one\new_dataset\ho_o_maniyablowhole\ibnbattuta-tgSBVNc-38TtB-6YM.jpg,Hummanaya Blowhole,Matara,Southern,Nature/Attraction,"The second largest blowhole in the world, located in Dikwella."
natural-phenomenon-called-hoomaniya-blowhole-260nw-779925232.jpg,ho_o_maniyablowhole,C:\Users\ASUS\Documents\clipo model test one\new_dataset\ho_o_maniyablowhole\natural-phenomenon-called-hoomaniya-blowhole-260nw-779925232.jpg,Hummanaya Blowhole,Matara,Southern,Nature/Attraction,"The second largest blowhole in the world, located in Dikwella."
OIP (10).jpg,ho_o_maniyablowhole,C:\Users\ASUS\Documents\clipo model test one\new_dataset\ho_o_maniyablowhole\OIP (10).jpg,Hummanaya Blowhole,Matara,Southern,Nature/Attraction,"The second largest blowhole in the world, located in Dikwella."
OIP (6).jpg,ho_o_maniyablowhole,C:\Users\ASUS\Documents\clipo model test one\new_dataset\ho_o_maniyablowhole\OIP (6).jpg,Hummanaya Blowhole,Matara,Southern,Nature/Attraction,"The second largest blowhole in the world, located in Dikwella."
OIP (7).jpg,ho_o_maniyablowhole,C:\Users\ASUS\Documents\clipo model test one\new_dataset\ho_o_maniyablowhole\OIP (7).jpg,Hummanaya Blowhole,Matara,Southern,Nature/Attraction,"The second largest blowhole in the world, located in Dikwella."
OIP (8).jpg,ho_o_maniyablowhole,C:\Users\ASUS\Documents\clipo model test one\new_dataset\ho_o_maniyablowhole\OIP (8).jpg,Hummanaya Blowhole,Matara,Southern,Nature/Attraction,"The second largest blowhole in the world, located in Dikwella."
OIP (9).jpg,ho_o_maniyablowhole,C:\Users\ASUS\Documents\clipo model test one\new_dataset\ho_o_maniyablowhole\OIP (9).jpg,Hummanaya Blowhole,Matara,Southern,Nature/Attraction,"The second largest blowhole in the world, located in Dikwella."
sri-lanka-southern-province-tangalle-hoo-maniya-blowhole-water-splashing-from-blow-hole-PFR572.jpg,ho_o_maniyablowhole,C:\Users\ASUS\Documents\clipo model test one\new_dataset\ho_o_maniyablowhole\sri-lanka-southern-province-tangalle-hoo-maniya-blowhole-water-splashing-from-blow-hole-PFR572.jpg,Hummanaya Blowhole,Matara,Southern,Nature/Attraction,"The second largest blowhole in the world, located in Dikwella."
water-gushing-through-a-blowhole-named-hoomanaya-or-hoo-maniya-in-FHR94A (1).jpg,ho_o_maniyablowhole,C:\Users\ASUS\Documents\clipo model test one\new_dataset\ho_o_maniyablowhole\water-gushing-through-a-blowhole-named-hoomanaya-or-hoo-maniya-in-FHR94A (1).jpg,Hummanaya Blowhole,Matara,Southern,Nature/Attraction,"The second largest blowhole in the world, located in Dikwella."
water-gushing-through-a-blowhole-named-hoomanaya-or-hoo-maniya-in-FHR94A.jpg,ho_o_maniyablowhole,C:\Users\ASUS\Documents\clipo model test one\new_dataset\ho_o_maniyablowhole\water-gushing-through-a-blowhole-named-hoomanaya-or-hoo-maniya-in-FHR94A.jpg,Hummanaya Blowhole,Matara,Southern,Nature/Attraction,"The second largest blowhole in the world, located in Dikwella."
70478788-Jetvanarama-Dagoba-Jetvanaramaya-Stupa-Anuradhapura-UNESCO-World-Heritage-Site-Sri-Lanka-Asia.jpg,jetavanarama_dagoba,C:\Users\ASUS\Documents\clipo model test one\new_dataset\jetavanarama_dagoba\70478788-Jetvanarama-Dagoba-Jetvanaramaya-Stupa-Anuradhapura-UNESCO-World-Heritage-Site-Sri-Lanka-Asia.jpg,Jetavanaramaya,Anuradhapura,North Central,Historical/Ruins,A massive ancient stupa that was once the third tallest structure in the world.
ancient-jetavanarama-dagoba-a-huge-red-brick-stupa-in-anuradhapura-FAMT8K.jpg,jetavanarama_dagoba,C:\Users\ASUS\Documents\clipo model test one\new_dataset\jetavanarama_dagoba\ancient-jetavanarama-dagoba-a-huge-red-brick-stupa-in-anuradhapura-FAMT8K.jpg,Jetavanaramaya,Anuradhapura,North Central,Historical/Ruins,A massive ancient stupa that was once the third tallest structure in the world.
anuradhapura-jetavanarama-dagoba-700-1.jpg,jetavanarama_dagoba,C:\Users\ASUS\Documents\clipo model test one\new_dataset\jetavanarama_dagoba\anuradhapura-jetavanarama-dagoba-700-1.jpg,Jetavanaramaya,Anuradhapura,North Central,Historical/Ruins,A massive ancient stupa that was once the third tallest structure in the world.
anuradhapura-sri-lanka-jetavanarama-dagoba-DY25CP.jpg,jetavanarama_dagoba,C:\Users\ASUS\Documents\clipo model test one\new_dataset\jetavanarama_dagoba\anuradhapura-sri-lanka-jetavanarama-dagoba-DY25CP.jpg,Jetavanaramaya,Anuradhapura,North Central,Historical/Ruins,A massive ancient stupa that was once the third tallest structure in the world.
etavanaramaya-dagoba-ruins-jetavana-sacred-world-heritage-city-anuradhapura-etavanaramaya-dagoba-ruins-273146023.jpg,jetavanarama_dagoba,C:\Users\ASUS\Documents\clipo model test one\new_dataset\jetavanarama_dagoba\etavanaramaya-dagoba-ruins-jetavana-sacred-world-heritage-city-anuradhapura-etavanaramaya-dagoba-ruins-273146023.jpg,Jetavanaramaya,Anuradhapura,North Central,Historical/Ruins,A massive ancient stupa that was once the third tallest structure in the world.
etavanaramaya-dagoba-ruins-jetavana-sacred-world-heritage-city-anuradhapura-etavanaramaya-dagoba-ruins-273146061.jpg,jetavanarama_dagoba,C:\Users\ASUS\Documents\clipo model test one\new_dataset\jetavanarama_dagoba\etavanaramaya-dagoba-ruins-jetavana-sacred-world-heritage-city-anuradhapura-etavanaramaya-dagoba-ruins-273146061.jpg,Jetavanaramaya,Anuradhapura,North Central,Historical/Ruins,A massive ancient stupa that was once the third tallest structure in the world.
jetavana-dagoba-landmark-anuradhapura-sri-lanka-jetavana-dagoba-located-anuradhapura-sri-lanka-historic-landmark-282638633.jpg,jetavanarama_dagoba,C:\Users\ASUS\Documents\clipo model test one\new_dataset\jetavanarama_dagoba\jetavana-dagoba-landmark-anuradhapura-sri-lanka-jetavana-dagoba-located-anuradhapura-sri-lanka-historic-landmark-282638633.jpg,Jetavanaramaya,Anuradhapura,North Central,Historical/Ruins,A massive ancient stupa that was once the third tallest structure in the world.
jetavanarama-dagoba-and-green-grass-in-anradhapura-sri-lanka-KX1B56.jpg,jetavanarama_dagoba,C:\Users\ASUS\Documents\clipo model test one\new_dataset\jetavanarama_dagoba\jetavanarama-dagoba-and-green-grass-in-anradhapura-sri-lanka-KX1B56.jpg,Jetavanaramaya,Anuradhapura,North Central,Historical/Ruins,A massive ancient stupa that was once the third tallest structure in the world.
jetavanarama-dagoba-and-unesco-sing-in-anuradhapura-sri-lanka-KX1B53.jpg,jetavanarama_dagoba,C:\Users\ASUS\Documents\clipo model test one\new_dataset\jetavanarama_dagoba\jetavanarama-dagoba-and-unesco-sing-in-anuradhapura-sri-lanka-KX1B53.jpg,Jetavanaramaya,Anuradhapura,North Central,Historical/Ruins,A massive ancient stupa that was once the third tallest structure in the world.
jetavanarama-dagoba-annuradhapura-sri-lanka-274442528.jpg,jetavanarama_dagoba,C:\Users\ASUS\Documents\clipo model test one\new_dataset\jetavanarama_dagoba\jetavanarama-dagoba-annuradhapura-sri-lanka-274442528.jpg,Jetavanaramaya,Anuradhapura,North Central,Historical/Ruins,A massive ancient stupa that was once the third tallest structure in the world.
jetavanarama-dagoba-annuradhapura-sri-lanka-274442741.jpg,jetavanarama_dagoba,C:\Users\ASUS\Documents\clipo model test one\new_dataset\jetavanarama_dagoba\jetavanarama-dagoba-annuradhapura-sri-lanka-274442741.jpg,Jetavanaramaya,Anuradhapura,North Central,Historical/Ruins,A massive ancient stupa that was once the third tallest structure in the world.
jetavanarama-dagoba-annuradhapura-sri-lanka-274442752.jpg,jetavanarama_dagoba,C:\Users\ASUS\Documents\clipo model test one\new_dataset\jetavanarama_dagoba\jetavanarama-dagoba-annuradhapura-sri-lanka-274442752.jpg,Jetavanaramaya,Anuradhapura,North Central,Historical/Ruins,A massive ancient stupa that was once the third tallest structure in the world.
jetavanarama-dagoba-annuradhapura-sri-lanka-274442757.jpg,jetavanarama_dagoba,C:\Users\ASUS\Documents\clipo model test one\new_dataset\jetavanarama_dagoba\jetavanarama-dagoba-annuradhapura-sri-lanka-274442757.jpg,Jetavanaramaya,Anuradhapura,North Central,Historical/Ruins,A massive ancient stupa that was once the third tallest structure in the world.
jetavanarama-dagoba-annuradhapura-sri-lanka-jetavanarama-dagoba-annuradhapura-sri-lanka-274442470.jpg,jetavanarama_dagoba,C:\Users\ASUS\Documents\clipo model test one\new_dataset\jetavanarama_dagoba\jetavanarama-dagoba-annuradhapura-sri-lanka-jetavanarama-dagoba-annuradhapura-sri-lanka-274442470.jpg,Jetavanaramaya,Anuradhapura,North Central,Historical/Ruins,A massive ancient stupa that was once the third tallest structure in the world.
jetavanarama-dagoba-annuradhapura-sri-lanka-jetavanarama-dagoba-annuradhapura-sri-lanka-274442735.jpg,jetavanarama_dagoba,C:\Users\ASUS\Documents\clipo model test one\new_dataset\jetavanarama_dagoba\jetavanarama-dagoba-annuradhapura-sri-lanka-jetavanarama-dagoba-annuradhapura-sri-lanka-274442735.jpg,Jetavanaramaya,Anuradhapura,North Central,Historical/Ruins,A massive ancient stupa that was once the third tallest structure in the world.
jetavanarama-dagoba-anuradhapura-north-central-province-sri-lanka-HXJ46A.jpg,jetavanarama_dagoba,C:\Users\ASUS\Documents\clipo model test one\new_dataset\jetavanarama_dagoba\jetavanarama-dagoba-anuradhapura-north-central-province-sri-lanka-HXJ46A.jpg,Jetavanaramaya,Anuradhapura,North Central,Historical/Ruins,A massive ancient stupa that was once the third tallest structure in the world.
jetavanarama-dagoba-anuradhapura-sri-lanka-CR1YB7.jpg,jetavanarama_dagoba,C:\Users\ASUS\Documents\clipo model test one\new_dataset\jetavanarama_dagoba\jetavanarama-dagoba-anuradhapura-sri-lanka-CR1YB7.jpg,Jetavanaramaya,Anuradhapura,North Central,Historical/Ruins,A massive ancient stupa that was once the third tallest structure in the world.
jetavanarama-dagoba-anuradhapura-sri-lanka-CR1YDG.jpg,jetavanarama_dagoba,C:\Users\ASUS\Documents\clipo model test one\new_dataset\jetavanarama_dagoba\jetavanarama-dagoba-anuradhapura-sri-lanka-CR1YDG.jpg,Jetavanaramaya,Anuradhapura,North Central,Historical/Ruins,A massive ancient stupa that was once the third tallest structure in the world.
jetavanarama-dagoba-anuradhapura-sri-lanka-CR1YFF.jpg,jetavanarama_dagoba,C:\Users\ASUS\Documents\clipo model test one\new_dataset\jetavanarama_dagoba\jetavanarama-dagoba-anuradhapura-sri-lanka-CR1YFF.jpg,Jetavanaramaya,Anuradhapura,North Central,Historical/Ruins,A massive ancient stupa that was once the third tallest structure in the world.
jetavanarama-dagoba-anuradhapura-sri-lanka-CR1YJT.jpg,jetavanarama_dagoba,C:\Users\ASUS\Documents\clipo model test one\new_dataset\jetavanarama_dagoba\jetavanarama-dagoba-anuradhapura-sri-lanka-CR1YJT.jpg,Jetavanaramaya,Anuradhapura,North Central,Historical/Ruins,A massive ancient stupa that was once the third tallest structure in the world.
jetavanarama-dagoba-anuradhapura-unesco-world-heritage-site-north-CR1BND.jpg,jetavanarama_dagoba,C:\Users\ASUS\Documents\clipo model test one\new_dataset\jetavanarama_dagoba\jetavanarama-dagoba-anuradhapura-unesco-world-heritage-site-north-CR1BND.jpg,Jetavanaramaya,Anuradhapura,North Central,Historical/Ruins,A massive ancient stupa that was once the third tallest structure in the world.
jetavanarama-dagoba-anuradhapura-unesco-world-heritage-site-north-CXD78N.jpg,jetavanarama_dagoba,C:\Users\ASUS\Documents\clipo model test one\new_dataset\jetavanarama_dagoba\jetavanarama-dagoba-anuradhapura-unesco-world-heritage-site-north-CXD78N.jpg,Jetavanaramaya,Anuradhapura,North Central,Historical/Ruins,A massive ancient stupa that was once the third tallest structure in the world.
jetavanarama-dagoba-jetavanaramaya-stupa-anuradhapura-sri-lanka-ERNGA9.jpg,jetavanarama_dagoba,C:\Users\ASUS\Documents\clipo model test one\new_dataset\jetavanarama_dagoba\jetavanarama-dagoba-jetavanaramaya-stupa-anuradhapura-sri-lanka-ERNGA9.jpg,Jetavanaramaya,Anuradhapura,North Central,Historical/Ruins,A massive ancient stupa that was once the third tallest structure in the world.
jetavanarama-dagoba-jetavanaramaya-stupa-anuradhapura-sri-lanka-FY5A2J.jpg,jetavanarama_dagoba,C:\Users\ASUS\Documents\clipo model test one\new_dataset\jetavanarama_dagoba\jetavanarama-dagoba-jetavanaramaya-stupa-anuradhapura-sri-lanka-FY5A2J.jpg,Jetavanaramaya,Anuradhapura,North Central,Historical/Ruins,A massive ancient stupa that was once the third tallest structure in the world.
jetavanarama-dagoba-jetavanaramaya-stupa-anuradhapura-sri-lanka-FY5A2N.jpg,jetavanarama_dagoba,C:\Users\ASUS\Documents\clipo model test one\new_dataset\jetavanarama_dagoba\jetavanarama-dagoba-jetavanaramaya-stupa-anuradhapura-sri-lanka-FY5A2N.jpg,Jetavanaramaya,Anuradhapura,North Central,Historical/Ruins,A massive ancient stupa that was once the third tallest structure in the world.
jetavanarama-dagoba-jetavanaramaya-stupa-anuradhapura-sri-lanka-FY75JT.jpg,jetavanarama_dagoba,C:\Users\ASUS\Documents\clipo model test one\new_dataset\jetavanarama_dagoba\jetavanarama-dagoba-jetavanaramaya-stupa-anuradhapura-sri-lanka-FY75JT.jpg,Jetavanaramaya,Anuradhapura,North Central,Historical/Ruins,A massive ancient stupa that was once the third tallest structure in the world.
jetavanaramaya-dagoba-in-the-ruins-of-jetavana-in-the-sacred-world-F5YMH4.jpg,jetavanarama_dagoba,C:\Users\ASUS\Documents\clipo model test one\new_dataset\jetavanarama_dagoba\jetavanaramaya-dagoba-in-the-ruins-of-jetavana-in-the-sacred-world-F5YMH4.jpg,Jetavanaramaya,Anuradhapura,North Central,Historical/Ruins,A massive ancient stupa that was once the third tallest structure in the world.
jetavanaramaya-stupa-dagoba-ruins-jetavana-anuradhapura-sacred-world-heritage-city-sri-lanka-jetavanaramaya-stupa-119948235.jpg,jetavanarama_dagoba,C:\Users\ASUS\Documents\clipo model test one\new_dataset\jetavanarama_dagoba\jetavanaramaya-stupa-dagoba-ruins-jetavana-anuradhapura-sacred-world-heritage-city-sri-lanka-jetavanaramaya-stupa-119948235.jpg,Jetavanaramaya,Anuradhapura,North Central,Historical/Ruins,A massive ancient stupa that was once the third tallest structure in the world.
jetavanaramaya.jpg,jetavanarama_dagoba,C:\Users\ASUS\Documents\clipo model test one\new_dataset\jetavanarama_dagoba\jetavanaramaya.jpg,Jetavanaramaya,Anuradhapura,North Central,Historical/Ruins,A massive ancient stupa that was once the third tallest structure in the world.
jetavaranama-dagoba-sri-lanka-2X5X29G.jpg,jetavanarama_dagoba,C:\Users\ASUS\Documents\clipo model test one\new_dataset\jetavanarama_dagoba\jetavaranama-dagoba-sri-lanka-2X5X29G.jpg,Jetavanaramaya,Anuradhapura,North Central,Historical/Ruins,A massive ancient stupa that was once the third tallest structure in the world.
jetvanarama-dagoba-aka-jetvanaramaya-stupa-at-the-sacred-city-of-anuradhapura-cultural-triangle-sri-lanka-asia-2CT6HCP.jpg,jetavanarama_dagoba,C:\Users\ASUS\Documents\clipo model test one\new_dataset\jetavanarama_dagoba\jetvanarama-dagoba-aka-jetvanaramaya-stupa-at-the-sacred-city-of-anuradhapura-cultural-triangle-sri-lanka-asia-2CT6HCP.jpg,Jetavanaramaya,Anuradhapura,North Central,Historical/Ruins,A massive ancient stupa that was once the third tallest structure in the world.
jetvanarama-dagoba-aka-jetvanaramaya-stupa-sacred-city-of-anuradhapura-cultural-triangle-sri-lanka-asia-2CT6HD4.jpg,jetavanarama_dagoba,C:\Users\ASUS\Documents\clipo model test one\new_dataset\jetavanarama_dagoba\jetvanarama-dagoba-aka-jetvanaramaya-stupa-sacred-city-of-anuradhapura-cultural-triangle-sri-lanka-asia-2CT6HD4.jpg,Jetavanaramaya,Anuradhapura,North Central,Historical/Ruins,A massive ancient stupa that was once the third tallest structure in the world.
OIP (6).jpg,jetavanarama_dagoba,C:\Users\ASUS\Documents\clipo model test one\new_dataset\jetavanarama_dagoba\OIP (6).jpg,Jetavanaramaya,Anuradhapura,North Central,Historical/Ruins,A massive ancient stupa that was once the third tallest structure in the world.
R.jpg,jetavanarama_dagoba,C:\Users\ASUS\Documents\clipo model test one\new_dataset\jetavanarama_dagoba\R.jpg,Jetavanaramaya,Anuradhapura,North Central,Historical/Ruins,A massive ancient stupa that was once the third tallest structure in the world.
The-Jetavanarama-Dagoba_shutterstock-1-690x388.jpg,jetavanarama_dagoba,C:\Users\ASUS\Documents\clipo model test one\new_dataset\jetavanarama_dagoba\The-Jetavanarama-Dagoba_shutterstock-1-690x388.jpg,Jetavanaramaya,Anuradhapura,North Central,Historical/Ruins,A massive ancient stupa that was once the third tallest structure in the world.
kalpitiya_beach (1).jpg,kalpitiya_beach,C:\Users\ASUS\Documents\clipo model test one\new_dataset\kalpitiya_beach\kalpitiya_beach (1).jpg,Kalpitiya Beach,Puttalam,North Western,Beach/Kite Surfing,A beach renowned for kite surfing and dolphin watching.
kalpitiya_beach (10).jpg,kalpitiya_beach,C:\Users\ASUS\Documents\clipo model test one\new_dataset\kalpitiya_beach\kalpitiya_beach (10).jpg,Kalpitiya Beach,Puttalam,North Western,Beach/Kite Surfing,A beach renowned for kite surfing and dolphin watching.
kalpitiya_beach (11).jpg,kalpitiya_beach,C:\Users\ASUS\Documents\clipo model test one\new_dataset\kalpitiya_beach\kalpitiya_beach (11).jpg,Kalpitiya Beach,Puttalam,North Western,Beach/Kite Surfing,A beach renowned for kite surfing and dolphin watching.
kalpitiya_beach (12).jpg,kalpitiya_beach,C:\Users\ASUS\Documents\clipo model test one\new_dataset\kalpitiya_beach\kalpitiya_beach (12).jpg,Kalpitiya Beach,Puttalam,North Western,Beach/Kite Surfing,A beach renowned for kite surfing and dolphin watching.
kalpitiya_beach (13).jpg,kalpitiya_beach,C:\Users\ASUS\Documents\clipo model test one\new_dataset\kalpitiya_beach\kalpitiya_beach (13).jpg,Kalpitiya Beach,Puttalam,North Western,Beach/Kite Surfing,A beach renowned for kite surfing and dolphin watching.
kalpitiya_beach (14).jpg,kalpitiya_beach,C:\Users\ASUS\Documents\clipo model test one\new_dataset\kalpitiya_beach\kalpitiya_beach (14).jpg,Kalpitiya Beach,Puttalam,North Western,Beach/Kite Surfing,A beach renowned for kite surfing and dolphin watching.
kalpitiya_beach (15).jpg,kalpitiya_beach,C:\Users\ASUS\Documents\clipo model test one\new_dataset\kalpitiya_beach\kalpitiya_beach (15).jpg,Kalpitiya Beach,Puttalam,North Western,Beach/Kite Surfing,A beach renowned for kite surfing and dolphin watching.
kalpitiya_beach (16).jpg,kalpitiya_beach,C:\Users\ASUS\Documents\clipo model test one\new_dataset\kalpitiya_beach\kalpitiya_beach (16).jpg,Kalpitiya Beach,Puttalam,North Western,Beach/Kite Surfing,A beach renowned for kite surfing and dolphin watching.
kalpitiya_beach (17).jpg,kalpitiya_beach,C:\Users\ASUS\Documents\clipo model test one\new_dataset\kalpitiya_beach\kalpitiya_beach (17).jpg,Kalpitiya Beach,Puttalam,North Western,Beach/Kite Surfing,A beach renowned for kite surfing and dolphin watching.
kalpitiya_beach (18).jpg,kalpitiya_beach,C:\Users\ASUS\Documents\clipo model test one\new_dataset\kalpitiya_beach\kalpitiya_beach (18).jpg,Kalpitiya Beach,Puttalam,North Western,Beach/Kite Surfing,A beach renowned for kite surfing and dolphin watching.
kalpitiya_beach (19).jpg,kalpitiya_beach,C:\Users\ASUS\Documents\clipo model test one\new_dataset\kalpitiya_beach\kalpitiya_beach (19).jpg,Kalpitiya Beach,Puttalam,North Western,Beach/Kite Surfing,A beach renowned for kite surfing and dolphin watching.
kalpitiya_beach (2).jpg,kalpitiya_beach,C:\Users\ASUS\Documents\clipo model test one\new_dataset\kalpitiya_beach\kalpitiya_beach (2).jpg,Kalpitiya Beach,Puttalam,North Western,Beach/Kite Surfing,A beach renowned for kite surfing and dolphin watching.
kalpitiya_beach (20).jpg,kalpitiya_beach,C:\Users\ASUS\Documents\clipo model test one\new_dataset\kalpitiya_beach\kalpitiya_beach (20).jpg,Kalpitiya Beach,Puttalam,North Western,Beach/Kite Surfing,A beach renowned for kite surfing and dolphin watching.
kalpitiya_beach (21).jpg,kalpitiya_beach,C:\Users\ASUS\Documents\clipo model test one\new_dataset\kalpitiya_beach\kalpitiya_beach (21).jpg,Kalpitiya Beach,Puttalam,North Western,Beach/Kite Surfing,A beach renowned for kite surfing and dolphin watching.
kalpitiya_beach (3).jpg,kalpitiya_beach,C:\Users\ASUS\Documents\clipo model test one\new_dataset\kalpitiya_beach\kalpitiya_beach (3).jpg,Kalpitiya Beach,Puttalam,North Western,Beach/Kite Surfing,A beach renowned for kite surfing and dolphin watching.
kalpitiya_beach (4).jpg,kalpitiya_beach,C:\Users\ASUS\Documents\clipo model test one\new_dataset\kalpitiya_beach\kalpitiya_beach (4).jpg,Kalpitiya Beach,Puttalam,North Western,Beach/Kite Surfing,A beach renowned for kite surfing and dolphin watching.
kalpitiya_beach (5).jpg,kalpitiya_beach,C:\Users\ASUS\Documents\clipo model test one\new_dataset\kalpitiya_beach\kalpitiya_beach (5).jpg,Kalpitiya Beach,Puttalam,North Western,Beach/Kite Surfing,A beach renowned for kite surfing and dolphin watching.
kalpitiya_beach (6).jpg,kalpitiya_beach,C:\Users\ASUS\Documents\clipo model test one\new_dataset\kalpitiya_beach\kalpitiya_beach (6).jpg,Kalpitiya Beach,Puttalam,North Western,Beach/Kite Surfing,A beach renowned for kite surfing and dolphin watching.
kalpitiya_beach (7).jpg,kalpitiya_beach,C:\Users\ASUS\Documents\clipo model test one\new_dataset\kalpitiya_beach\kalpitiya_beach (7).jpg,Kalpitiya Beach,Puttalam,North Western,Beach/Kite Surfing,A beach renowned for kite surfing and dolphin watching.
kalpitiya_beach (8).jpg,kalpitiya_beach,C:\Users\ASUS\Documents\clipo model test one\new_dataset\kalpitiya_beach\kalpitiya_beach (8).jpg,Kalpitiya Beach,Puttalam,North Western,Beach/Kite Surfing,A beach renowned for kite surfing and dolphin watching.
kalpitiya_beach (9).jpg,kalpitiya_beach,C:\Users\ASUS\Documents\clipo model test one\new_dataset\kalpitiya_beach\kalpitiya_beach (9).jpg,Kalpitiya Beach,Puttalam,North Western,Beach/Kite Surfing,A beach renowned for kite surfing and dolphin watching.
28fc680943875a062cb38132cc445981.jpg,kande_viharaya_temple_aluthgama,C:\Users\ASUS\Documents\clipo model test one\new_dataset\kande_viharaya_temple_aluthgama\28fc680943875a062cb38132cc445981.jpg,Kande Viharaya,Kalutara,Western,Temple/Historical,A major Buddhist temple famous for its towering Buddha statue.
3bcfbacecb0e60c762de7fe259032462.jpg,kande_viharaya_temple_aluthgama,C:\Users\ASUS\Documents\clipo model test one\new_dataset\kande_viharaya_temple_aluthgama\3bcfbacecb0e60c762de7fe259032462.jpg,Kande Viharaya,Kalutara,Western,Temple/Historical,A major Buddhist temple famous for its towering Buddha statue.
Alutgama_Kande_Viharaya_Photos_By_360viewlk-5-of-12-1-1024x683.jpg,kande_viharaya_temple_aluthgama,C:\Users\ASUS\Documents\clipo model test one\new_dataset\kande_viharaya_temple_aluthgama\Alutgama_Kande_Viharaya_Photos_By_360viewlk-5-of-12-1-1024x683.jpg,Kande Viharaya,Kalutara,Western,Temple/Historical,A major Buddhist temple famous for its towering Buddha statue.
Aluthgama-Kande-Vihara.jpg,kande_viharaya_temple_aluthgama,C:\Users\ASUS\Documents\clipo model test one\new_dataset\kande_viharaya_temple_aluthgama\Aluthgama-Kande-Vihara.jpg,Kande Viharaya,Kalutara,Western,Temple/Historical,A major Buddhist temple famous for its towering Buddha statue.
aluthgama-kande-viharaya-2-7735973.jpg,kande_viharaya_temple_aluthgama,C:\Users\ASUS\Documents\clipo model test one\new_dataset\kande_viharaya_temple_aluthgama\aluthgama-kande-viharaya-2-7735973.jpg,Kande Viharaya,Kalutara,Western,Temple/Historical,A major Buddhist temple famous for its towering Buddha statue.
aluthgama-kande-viharaya-4-7736045.jpg,kande_viharaya_temple_aluthgama,C:\Users\ASUS\Documents\clipo model test one\new_dataset\kande_viharaya_temple_aluthgama\aluthgama-kande-viharaya-4-7736045.jpg,Kande Viharaya,Kalutara,Western,Temple/Historical,A major Buddhist temple famous for its towering Buddha statue.
aluthgama-kande-viharaya-5-7736079.jpg,kande_viharaya_temple_aluthgama,C:\Users\ASUS\Documents\clipo model test one\new_dataset\kande_viharaya_temple_aluthgama\aluthgama-kande-viharaya-5-7736079.jpg,Kande Viharaya,Kalutara,Western,Temple/Historical,A major Buddhist temple famous for its towering Buddha statue.
aluthgama-sri-lanka-huge-m-high-sitting-buddha-statue-kande-viharaya-temple-near-popular-tourist-center-bentota-beruwala-319470721.jpg,kande_viharaya_temple_aluthgama,C:\Users\ASUS\Documents\clipo model test one\new_dataset\kande_viharaya_temple_aluthgama\aluthgama-sri-lanka-huge-m-high-sitting-buddha-statue-kande-viharaya-temple-near-popular-tourist-center-bentota-beruwala-319470721.jpg,Kande Viharaya,Kalutara,Western,Temple/Historical,A major Buddhist temple famous for its towering Buddha statue.
cc6aa5567622f3694627e56e380f3843.jpg,kande_viharaya_temple_aluthgama,C:\Users\ASUS\Documents\clipo model test one\new_dataset\kande_viharaya_temple_aluthgama\cc6aa5567622f3694627e56e380f3843.jpg,Kande Viharaya,Kalutara,Western,Temple/Historical,A major Buddhist temple famous for its towering Buddha statue.
DSCF0235.jpg,kande_viharaya_temple_aluthgama,C:\Users\ASUS\Documents\clipo model test one\new_dataset\kande_viharaya_temple_aluthgama\DSCF0235.jpg,Kande Viharaya,Kalutara,Western,Temple/Historical,A major Buddhist temple famous for its towering Buddha statue.
IMG_3819.jpg,kande_viharaya_temple_aluthgama,C:\Users\ASUS\Documents\clipo model test one\new_dataset\kande_viharaya_temple_aluthgama\IMG_3819.jpg,Kande Viharaya,Kalutara,Western,Temple/Historical,A major Buddhist temple famous for its towering Buddha statue.
IMG_3821.jpg,kande_viharaya_temple_aluthgama,C:\Users\ASUS\Documents\clipo model test one\new_dataset\kande_viharaya_temple_aluthgama\IMG_3821.jpg,Kande Viharaya,Kalutara,Western,Temple/Historical,A major Buddhist temple famous for its towering Buddha statue.
IMG_3826.jpg,kande_viharaya_temple_aluthgama,C:\Users\ASUS\Documents\clipo model test one\new_dataset\kande_viharaya_temple_aluthgama\IMG_3826.jpg,Kande Viharaya,Kalutara,Western,Temple/Historical,A major Buddhist temple famous for its towering Buddha statue.
IMG_3856.jpg,kande_viharaya_temple_aluthgama,C:\Users\ASUS\Documents\clipo model test one\new_dataset\kande_viharaya_temple_aluthgama\IMG_3856.jpg,Kande Viharaya,Kalutara,Western,Temple/Historical,A major Buddhist temple famous for its towering Buddha statue.
IMG_3865 (1).jpg,kande_viharaya_temple_aluthgama,C:\Users\ASUS\Documents\clipo model test one\new_dataset\kande_viharaya_temple_aluthgama\IMG_3865 (1).jpg,Kande Viharaya,Kalutara,Western,Temple/Historical,A major Buddhist temple famous for its towering Buddha statue.
IMG_3865.jpg,kande_viharaya_temple_aluthgama,C:\Users\ASUS\Documents\clipo model test one\new_dataset\kande_viharaya_temple_aluthgama\IMG_3865.jpg,Kande Viharaya,Kalutara,Western,Temple/Historical,A major Buddhist temple famous for its towering Buddha statue.
kande-viharaya-aluthgama-temple-temple-was-built-height-construction-meters-43544317.jpg,kande_viharaya_temple_aluthgama,C:\Users\ASUS\Documents\clipo model test one\new_dataset\kande_viharaya_temple_aluthgama\kande-viharaya-aluthgama-temple-temple-was-built-height-construction-meters-43544317.jpg,Kande Viharaya,Kalutara,Western,Temple/Historical,A major Buddhist temple famous for its towering Buddha statue.
kande-viharaya-ancient-temple.jpg,kande_viharaya_temple_aluthgama,C:\Users\ASUS\Documents\clipo model test one\new_dataset\kande_viharaya_temple_aluthgama\kande-viharaya-ancient-temple.jpg,Kande Viharaya,Kalutara,Western,Temple/Historical,A major Buddhist temple famous for its towering Buddha statue.
kande-viharaya-buddhist-temple.jpg,kande_viharaya_temple_aluthgama,C:\Users\ASUS\Documents\clipo model test one\new_dataset\kande_viharaya_temple_aluthgama\kande-viharaya-buddhist-temple.jpg,Kande Viharaya,Kalutara,Western,Temple/Historical,A major Buddhist temple famous for its towering Buddha statue.
OIP (6).jpg,kande_viharaya_temple_aluthgama,C:\Users\ASUS\Documents\clipo model test one\new_dataset\kande_viharaya_temple_aluthgama\OIP (6).jpg,Kande Viharaya,Kalutara,Western,Temple/Historical,A major Buddhist temple famous for its towering Buddha statue.
OIP (7).jpg,kande_viharaya_temple_aluthgama,C:\Users\ASUS\Documents\clipo model test one\new_dataset\kande_viharaya_temple_aluthgama\OIP (7).jpg,Kande Viharaya,Kalutara,Western,Temple/Historical,A major Buddhist temple famous for its towering Buddha statue.
OIP (8).jpg,kande_viharaya_temple_aluthgama,C:\Users\ASUS\Documents\clipo model test one\new_dataset\kande_viharaya_temple_aluthgama\OIP (8).jpg,Kande Viharaya,Kalutara,Western,Temple/Historical,A major Buddhist temple famous for its towering Buddha statue.
R.jpg,kande_viharaya_temple_aluthgama,C:\Users\ASUS\Documents\clipo model test one\new_dataset\kande_viharaya_temple_aluthgama\R.jpg,Kande Viharaya,Kalutara,Western,Temple/Historical,A major Buddhist temple famous for its towering Buddha statue.
sitting-buddha-statue-kande-viharaya-temple-aluthgama-aluthgama-sri-lanka-huge-m-high-sitting-buddha-statue-kande-317092406.jpg,kande_viharaya_temple_aluthgama,C:\Users\ASUS\Documents\clipo model test one\new_dataset\kande_viharaya_temple_aluthgama\sitting-buddha-statue-kande-viharaya-temple-aluthgama-aluthgama-sri-lanka-huge-m-high-sitting-buddha-statue-kande-317092406.jpg,Kande Viharaya,Kalutara,Western,Temple/Historical,A major Buddhist temple famous for its towering Buddha statue.
sitting-buddha-statue-kande-viharaya-temple-aluthgama-western-province-HGJH71.jpg,kande_viharaya_temple_aluthgama,C:\Users\ASUS\Documents\clipo model test one\new_dataset\kande_viharaya_temple_aluthgama\sitting-buddha-statue-kande-viharaya-temple-aluthgama-western-province-HGJH71.jpg,Kande Viharaya,Kalutara,Western,Temple/Historical,A major Buddhist temple famous for its towering Buddha statue.
20191219-150012-largejpg.jpg,mount_lavinia_beach,C:\Users\ASUS\Documents\clipo model test one\new_dataset\mount_lavinia_beach\20191219-150012-largejpg.jpg,Mount Lavinia Beach,Colombo,Western,Beach,A popular city beach located just south of Colombo.
beach-in-front-mount-lavinia-hotel-mount-lavinia-sri-lanka-BK2WPA.jpg,mount_lavinia_beach,C:\Users\ASUS\Documents\clipo model test one\new_dataset\mount_lavinia_beach\beach-in-front-mount-lavinia-hotel-mount-lavinia-sri-lanka-BK2WPA.jpg,Mount Lavinia Beach,Colombo,Western,Beach,A popular city beach located just south of Colombo.
beach-in-front-mount-lavinia-hotel-mount-lavinia-sri-lanka-BK2X1X.jpg,mount_lavinia_beach,C:\Users\ASUS\Documents\clipo model test one\new_dataset\mount_lavinia_beach\beach-in-front-mount-lavinia-hotel-mount-lavinia-sri-lanka-BK2X1X.jpg,Mount Lavinia Beach,Colombo,Western,Beach,A popular city beach located just south of Colombo.
beach-view.jpg,mount_lavinia_beach,C:\Users\ASUS\Documents\clipo model test one\new_dataset\mount_lavinia_beach\beach-view.jpg,Mount Lavinia Beach,Colombo,Western,Beach,A popular city beach located just south of Colombo.
gettyimages-1246893023-612x612.jpg,mount_lavinia_beach,C:\Users\ASUS\Documents\clipo model test one\new_dataset\mount_lavinia_beach\gettyimages-1246893023-612x612.jpg,Mount Lavinia Beach,Colombo,Western,Beach,A popular city beach located just south of Colombo.
mount-lavinia-hotel-and-beach-colombo-sri-lanka-kevin-hellon.jpg,mount_lavinia_beach,C:\Users\ASUS\Documents\clipo model test one\new_dataset\mount_lavinia_beach\mount-lavinia-hotel-and-beach-colombo-sri-lanka-kevin-hellon.jpg,Mount Lavinia Beach,Colombo,Western,Beach,A popular city beach located just south of Colombo.
R (1).jpg,mount_lavinia_beach,C:\Users\ASUS\Documents\clipo model test one\new_dataset\mount_lavinia_beach\R (1).jpg,Mount Lavinia Beach,Colombo,Western,Beach,A popular city beach located just south of Colombo.
R.jpg,mount_lavinia_beach,C:\Users\ASUS\Documents\clipo model test one\new_dataset\mount_lavinia_beach\R.jpg,Mount Lavinia Beach,Colombo,Western,Beach,A popular city beach located just south of Colombo.
WhatsApp Image 2026-02-19 at 9.17.28 PM.jpg,mount_lavinia_beach,C:\Users\ASUS\Documents\clipo model test one\new_dataset\mount_lavinia_beach\WhatsApp Image 2026-02-19 at 9.17.28 PM.jpg,Mount Lavinia Beach,Colombo,Western,Beach,A popular city beach located just south of Colombo.
WhatsApp Image 2026-02-19 at 9.17.29 PM (1).jpg,mount_lavinia_beach,C:\Users\ASUS\Documents\clipo model test one\new_dataset\mount_lavinia_beach\WhatsApp Image 2026-02-19 at 9.17.29 PM (1).jpg,Mount Lavinia Beach,Colombo,Western,Beach,A popular city beach located just south of Colombo.
WhatsApp Image 2026-02-19 at 9.17.29 PM (2).jpg,mount_lavinia_beach,C:\Users\ASUS\Documents\clipo model test one\new_dataset\mount_lavinia_beach\WhatsApp Image 2026-02-19 at 9.17.29 PM (2).jpg,Mount Lavinia Beach,Colombo,Western,Beach,A popular city beach located just south of Colombo.
WhatsApp Image 2026-02-19 at 9.17.29 PM (3).jpg,mount_lavinia_beach,C:\Users\ASUS\Documents\clipo model test one\new_dataset\mount_lavinia_beach\WhatsApp Image 2026-02-19 at 9.17.29 PM (3).jpg,Mount Lavinia Beach,Colombo,Western,Beach,A popular city beach located just south of Colombo.
WhatsApp Image 2026-02-19 at 9.17.29 PM.jpg,mount_lavinia_beach,C:\Users\ASUS\Documents\clipo model test one\new_dataset\mount_lavinia_beach\WhatsApp Image 2026-02-19 at 9.17.29 PM.jpg,Mount Lavinia Beach,Colombo,Western,Beach,A popular city beach located just south of Colombo.
WhatsApp Image 2026-02-19 at 9.17.30 PM (1).jpg,mount_lavinia_beach,C:\Users\ASUS\Documents\clipo model test one\new_dataset\mount_lavinia_beach\WhatsApp Image 2026-02-19 at 9.17.30 PM (1).jpg,Mount Lavinia Beach,Colombo,Western,Beach,A popular city beach located just south of Colombo.
WhatsApp Image 2026-02-19 at 9.17.30 PM (2).jpg,mount_lavinia_beach,C:\Users\ASUS\Documents\clipo model test one\new_dataset\mount_lavinia_beach\WhatsApp Image 2026-02-19 at 9.17.30 PM (2).jpg,Mount Lavinia Beach,Colombo,Western,Beach,A popular city beach located just south of Colombo.
WhatsApp Image 2026-02-19 at 9.17.30 PM (3).jpg,mount_lavinia_beach,C:\Users\ASUS\Documents\clipo model test one\new_dataset\mount_lavinia_beach\WhatsApp Image 2026-02-19 at 9.17.30 PM (3).jpg,Mount Lavinia Beach,Colombo,Western,Beach,A popular city beach located just south of Colombo.
WhatsApp Image 2026-02-19 at 9.17.30 PM.jpg,mount_lavinia_beach,C:\Users\ASUS\Documents\clipo model test one\new_dataset\mount_lavinia_beach\WhatsApp Image 2026-02-19 at 9.17.30 PM.jpg,Mount Lavinia Beach,Colombo,Western,Beach,A popular city beach located just south of Colombo.
WhatsApp Image 2026-02-19 at 9.17.31 PM (1).jpg,mount_lavinia_beach,C:\Users\ASUS\Documents\clipo model test one\new_dataset\mount_lavinia_beach\WhatsApp Image 2026-02-19 at 9.17.31 PM (1).jpg,Mount Lavinia Beach,Colombo,Western,Beach,A popular city beach located just south of Colombo.
WhatsApp Image 2026-02-19 at 9.17.31 PM (2).jpg,mount_lavinia_beach,C:\Users\ASUS\Documents\clipo model test one\new_dataset\mount_lavinia_beach\WhatsApp Image 2026-02-19 at 9.17.31 PM (2).jpg,Mount Lavinia Beach,Colombo,Western,Beach,A popular city beach located just south of Colombo.
WhatsApp Image 2026-02-19 at 9.17.31 PM.jpg,mount_lavinia_beach,C:\Users\ASUS\Documents\clipo model test one\new_dataset\mount_lavinia_beach\WhatsApp Image 2026-02-19 at 9.17.31 PM.jpg,Mount Lavinia Beach,Colombo,Western,Beach,A popular city beach located just south of Colombo.
WhatsApp Image 2026-02-19 at 9.17.32 PM (1).jpg,mount_lavinia_beach,C:\Users\ASUS\Documents\clipo model test one\new_dataset\mount_lavinia_beach\WhatsApp Image 2026-02-19 at 9.17.32 PM (1).jpg,Mount Lavinia Beach,Colombo,Western,Beach,A popular city beach located just south of Colombo.
WhatsApp Image 2026-02-19 at 9.17.32 PM (2).jpg,mount_lavinia_beach,C:\Users\ASUS\Documents\clipo model test one\new_dataset\mount_lavinia_beach\WhatsApp Image 2026-02-19 at 9.17.32 PM (2).jpg,Mount Lavinia Beach,Colombo,Western,Beach,A popular city beach located just south of Colombo.
WhatsApp Image 2026-02-19 at 9.17.32 PM (3).jpg,mount_lavinia_beach,C:\Users\ASUS\Documents\clipo model test one\new_dataset\mount_lavinia_beach\WhatsApp Image 2026-02-19 at 9.17.32 PM (3).jpg,Mount Lavinia Beach,Colombo,Western,Beach,A popular city beach located just south of Colombo.
WhatsApp Image 2026-02-19 at 9.17.32 PM.jpg,mount_lavinia_beach,C:\Users\ASUS\Documents\clipo model test one\new_dataset\mount_lavinia_beach\WhatsApp Image 2026-02-19 at 9.17.32 PM.jpg,Mount Lavinia Beach,Colombo,Western,Beach,A popular city beach located just south of Colombo.
WhatsApp Image 2026-02-19 at 9.17.33 PM (1).jpg,mount_lavinia_beach,C:\Users\ASUS\Documents\clipo model test one\new_dataset\mount_lavinia_beach\WhatsApp Image 2026-02-19 at 9.17.33 PM (1).jpg,Mount Lavinia Beach,Colombo,Western,Beach,A popular city beach located just south of Colombo.
WhatsApp Image 2026-02-19 at 9.17.33 PM (2).jpg,mount_lavinia_beach,C:\Users\ASUS\Documents\clipo model test one\new_dataset\mount_lavinia_beach\WhatsApp Image 2026-02-19 at 9.17.33 PM (2).jpg,Mount Lavinia Beach,Colombo,Western,Beach,A popular city beach located just south of Colombo.
WhatsApp Image 2026-02-19 at 9.17.33 PM (3).jpg,mount_lavinia_beach,C:\Users\ASUS\Documents\clipo model test one\new_dataset\mount_lavinia_beach\WhatsApp Image 2026-02-19 at 9.17.33 PM (3).jpg,Mount Lavinia Beach,Colombo,Western,Beach,A popular city beach located just south of Colombo.
WhatsApp Image 2026-02-19 at 9.17.33 PM.jpg,mount_lavinia_beach,C:\Users\ASUS\Documents\clipo model test one\new_dataset\mount_lavinia_beach\WhatsApp Image 2026-02-19 at 9.17.33 PM.jpg,Mount Lavinia Beach,Colombo,Western,Beach,A popular city beach located just south of Colombo.
017.jpg,mount_lavinia_hotel,C:\Users\ASUS\Documents\clipo model test one\new_dataset\mount_lavinia_hotel\017.jpg,Mount Lavinia Hotel,Colombo,Western,Hotel/Historical,"A heritage hotel with a rich colonial history, located on a beachside cliff."
167_1506668267_jRVyyTnG7vKm.jpg,mount_lavinia_hotel,C:\Users\ASUS\Documents\clipo model test one\new_dataset\mount_lavinia_hotel\167_1506668267_jRVyyTnG7vKm.jpg,Mount Lavinia Hotel,Colombo,Western,Hotel/Historical,"A heritage hotel with a rich colonial history, located on a beachside cliff."
birds-eye-view-of-hotel.jpg,mount_lavinia_hotel,C:\Users\ASUS\Documents\clipo model test one\new_dataset\mount_lavinia_hotel\birds-eye-view-of-hotel.jpg,Mount Lavinia Hotel,Colombo,Western,Hotel/Historical,"A heritage hotel with a rich colonial history, located on a beachside cliff."
OIP (6).jpg,mount_lavinia_hotel,C:\Users\ASUS\Documents\clipo model test one\new_dataset\mount_lavinia_hotel\OIP (6).jpg,Mount Lavinia Hotel,Colombo,Western,Hotel/Historical,"A heritage hotel with a rich colonial history, located on a beachside cliff."
u6mSgpPiFQpijcj.jpg,mount_lavinia_hotel,C:\Users\ASUS\Documents\clipo model test one\new_dataset\mount_lavinia_hotel\u6mSgpPiFQpijcj.jpg,Mount Lavinia Hotel,Colombo,Western,Hotel/Historical,"A heritage hotel with a rich colonial history, located on a beachside cliff."
WhatsApp Image 2026-02-19 at 9.20.31 PM (1).jpg,mount_lavinia_hotel,C:\Users\ASUS\Documents\clipo model test one\new_dataset\mount_lavinia_hotel\WhatsApp Image 2026-02-19 at 9.20.31 PM (1).jpg,Mount Lavinia Hotel,Colombo,Western,Hotel/Historical,"A heritage hotel with a rich colonial history, located on a beachside cliff."
WhatsApp Image 2026-02-19 at 9.20.31 PM (2).jpg,mount_lavinia_hotel,C:\Users\ASUS\Documents\clipo model test one\new_dataset\mount_lavinia_hotel\WhatsApp Image 2026-02-19 at 9.20.31 PM (2).jpg,Mount Lavinia Hotel,Colombo,Western,Hotel/Historical,"A heritage hotel with a rich colonial history, located on a beachside cliff."
WhatsApp Image 2026-02-19 at 9.20.31 PM.jpg,mount_lavinia_hotel,C:\Users\ASUS\Documents\clipo model test one\new_dataset\mount_lavinia_hotel\WhatsApp Image 2026-02-19 at 9.20.31 PM.jpg,Mount Lavinia Hotel,Colombo,Western,Hotel/Historical,"A heritage hotel with a rich colonial history, located on a beachside cliff."
WhatsApp Image 2026-02-19 at 9.20.32 PM (1).jpg,mount_lavinia_hotel,C:\Users\ASUS\Documents\clipo model test one\new_dataset\mount_lavinia_hotel\WhatsApp Image 2026-02-19 at 9.20.32 PM (1).jpg,Mount Lavinia Hotel,Colombo,Western,Hotel/Historical,"A heritage hotel with a rich colonial history, located on a beachside cliff."
WhatsApp Image 2026-02-19 at 9.20.32 PM (2).jpg,mount_lavinia_hotel,C:\Users\ASUS\Documents\clipo model test one\new_dataset\mount_lavinia_hotel\WhatsApp Image 2026-02-19 at 9.20.32 PM (2).jpg,Mount Lavinia Hotel,Colombo,Western,Hotel/Historical,"A heritage hotel with a rich colonial history, located on a beachside cliff."
WhatsApp Image 2026-02-19 at 9.20.32 PM (3).jpg,mount_lavinia_hotel,C:\Users\ASUS\Documents\clipo model test one\new_dataset\mount_lavinia_hotel\WhatsApp Image 2026-02-19 at 9.20.32 PM (3).jpg,Mount Lavinia Hotel,Colombo,Western,Hotel/Historical,"A heritage hotel with a rich colonial history, located on a beachside cliff."
WhatsApp Image 2026-02-19 at 9.20.32 PM.jpg,mount_lavinia_hotel,C:\Users\ASUS\Documents\clipo model test one\new_dataset\mount_lavinia_hotel\WhatsApp Image 2026-02-19 at 9.20.32 PM.jpg,Mount Lavinia Hotel,Colombo,Western,Hotel/Historical,"A heritage hotel with a rich colonial history, located on a beachside cliff."
WhatsApp Image 2026-02-19 at 9.20.33 PM (1).jpg,mount_lavinia_hotel,C:\Users\ASUS\Documents\clipo model test one\new_dataset\mount_lavinia_hotel\WhatsApp Image 2026-02-19 at 9.20.33 PM (1).jpg,Mount Lavinia Hotel,Colombo,Western,Hotel/Historical,"A heritage hotel with a rich colonial history, located on a beachside cliff."
WhatsApp Image 2026-02-19 at 9.20.33 PM (2).jpg,mount_lavinia_hotel,C:\Users\ASUS\Documents\clipo model test one\new_dataset\mount_lavinia_hotel\WhatsApp Image 2026-02-19 at 9.20.33 PM (2).jpg,Mount Lavinia Hotel,Colombo,Western,Hotel/Historical,"A heritage hotel with a rich colonial history, located on a beachside cliff."
WhatsApp Image 2026-02-19 at 9.20.33 PM.jpg,mount_lavinia_hotel,C:\Users\ASUS\Documents\clipo model test one\new_dataset\mount_lavinia_hotel\WhatsApp Image 2026-02-19 at 9.20.33 PM.jpg,Mount Lavinia Hotel,Colombo,Western,Hotel/Historical,"A heritage hotel with a rich colonial history, located on a beachside cliff."
WhatsApp Image 2026-02-19 at 9.20.34 PM (1).jpg,mount_lavinia_hotel,C:\Users\ASUS\Documents\clipo model test one\new_dataset\mount_lavinia_hotel\WhatsApp Image 2026-02-19 at 9.20.34 PM (1).jpg,Mount Lavinia Hotel,Colombo,Western,Hotel/Historical,"A heritage hotel with a rich colonial history, located on a beachside cliff."
WhatsApp Image 2026-02-19 at 9.20.34 PM.jpg,mount_lavinia_hotel,C:\Users\ASUS\Documents\clipo model test one\new_dataset\mount_lavinia_hotel\WhatsApp Image 2026-02-19 at 9.20.34 PM.jpg,Mount Lavinia Hotel,Colombo,Western,Hotel/Historical,"A heritage hotel with a rich colonial history, located on a beachside cliff."
WhatsApp Image 2026-02-19 at 9.20.35 PM (1).jpg,mount_lavinia_hotel,C:\Users\ASUS\Documents\clipo model test one\new_dataset\mount_lavinia_hotel\WhatsApp Image 2026-02-19 at 9.20.35 PM (1).jpg,Mount Lavinia Hotel,Colombo,Western,Hotel/Historical,"A heritage hotel with a rich colonial history, located on a beachside cliff."
WhatsApp Image 2026-02-19 at 9.20.35 PM.jpg,mount_lavinia_hotel,C:\Users\ASUS\Documents\clipo model test one\new_dataset\mount_lavinia_hotel\WhatsApp Image 2026-02-19 at 9.20.35 PM.jpg,Mount Lavinia Hotel,Colombo,Western,Hotel/Historical,"A heritage hotel with a rich colonial history, located on a beachside cliff."
WhatsApp Image 2026-02-19 at 9.20.37 PM (1).jpg,mount_lavinia_hotel,C:\Users\ASUS\Documents\clipo model test one\new_dataset\mount_lavinia_hotel\WhatsApp Image 2026-02-19 at 9.20.37 PM (1).jpg,Mount Lavinia Hotel,Colombo,Western,Hotel/Historical,"A heritage hotel with a rich colonial history, located on a beachside cliff."
WhatsApp Image 2026-02-19 at 9.20.37 PM.jpg,mount_lavinia_hotel,C:\Users\ASUS\Documents\clipo model test one\new_dataset\mount_lavinia_hotel\WhatsApp Image 2026-02-19 at 9.20.37 PM.jpg,Mount Lavinia Hotel,Colombo,Western,Hotel/Historical,"A heritage hotel with a rich colonial history, located on a beachside cliff."
WhatsApp Image 2026-02-19 at 9.20.38 PM (1).jpg,mount_lavinia_hotel,C:\Users\ASUS\Documents\clipo model test one\new_dataset\mount_lavinia_hotel\WhatsApp Image 2026-02-19 at 9.20.38 PM (1).jpg,Mount Lavinia Hotel,Colombo,Western,Hotel/Historical,"A heritage hotel with a rich colonial history, located on a beachside cliff."
WhatsApp Image 2026-02-19 at 9.20.38 PM.jpg,mount_lavinia_hotel,C:\Users\ASUS\Documents\clipo model test one\new_dataset\mount_lavinia_hotel\WhatsApp Image 2026-02-19 at 9.20.38 PM.jpg,Mount Lavinia Hotel,Colombo,Western,Hotel/Historical,"A heritage hotel with a rich colonial history, located on a beachside cliff."
WhatsApp Image 2026-02-19 at 9.20.39 PM.jpg,mount_lavinia_hotel,C:\Users\ASUS\Documents\clipo model test one\new_dataset\mount_lavinia_hotel\WhatsApp Image 2026-02-19 at 9.20.39 PM.jpg,Mount Lavinia Hotel,Colombo,Western,Hotel/Historical,"A heritage hotel with a rich colonial history, located on a beachside cliff."
aerial-view-mulkirigala-rock-temples-sri-lanka-274463234.jpg,mulkirigala_temple,C:\Users\ASUS\Documents\clipo model test one\new_dataset\mulkirigala_temple\aerial-view-mulkirigala-rock-temples-sri-lanka-274463234.jpg,Mulkirigala Raja Maha Vihara,Hambantota,Southern,Temple/Historical,An ancient rock temple built on a massive natural rock.
aerial-view-of-mulkirigala-rock-temples-at-sri-lanka-2PHTA7Y.jpg,mulkirigala_temple,C:\Users\ASUS\Documents\clipo model test one\new_dataset\mulkirigala_temple\aerial-view-of-mulkirigala-rock-temples-at-sri-lanka-2PHTA7Y.jpg,Mulkirigala Raja Maha Vihara,Hambantota,Southern,Temple/Historical,An ancient rock temple built on a massive natural rock.
aerial-view-of-mulkirigala-rock-temples-at-sri-lanka-2PHTA8C.jpg,mulkirigala_temple,C:\Users\ASUS\Documents\clipo model test one\new_dataset\mulkirigala_temple\aerial-view-of-mulkirigala-rock-temples-at-sri-lanka-2PHTA8C.jpg,Mulkirigala Raja Maha Vihara,Hambantota,Southern,Temple/Historical,An ancient rock temple built on a massive natural rock.
entrance-to-the-ancient-buddhist-rock-temple-in-mulkirigala-sri-lanka-old-religious-architecture-and-landscape-of-sri-lanka-best-travel-destination-2AYHTTD.jpg,mulkirigala_temple,C:\Users\ASUS\Documents\clipo model test one\new_dataset\mulkirigala_temple\entrance-to-the-ancient-buddhist-rock-temple-in-mulkirigala-sri-lanka-old-religious-architecture-and-landscape-of-sri-lanka-best-travel-destination-2AYHTTD.jpg,Mulkirigala Raja Maha Vihara,Hambantota,Southern,Temple/Historical,An ancient rock temple built on a massive natural rock.
IMG_6519.JPG,mulkirigala_temple,C:\Users\ASUS\Documents\clipo model test one\new_dataset\mulkirigala_temple\IMG_6519.JPG,Mulkirigala Raja Maha Vihara,Hambantota,Southern,Temple/Historical,An ancient rock temple built on a massive natural rock.
LSL_B2_Mulkiriya-Rock-Templew_1920x700.jpg,mulkirigala_temple,C:\Users\ASUS\Documents\clipo model test one\new_dataset\mulkirigala_temple\LSL_B2_Mulkiriya-Rock-Templew_1920x700.jpg,Mulkirigala Raja Maha Vihara,Hambantota,Southern,Temple/Historical,An ancient rock temple built on a massive natural rock.
LSL_B2_Mulkiriya-Rock-Temple_800x1000.jpg,mulkirigala_temple,C:\Users\ASUS\Documents\clipo model test one\new_dataset\mulkirigala_temple\LSL_B2_Mulkiriya-Rock-Temple_800x1000.jpg,Mulkirigala Raja Maha Vihara,Hambantota,Southern,Temple/Historical,An ancient rock temple built on a massive natural rock.
mulkirigala-raja-maha-vihara-ancient-buddhist-rock-temple-sri-lanka-buddhist-rock-temple-mulkirigala-sri-lanka-104757163.jpg,mulkirigala_temple,C:\Users\ASUS\Documents\clipo model test one\new_dataset\mulkirigala_temple\mulkirigala-raja-maha-vihara-ancient-buddhist-rock-temple-sri-lanka-buddhist-rock-temple-mulkirigala-sri-lanka-104757163.jpg,Mulkirigala Raja Maha Vihara,Hambantota,Southern,Temple/Historical,An ancient rock temple built on a massive natural rock.
MULKIRIGALA-ROCK-TEMPLE-1.jpg,mulkirigala_temple,C:\Users\ASUS\Documents\clipo model test one\new_dataset\mulkirigala_temple\MULKIRIGALA-ROCK-TEMPLE-1.jpg,Mulkirigala Raja Maha Vihara,Hambantota,Southern,Temple/Historical,An ancient rock temple built on a massive natural rock.
mulkirigala-rock-temples-at-sri-lanka-2PHTAH2.jpg,mulkirigala_temple,C:\Users\ASUS\Documents\clipo model test one\new_dataset\mulkirigala_temple\mulkirigala-rock-temples-at-sri-lanka-2PHTAH2.jpg,Mulkirigala Raja Maha Vihara,Hambantota,Southern,Temple/Historical,An ancient rock temple built on a massive natural rock.
mulkirigala-rock-temples-at-sri-lanka-2PHTAH3.jpg,mulkirigala_temple,C:\Users\ASUS\Documents\clipo model test one\new_dataset\mulkirigala_temple\mulkirigala-rock-temples-at-sri-lanka-2PHTAH3.jpg,Mulkirigala Raja Maha Vihara,Hambantota,Southern,Temple/Historical,An ancient rock temple built on a massive natural rock.
mulkirigala-rock-temples-at-sri-lanka-2PHTAHA.jpg,mulkirigala_temple,C:\Users\ASUS\Documents\clipo model test one\new_dataset\mulkirigala_temple\mulkirigala-rock-temples-at-sri-lanka-2PHTAHA.jpg,Mulkirigala Raja Maha Vihara,Hambantota,Southern,Temple/Historical,An ancient rock temple built on a massive natural rock.
mulkirigala-rock-temples-at-sri-lanka-2PHTAKW (1).jpg,mulkirigala_temple,C:\Users\ASUS\Documents\clipo model test one\new_dataset\mulkirigala_temple\mulkirigala-rock-temples-at-sri-lanka-2PHTAKW (1).jpg,Mulkirigala Raja Maha Vihara,Hambantota,Southern,Temple/Historical,An ancient rock temple built on a massive natural rock.
mulkirigala-rock-temples-at-sri-lanka-2PHTAKW.jpg,mulkirigala_temple,C:\Users\ASUS\Documents\clipo model test one\new_dataset\mulkirigala_temple\mulkirigala-rock-temples-at-sri-lanka-2PHTAKW.jpg,Mulkirigala Raja Maha Vihara,Hambantota,Southern,Temple/Historical,An ancient rock temple built on a massive natural rock.
mulkirigala-rock-temples-at-sri-lanka-2PHTANA.jpg,mulkirigala_temple,C:\Users\ASUS\Documents\clipo model test one\new_dataset\mulkirigala_temple\mulkirigala-rock-temples-at-sri-lanka-2PHTANA.jpg,Mulkirigala Raja Maha Vihara,Hambantota,Southern,Temple/Historical,An ancient rock temple built on a massive natural rock.
mulkirigala-rock-temples-at-sri-lanka-2PHTH19.jpg,mulkirigala_temple,C:\Users\ASUS\Documents\clipo model test one\new_dataset\mulkirigala_temple\mulkirigala-rock-temples-at-sri-lanka-2PHTH19.jpg,Mulkirigala Raja Maha Vihara,Hambantota,Southern,Temple/Historical,An ancient rock temple built on a massive natural rock.
mulkirigala-rock-temples-sri-lanka-274463956.jpg,mulkirigala_temple,C:\Users\ASUS\Documents\clipo model test one\new_dataset\mulkirigala_temple\mulkirigala-rock-temples-sri-lanka-274463956.jpg,Mulkirigala Raja Maha Vihara,Hambantota,Southern,Temple/Historical,An ancient rock temple built on a massive natural rock.
mulkirigala-rock-temples-sri-lanka-274464007.jpg,mulkirigala_temple,C:\Users\ASUS\Documents\clipo model test one\new_dataset\mulkirigala_temple\mulkirigala-rock-temples-sri-lanka-274464007.jpg,Mulkirigala Raja Maha Vihara,Hambantota,Southern,Temple/Historical,An ancient rock temple built on a massive natural rock.
mulkirigala-rock-temples-sri-lanka-274464071.jpg,mulkirigala_temple,C:\Users\ASUS\Documents\clipo model test one\new_dataset\mulkirigala_temple\mulkirigala-rock-temples-sri-lanka-274464071.jpg,Mulkirigala Raja Maha Vihara,Hambantota,Southern,Temple/Historical,An ancient rock temple built on a massive natural rock.
mulkirigala-rock-temples-sri-lanka-274464095.jpg,mulkirigala_temple,C:\Users\ASUS\Documents\clipo model test one\new_dataset\mulkirigala_temple\mulkirigala-rock-temples-sri-lanka-274464095.jpg,Mulkirigala Raja Maha Vihara,Hambantota,Southern,Temple/Historical,An ancient rock temple built on a massive natural rock.
mulkirigala-rock-temples-sri-lanka-274464154.jpg,mulkirigala_temple,C:\Users\ASUS\Documents\clipo model test one\new_dataset\mulkirigala_temple\mulkirigala-rock-temples-sri-lanka-274464154.jpg,Mulkirigala Raja Maha Vihara,Hambantota,Southern,Temple/Historical,An ancient rock temple built on a massive natural rock.
mulkirigala-rock-temples-sri-lanka-274464155.jpg,mulkirigala_temple,C:\Users\ASUS\Documents\clipo model test one\new_dataset\mulkirigala_temple\mulkirigala-rock-temples-sri-lanka-274464155.jpg,Mulkirigala Raja Maha Vihara,Hambantota,Southern,Temple/Historical,An ancient rock temple built on a massive natural rock.
mulkirigala-rock-temples-sri-lanka-274464454.jpg,mulkirigala_temple,C:\Users\ASUS\Documents\clipo model test one\new_dataset\mulkirigala_temple\mulkirigala-rock-temples-sri-lanka-274464454.jpg,Mulkirigala Raja Maha Vihara,Hambantota,Southern,Temple/Historical,An ancient rock temple built on a massive natural rock.
mulkirigala-rock-temples-sri-lanka-mulkirigala-rock-temples-sri-lanka-274463998.jpg,mulkirigala_temple,C:\Users\ASUS\Documents\clipo model test one\new_dataset\mulkirigala_temple\mulkirigala-rock-temples-sri-lanka-mulkirigala-rock-temples-sri-lanka-274463998.jpg,Mulkirigala Raja Maha Vihara,Hambantota,Southern,Temple/Historical,An ancient rock temple built on a massive natural rock.
mulkirigala-rock-temples-sri-lanka-mulkirigala-rock-temples-sri-lanka-274464119.jpg,mulkirigala_temple,C:\Users\ASUS\Documents\clipo model test one\new_dataset\mulkirigala_temple\mulkirigala-rock-temples-sri-lanka-mulkirigala-rock-temples-sri-lanka-274464119.jpg,Mulkirigala Raja Maha Vihara,Hambantota,Southern,Temple/Historical,An ancient rock temple built on a massive natural rock.
mulkirigala-rock-temples-sri-lanka-mulkirigala-rock-temples-sri-lanka-274464485.jpg,mulkirigala_temple,C:\Users\ASUS\Documents\clipo model test one\new_dataset\mulkirigala_temple\mulkirigala-rock-temples-sri-lanka-mulkirigala-rock-temples-sri-lanka-274464485.jpg,Mulkirigala Raja Maha Vihara,Hambantota,Southern,Temple/Historical,An ancient rock temple built on a massive natural rock.
mulkirigala-rock-temples-sri-lanka-mulkirigala-rock-temples-sri-lanka-274473276.jpg,mulkirigala_temple,C:\Users\ASUS\Documents\clipo model test one\new_dataset\mulkirigala_temple\mulkirigala-rock-temples-sri-lanka-mulkirigala-rock-temples-sri-lanka-274473276.jpg,Mulkirigala Raja Maha Vihara,Hambantota,Southern,Temple/Historical,An ancient rock temple built on a massive natural rock.
mulkirigala-rock-temples-sri-lanka-mulkirigala-rock-temples-sri-lanka-274473296.jpg,mulkirigala_temple,C:\Users\ASUS\Documents\clipo model test one\new_dataset\mulkirigala_temple\mulkirigala-rock-temples-sri-lanka-mulkirigala-rock-temples-sri-lanka-274473296.jpg,Mulkirigala Raja Maha Vihara,Hambantota,Southern,Temple/Historical,An ancient rock temple built on a massive natural rock.
mulkirigala-sri-lanka-november-4-2017-tourists-descend-the-stairs-from-the-ancient-buddhist-rock-temple-ancient-steps-carved-into-the-rock-in-t-2ATC8T5.jpg,mulkirigala_temple,C:\Users\ASUS\Documents\clipo model test one\new_dataset\mulkirigala_temple\mulkirigala-sri-lanka-november-4-2017-tourists-descend-the-stairs-from-the-ancient-buddhist-rock-temple-ancient-steps-carved-into-the-rock-in-t-2ATC8T5.jpg,Mulkirigala Raja Maha Vihara,Hambantota,Southern,Temple/Historical,An ancient rock temple built on a massive natural rock.
Mulkirigala113a.jpg,mulkirigala_temple,C:\Users\ASUS\Documents\clipo model test one\new_dataset\mulkirigala_temple\Mulkirigala113a.jpg,Mulkirigala Raja Maha Vihara,Hambantota,Southern,Temple/Historical,An ancient rock temple built on a massive natural rock.
Mulkirigala_Rock_Temple_5_20190616123827.jpg,mulkirigala_temple,C:\Users\ASUS\Documents\clipo model test one\new_dataset\mulkirigala_temple\Mulkirigala_Rock_Temple_5_20190616123827.jpg,Mulkirigala Raja Maha Vihara,Hambantota,Southern,Temple/Historical,An ancient rock temple built on a massive natural rock.
rock-temples-of-mulkirigala-sri-lanka-P1FP9Y.jpg,mulkirigala_temple,C:\Users\ASUS\Documents\clipo model test one\new_dataset\mulkirigala_temple\rock-temples-of-mulkirigala-sri-lanka-P1FP9Y.jpg,Mulkirigala Raja Maha Vihara,Hambantota,Southern,Temple/Historical,An ancient rock temple built on a massive natural rock.
the-raja-maha-vihara-is-an-ancient-buddhist-rock-temple-in-mulkirigala-sri-lanka-2PPMD9P.jpg,mulkirigala_temple,C:\Users\ASUS\Documents\clipo model test one\new_dataset\mulkirigala_temple\the-raja-maha-vihara-is-an-ancient-buddhist-rock-temple-in-mulkirigala-sri-lanka-2PPMD9P.jpg,Mulkirigala Raja Maha Vihara,Hambantota,Southern,Temple/Historical,An ancient rock temple built on a massive natural rock.
National_museum_of_colombo01.jpg,national_museum_of_colombo,C:\Users\ASUS\Documents\clipo model test one\new_dataset\national_museum_of_colombo\National_museum_of_colombo01.jpg,National Museum of Colombo,Colombo,Western,Museum,"The largest museum in Sri Lanka, housing historical artifacts and royal regalia."
National_museum_of_colombo02.JPG,national_museum_of_colombo,C:\Users\ASUS\Documents\clipo model test one\new_dataset\national_museum_of_colombo\National_museum_of_colombo02.JPG,National Museum of Colombo,Colombo,Western,Museum,"The largest museum in Sri Lanka, housing historical artifacts and royal regalia."
National_museum_of_colombo03.jpg,national_museum_of_colombo,C:\Users\ASUS\Documents\clipo model test one\new_dataset\national_museum_of_colombo\National_museum_of_colombo03.jpg,National Museum of Colombo,Colombo,Western,Museum,"The largest museum in Sri Lanka, housing historical artifacts and royal regalia."
National_museum_of_colombo04.jpg,national_museum_of_colombo,C:\Users\ASUS\Documents\clipo model test one\new_dataset\national_museum_of_colombo\National_museum_of_colombo04.jpg,National Museum of Colombo,Colombo,Western,Museum,"The largest museum in Sri Lanka, housing historical artifacts and royal regalia."
National_museum_of_colombo05.jpg,national_museum_of_colombo,C:\Users\ASUS\Documents\clipo model test one\new_dataset\national_museum_of_colombo\National_museum_of_colombo05.jpg,National Museum of Colombo,Colombo,Western,Museum,"The largest museum in Sri Lanka, housing historical artifacts and royal regalia."
National_museum_of_colombo06.jpg,national_museum_of_colombo,C:\Users\ASUS\Documents\clipo model test one\new_dataset\national_museum_of_colombo\National_museum_of_colombo06.jpg,National Museum of Colombo,Colombo,Western,Museum,"The largest museum in Sri Lanka, housing historical artifacts and royal regalia."
National_museum_of_colombo07.jpg,national_museum_of_colombo,C:\Users\ASUS\Documents\clipo model test one\new_dataset\national_museum_of_colombo\National_museum_of_colombo07.jpg,National Museum of Colombo,Colombo,Western,Museum,"The largest museum in Sri Lanka, housing historical artifacts and royal regalia."
National_museum_of_colombo08.jpg,national_museum_of_colombo,C:\Users\ASUS\Documents\clipo model test one\new_dataset\national_museum_of_colombo\National_museum_of_colombo08.jpg,National Museum of Colombo,Colombo,Western,Museum,"The largest museum in Sri Lanka, housing historical artifacts and royal regalia."
National_museum_of_colombo09.jpg,national_museum_of_colombo,C:\Users\ASUS\Documents\clipo model test one\new_dataset\national_museum_of_colombo\National_museum_of_colombo09.jpg,National Museum of Colombo,Colombo,Western,Museum,"The largest museum in Sri Lanka, housing historical artifacts and royal regalia."
National_museum_of_colombo10.jpg,national_museum_of_colombo,C:\Users\ASUS\Documents\clipo model test one\new_dataset\national_museum_of_colombo\National_museum_of_colombo10.jpg,National Museum of Colombo,Colombo,Western,Museum,"The largest museum in Sri Lanka, housing historical artifacts and royal regalia."
National_museum_of_colombo11.jpg,national_museum_of_colombo,C:\Users\ASUS\Documents\clipo model test one\new_dataset\national_museum_of_colombo\National_museum_of_colombo11.jpg,National Museum of Colombo,Colombo,Western,Museum,"The largest museum in Sri Lanka, housing historical artifacts and royal regalia."
National_museum_of_colombo12.jpg,national_museum_of_colombo,C:\Users\ASUS\Documents\clipo model test one\new_dataset\national_museum_of_colombo\National_museum_of_colombo12.jpg,National Museum of Colombo,Colombo,Western,Museum,"The largest museum in Sri Lanka, housing historical artifacts and royal regalia."
National_museum_of_colombo13.jpg,national_museum_of_colombo,C:\Users\ASUS\Documents\clipo model test one\new_dataset\national_museum_of_colombo\National_museum_of_colombo13.jpg,National Museum of Colombo,Colombo,Western,Museum,"The largest museum in Sri Lanka, housing historical artifacts and royal regalia."
National_museum_of_colombo14.jpg,national_museum_of_colombo,C:\Users\ASUS\Documents\clipo model test one\new_dataset\national_museum_of_colombo\National_museum_of_colombo14.jpg,National Museum of Colombo,Colombo,Western,Museum,"The largest museum in Sri Lanka, housing historical artifacts and royal regalia."
National_museum_of_colombo15.jpg,national_museum_of_colombo,C:\Users\ASUS\Documents\clipo model test one\new_dataset\national_museum_of_colombo\National_museum_of_colombo15.jpg,National Museum of Colombo,Colombo,Western,Museum,"The largest museum in Sri Lanka, housing historical artifacts and royal regalia."
National_museum_of_colombo16.jpg,national_museum_of_colombo,C:\Users\ASUS\Documents\clipo model test one\new_dataset\national_museum_of_colombo\National_museum_of_colombo16.jpg,National Museum of Colombo,Colombo,Western,Museum,"The largest museum in Sri Lanka, housing historical artifacts and royal regalia."
National_museum_of_colombo17.jpg,national_museum_of_colombo,C:\Users\ASUS\Documents\clipo model test one\new_dataset\national_museum_of_colombo\National_museum_of_colombo17.jpg,National Museum of Colombo,Colombo,Western,Museum,"The largest museum in Sri Lanka, housing historical artifacts and royal regalia."
National_museum_of_colombo18.jpg,national_museum_of_colombo,C:\Users\ASUS\Documents\clipo model test one\new_dataset\national_museum_of_colombo\National_museum_of_colombo18.jpg,National Museum of Colombo,Colombo,Western,Museum,"The largest museum in Sri Lanka, housing historical artifacts and royal regalia."
National_museum_of_colombo19.jpg,national_museum_of_colombo,C:\Users\ASUS\Documents\clipo model test one\new_dataset\national_museum_of_colombo\National_museum_of_colombo19.jpg,National Museum of Colombo,Colombo,Western,Museum,"The largest museum in Sri Lanka, housing historical artifacts and royal regalia."
National_museum_of_colombo20.jpg,national_museum_of_colombo,C:\Users\ASUS\Documents\clipo model test one\new_dataset\national_museum_of_colombo\National_museum_of_colombo20.jpg,National Museum of Colombo,Colombo,Western,Museum,"The largest museum in Sri Lanka, housing historical artifacts and royal regalia."
National_museum_of_colombo21.jpg,national_museum_of_colombo,C:\Users\ASUS\Documents\clipo model test one\new_dataset\national_museum_of_colombo\National_museum_of_colombo21.jpg,National Museum of Colombo,Colombo,Western,Museum,"The largest museum in Sri Lanka, housing historical artifacts and royal regalia."
National_museum_of_colombo22.jpg,national_museum_of_colombo,C:\Users\ASUS\Documents\clipo model test one\new_dataset\national_museum_of_colombo\National_museum_of_colombo22.jpg,National Museum of Colombo,Colombo,Western,Museum,"The largest museum in Sri Lanka, housing historical artifacts and royal regalia."
National_museum_of_colombo23.jpg,national_museum_of_colombo,C:\Users\ASUS\Documents\clipo model test one\new_dataset\national_museum_of_colombo\National_museum_of_colombo23.jpg,National Museum of Colombo,Colombo,Western,Museum,"The largest museum in Sri Lanka, housing historical artifacts and royal regalia."
National_museum_of_colombo24.jpg,national_museum_of_colombo,C:\Users\ASUS\Documents\clipo model test one\new_dataset\national_museum_of_colombo\National_museum_of_colombo24.jpg,National Museum of Colombo,Colombo,Western,Museum,"The largest museum in Sri Lanka, housing historical artifacts and royal regalia."
National_museum_of_colombo25.jpg,national_museum_of_colombo,C:\Users\ASUS\Documents\clipo model test one\new_dataset\national_museum_of_colombo\National_museum_of_colombo25.jpg,National Museum of Colombo,Colombo,Western,Museum,"The largest museum in Sri Lanka, housing historical artifacts and royal regalia."
National_museum_of_colombo26.jpg,national_museum_of_colombo,C:\Users\ASUS\Documents\clipo model test one\new_dataset\national_museum_of_colombo\National_museum_of_colombo26.jpg,National Museum of Colombo,Colombo,Western,Museum,"The largest museum in Sri Lanka, housing historical artifacts and royal regalia."
National_museum_of_colombo27.jpg,national_museum_of_colombo,C:\Users\ASUS\Documents\clipo model test one\new_dataset\national_museum_of_colombo\National_museum_of_colombo27.jpg,National Museum of Colombo,Colombo,Western,Museum,"The largest museum in Sri Lanka, housing historical artifacts and royal regalia."
National_museum_of_colombo28.jpg,national_museum_of_colombo,C:\Users\ASUS\Documents\clipo model test one\new_dataset\national_museum_of_colombo\National_museum_of_colombo28.jpg,National Museum of Colombo,Colombo,Western,Museum,"The largest museum in Sri Lanka, housing historical artifacts and royal regalia."
National_museum_of_colombo29.jpg,national_museum_of_colombo,C:\Users\ASUS\Documents\clipo model test one\new_dataset\national_museum_of_colombo\National_museum_of_colombo29.jpg,National Museum of Colombo,Colombo,Western,Museum,"The largest museum in Sri Lanka, housing historical artifacts and royal regalia."
National_museum_of_colombo30.jpg,national_museum_of_colombo,C:\Users\ASUS\Documents\clipo model test one\new_dataset\national_museum_of_colombo\National_museum_of_colombo30.jpg,National Museum of Colombo,Colombo,Western,Museum,"The largest museum in Sri Lanka, housing historical artifacts and royal regalia."
colombo-old-townhall.jpg,old_town_hall_colombo,C:\Users\ASUS\Documents\clipo model test one\new_dataset\old_town_hall_colombo\colombo-old-townhall.jpg,Old Town Hall,Colombo,Western,Historical/Architecture,A prominent colonial-era building located in the Pettah market area.
colombo-sri-lanka-february-old-town-hall-colombo-sunny-day-old-town-hall-colombo-sunny-day-174193880.jpg,old_town_hall_colombo,C:\Users\ASUS\Documents\clipo model test one\new_dataset\old_town_hall_colombo\colombo-sri-lanka-february-old-town-hall-colombo-sunny-day-old-town-hall-colombo-sunny-day-174193880.jpg,Old Town Hall,Colombo,Western,Historical/Architecture,A prominent colonial-era building located in the Pettah market area.
colombo-sri-lanka-february-view-building-old-town-hall-view-building-old-town-hall-colombo-175001222.jpg,old_town_hall_colombo,C:\Users\ASUS\Documents\clipo model test one\new_dataset\old_town_hall_colombo\colombo-sri-lanka-february-view-building-old-town-hall-view-building-old-town-hall-colombo-175001222.jpg,Old Town Hall,Colombo,Western,Historical/Architecture,A prominent colonial-era building located in the Pettah market area.
OIP (6).jpg,old_town_hall_colombo,C:\Users\ASUS\Documents\clipo model test one\new_dataset\old_town_hall_colombo\OIP (6).jpg,Old Town Hall,Colombo,Western,Historical/Architecture,A prominent colonial-era building located in the Pettah market area.
old-town-hall-main-street-pettah-colombo-sri-lanka-2PKXTNN.jpg,old_town_hall_colombo,C:\Users\ASUS\Documents\clipo model test one\new_dataset\old_town_hall_colombo\old-town-hall-main-street-pettah-colombo-sri-lanka-2PKXTNN.jpg,Old Town Hall,Colombo,Western,Historical/Architecture,A prominent colonial-era building located in the Pettah market area.
old-town-hall.jpg,old_town_hall_colombo,C:\Users\ASUS\Documents\clipo model test one\new_dataset\old_town_hall_colombo\old-town-hall.jpg,Old Town Hall,Colombo,Western,Historical/Architecture,A prominent colonial-era building located in the Pettah market area.
oldtownhall.jpg,old_town_hall_colombo,C:\Users\ASUS\Documents\clipo model test one\new_dataset\old_town_hall_colombo\oldtownhall.jpg,Old Town Hall,Colombo,Western,Historical/Architecture,A prominent colonial-era building located in the Pettah market area.
town-hall-front-with.jpg,old_town_hall_colombo,C:\Users\ASUS\Documents\clipo model test one\new_dataset\old_town_hall_colombo\town-hall-front-with.jpg,Old Town Hall,Colombo,Western,Historical/Architecture,A prominent colonial-era building located in the Pettah market area.
WhatsApp Image 2026-02-19 at 8.24.14 PM.jpg,old_town_hall_colombo,C:\Users\ASUS\Documents\clipo model test one\new_dataset\old_town_hall_colombo\WhatsApp Image 2026-02-19 at 8.24.14 PM.jpg,Old Town Hall,Colombo,Western,Historical/Architecture,A prominent colonial-era building located in the Pettah market area.
WhatsApp Image 2026-02-19 at 8.24.15 PM (1).jpg,old_town_hall_colombo,C:\Users\ASUS\Documents\clipo model test one\new_dataset\old_town_hall_colombo\WhatsApp Image 2026-02-19 at 8.24.15 PM (1).jpg,Old Town Hall,Colombo,Western,Historical/Architecture,A prominent colonial-era building located in the Pettah market area.
WhatsApp Image 2026-02-19 at 8.24.15 PM.jpg,old_town_hall_colombo,C:\Users\ASUS\Documents\clipo model test one\new_dataset\old_town_hall_colombo\WhatsApp Image 2026-02-19 at 8.24.15 PM.jpg,Old Town Hall,Colombo,Western,Historical/Architecture,A prominent colonial-era building located in the Pettah market area.
WhatsApp Image 2026-02-19 at 8.24.17 PM (1).jpg,old_town_hall_colombo,C:\Users\ASUS\Documents\clipo model test one\new_dataset\old_town_hall_colombo\WhatsApp Image 2026-02-19 at 8.24.17 PM (1).jpg,Old Town Hall,Colombo,Western,Historical/Architecture,A prominent colonial-era building located in the Pettah market area.
WhatsApp Image 2026-02-19 at 8.24.17 PM (2).jpg,old_town_hall_colombo,C:\Users\ASUS\Documents\clipo model test one\new_dataset\old_town_hall_colombo\WhatsApp Image 2026-02-19 at 8.24.17 PM (2).jpg,Old Town Hall,Colombo,Western,Historical/Architecture,A prominent colonial-era building located in the Pettah market area.
WhatsApp Image 2026-02-19 at 8.24.17 PM.jpg,old_town_hall_colombo,C:\Users\ASUS\Documents\clipo model test one\new_dataset\old_town_hall_colombo\WhatsApp Image 2026-02-19 at 8.24.17 PM.jpg,Old Town Hall,Colombo,Western,Historical/Architecture,A prominent colonial-era building located in the Pettah market area.
WhatsApp Image 2026-02-19 at 8.24.18 PM (1).jpg,old_town_hall_colombo,C:\Users\ASUS\Documents\clipo model test one\new_dataset\old_town_hall_colombo\WhatsApp Image 2026-02-19 at 8.24.18 PM (1).jpg,Old Town Hall,Colombo,Western,Historical/Architecture,A prominent colonial-era building located in the Pettah market area.
WhatsApp Image 2026-02-19 at 8.24.18 PM.jpg,old_town_hall_colombo,C:\Users\ASUS\Documents\clipo model test one\new_dataset\old_town_hall_colombo\WhatsApp Image 2026-02-19 at 8.24.18 PM.jpg,Old Town Hall,Colombo,Western,Historical/Architecture,A prominent colonial-era building located in the Pettah market area.
WhatsApp Image 2026-02-19 at 8.24.19 PM (1).jpg,old_town_hall_colombo,C:\Users\ASUS\Documents\clipo model test one\new_dataset\old_town_hall_colombo\WhatsApp Image 2026-02-19 at 8.24.19 PM (1).jpg,Old Town Hall,Colombo,Western,Historical/Architecture,A prominent colonial-era building located in the Pettah market area.
WhatsApp Image 2026-02-19 at 8.24.19 PM (2).jpg,old_town_hall_colombo,C:\Users\ASUS\Documents\clipo model test one\new_dataset\old_town_hall_colombo\WhatsApp Image 2026-02-19 at 8.24.19 PM (2).jpg,Old Town Hall,Colombo,Western,Historical/Architecture,A prominent colonial-era building located in the Pettah market area.
WhatsApp Image 2026-02-19 at 8.24.19 PM (3).jpg,old_town_hall_colombo,C:\Users\ASUS\Documents\clipo model test one\new_dataset\old_town_hall_colombo\WhatsApp Image 2026-02-19 at 8.24.19 PM (3).jpg,Old Town Hall,Colombo,Western,Historical/Architecture,A prominent colonial-era building located in the Pettah market area.
WhatsApp Image 2026-02-19 at 8.24.19 PM (4).jpg,old_town_hall_colombo,C:\Users\ASUS\Documents\clipo model test one\new_dataset\old_town_hall_colombo\WhatsApp Image 2026-02-19 at 8.24.19 PM (4).jpg,Old Town Hall,Colombo,Western,Historical/Architecture,A prominent colonial-era building located in the Pettah market area.
WhatsApp Image 2026-02-19 at 8.24.19 PM.jpg,old_town_hall_colombo,C:\Users\ASUS\Documents\clipo model test one\new_dataset\old_town_hall_colombo\WhatsApp Image 2026-02-19 at 8.24.19 PM.jpg,Old Town Hall,Colombo,Western,Historical/Architecture,A prominent colonial-era building located in the Pettah market area.
WhatsApp Image 2026-02-19 at 8.24.20 PM (1).jpg,old_town_hall_colombo,C:\Users\ASUS\Documents\clipo model test one\new_dataset\old_town_hall_colombo\WhatsApp Image 2026-02-19 at 8.24.20 PM (1).jpg,Old Town Hall,Colombo,Western,Historical/Architecture,A prominent colonial-era building located in the Pettah market area.
WhatsApp Image 2026-02-19 at 8.24.20 PM (2).jpg,old_town_hall_colombo,C:\Users\ASUS\Documents\clipo model test one\new_dataset\old_town_hall_colombo\WhatsApp Image 2026-02-19 at 8.24.20 PM (2).jpg,Old Town Hall,Colombo,Western,Historical/Architecture,A prominent colonial-era building located in the Pettah market area.
WhatsApp Image 2026-02-19 at 8.24.20 PM (3).jpg,old_town_hall_colombo,C:\Users\ASUS\Documents\clipo model test one\new_dataset\old_town_hall_colombo\WhatsApp Image 2026-02-19 at 8.24.20 PM (3).jpg,Old Town Hall,Colombo,Western,Historical/Architecture,A prominent colonial-era building located in the Pettah market area.
WhatsApp Image 2026-02-19 at 8.24.20 PM.jpg,old_town_hall_colombo,C:\Users\ASUS\Documents\clipo model test one\new_dataset\old_town_hall_colombo\WhatsApp Image 2026-02-19 at 8.24.20 PM.jpg,Old Town Hall,Colombo,Western,Historical/Architecture,A prominent colonial-era building located in the Pettah market area.
WhatsApp Image 2026-02-19 at 8.24.21 PM.jpg,old_town_hall_colombo,C:\Users\ASUS\Documents\clipo model test one\new_dataset\old_town_hall_colombo\WhatsApp Image 2026-02-19 at 8.24.21 PM.jpg,Old Town Hall,Colombo,Western,Historical/Architecture,A prominent colonial-era building located in the Pettah market area.
04878e291a2cae47c8f72ed98672e4a7.jpg,pidurangala,C:\Users\ASUS\Documents\clipo model test one\new_dataset\pidurangala\04878e291a2cae47c8f72ed98672e4a7.jpg,Pidurangala Rock,Matale,Central,Mountain/Hiking,A massive rock formation offering the best view of the neighboring Sigiriya rock.
3659fb2c615b4847af565612047f1b05.jpg,pidurangala,C:\Users\ASUS\Documents\clipo model test one\new_dataset\pidurangala\3659fb2c615b4847af565612047f1b05.jpg,Pidurangala Rock,Matale,Central,Mountain/Hiking,A massive rock formation offering the best view of the neighboring Sigiriya rock.
615eff4903c10c63fb02e9ba574d6bf4.jpg,pidurangala,C:\Users\ASUS\Documents\clipo model test one\new_dataset\pidurangala\615eff4903c10c63fb02e9ba574d6bf4.jpg,Pidurangala Rock,Matale,Central,Mountain/Hiking,A massive rock formation offering the best view of the neighboring Sigiriya rock.
e8.jpg,pidurangala,C:\Users\ASUS\Documents\clipo model test one\new_dataset\pidurangala\e8.jpg,Pidurangala Rock,Matale,Central,Mountain/Hiking,A massive rock formation offering the best view of the neighboring Sigiriya rock.
Ed-at-top-@-Pidurangala-Rock-1-768x512.jpg,pidurangala,C:\Users\ASUS\Documents\clipo model test one\new_dataset\pidurangala\Ed-at-top-@-Pidurangala-Rock-1-768x512.jpg,Pidurangala Rock,Matale,Central,Mountain/Hiking,A massive rock formation offering the best view of the neighboring Sigiriya rock.
Jellie+view+Sigiriya+from+Pidurangala+Rock.jpg,pidurangala,C:\Users\ASUS\Documents\clipo model test one\new_dataset\pidurangala\Jellie+view+Sigiriya+from+Pidurangala+Rock.jpg,Pidurangala Rock,Matale,Central,Mountain/Hiking,A massive rock formation offering the best view of the neighboring Sigiriya rock.
OIP (6).jpg,pidurangala,C:\Users\ASUS\Documents\clipo model test one\new_dataset\pidurangala\OIP (6).jpg,Pidurangala Rock,Matale,Central,Mountain/Hiking,A massive rock formation offering the best view of the neighboring Sigiriya rock.
OIP (7).jpg,pidurangala,C:\Users\ASUS\Documents\clipo model test one\new_dataset\pidurangala\OIP (7).jpg,Pidurangala Rock,Matale,Central,Mountain/Hiking,A massive rock formation offering the best view of the neighboring Sigiriya rock.
OIP (8).jpg,pidurangala,C:\Users\ASUS\Documents\clipo model test one\new_dataset\pidurangala\OIP (8).jpg,Pidurangala Rock,Matale,Central,Mountain/Hiking,A massive rock formation offering the best view of the neighboring Sigiriya rock.
OIP (9).jpg,pidurangala,C:\Users\ASUS\Documents\clipo model test one\new_dataset\pidurangala\OIP (9).jpg,Pidurangala Rock,Matale,Central,Mountain/Hiking,A massive rock formation offering the best view of the neighboring Sigiriya rock.
Pidurangala-650x550.jpg,pidurangala,C:\Users\ASUS\Documents\clipo model test one\new_dataset\pidurangala\Pidurangala-650x550.jpg,Pidurangala Rock,Matale,Central,Mountain/Hiking,A massive rock formation offering the best view of the neighboring Sigiriya rock.
pidurangala-rock-sri-lanka-view-above-aerial-dense-forest-island-tropical-green-jungle-273787002.jpg,pidurangala,C:\Users\ASUS\Documents\clipo model test one\new_dataset\pidurangala\pidurangala-rock-sri-lanka-view-above-aerial-dense-forest-island-tropical-green-jungle-273787002.jpg,Pidurangala Rock,Matale,Central,Mountain/Hiking,A massive rock formation offering the best view of the neighboring Sigiriya rock.
Pidurangala_Rock_Sigiriya_Photos_By_360viewlk-7-of-11-1-2048x1360.jpg,pidurangala,C:\Users\ASUS\Documents\clipo model test one\new_dataset\pidurangala\Pidurangala_Rock_Sigiriya_Photos_By_360viewlk-7-of-11-1-2048x1360.jpg,Pidurangala Rock,Matale,Central,Mountain/Hiking,A massive rock formation offering the best view of the neighboring Sigiriya rock.
Pidurangala_Rock_Sri_Lanka_Asia-1440x960.jpg,pidurangala,C:\Users\ASUS\Documents\clipo model test one\new_dataset\pidurangala\Pidurangala_Rock_Sri_Lanka_Asia-1440x960.jpg,Pidurangala Rock,Matale,Central,Mountain/Hiking,A massive rock formation offering the best view of the neighboring Sigiriya rock.
the-panoramic-views-pidurangala.jpg,pidurangala,C:\Users\ASUS\Documents\clipo model test one\new_dataset\pidurangala\the-panoramic-views-pidurangala.jpg,Pidurangala Rock,Matale,Central,Mountain/Hiking,A massive rock formation offering the best view of the neighboring Sigiriya rock.
The_Common_Wanderer_Pidurangala_-5.jpg,pidurangala,C:\Users\ASUS\Documents\clipo model test one\new_dataset\pidurangala\The_Common_Wanderer_Pidurangala_-5.jpg,Pidurangala Rock,Matale,Central,Mountain/Hiking,A massive rock formation offering the best view of the neighboring Sigiriya rock.
WhatsApp Image 2026-02-20 at 5.27.33 PM (1).jpg,pidurangala,C:\Users\ASUS\Documents\clipo model test one\new_dataset\pidurangala\WhatsApp Image 2026-02-20 at 5.27.33 PM (1).jpg,Pidurangala Rock,Matale,Central,Mountain/Hiking,A massive rock formation offering the best view of the neighboring Sigiriya rock.
WhatsApp Image 2026-02-20 at 5.27.33 PM (2).jpg,pidurangala,C:\Users\ASUS\Documents\clipo model test one\new_dataset\pidurangala\WhatsApp Image 2026-02-20 at 5.27.33 PM (2).jpg,Pidurangala Rock,Matale,Central,Mountain/Hiking,A massive rock formation offering the best view of the neighboring Sigiriya rock.
WhatsApp Image 2026-02-20 at 5.27.33 PM (3).jpg,pidurangala,C:\Users\ASUS\Documents\clipo model test one\new_dataset\pidurangala\WhatsApp Image 2026-02-20 at 5.27.33 PM (3).jpg,Pidurangala Rock,Matale,Central,Mountain/Hiking,A massive rock formation offering the best view of the neighboring Sigiriya rock.
WhatsApp Image 2026-02-20 at 5.27.34 PM (1).jpg,pidurangala,C:\Users\ASUS\Documents\clipo model test one\new_dataset\pidurangala\WhatsApp Image 2026-02-20 at 5.27.34 PM (1).jpg,Pidurangala Rock,Matale,Central,Mountain/Hiking,A massive rock formation offering the best view of the neighboring Sigiriya rock.
WhatsApp Image 2026-02-20 at 5.27.34 PM (2).jpg,pidurangala,C:\Users\ASUS\Documents\clipo model test one\new_dataset\pidurangala\WhatsApp Image 2026-02-20 at 5.27.34 PM (2).jpg,Pidurangala Rock,Matale,Central,Mountain/Hiking,A massive rock formation offering the best view of the neighboring Sigiriya rock.
WhatsApp Image 2026-02-20 at 5.27.34 PM (3).jpg,pidurangala,C:\Users\ASUS\Documents\clipo model test one\new_dataset\pidurangala\WhatsApp Image 2026-02-20 at 5.27.34 PM (3).jpg,Pidurangala Rock,Matale,Central,Mountain/Hiking,A massive rock formation offering the best view of the neighboring Sigiriya rock.
WhatsApp Image 2026-02-20 at 5.27.34 PM (4).jpg,pidurangala,C:\Users\ASUS\Documents\clipo model test one\new_dataset\pidurangala\WhatsApp Image 2026-02-20 at 5.27.34 PM (4).jpg,Pidurangala Rock,Matale,Central,Mountain/Hiking,A massive rock formation offering the best view of the neighboring Sigiriya rock.
WhatsApp Image 2026-02-20 at 5.27.34 PM.jpg,pidurangala,C:\Users\ASUS\Documents\clipo model test one\new_dataset\pidurangala\WhatsApp Image 2026-02-20 at 5.27.34 PM.jpg,Pidurangala Rock,Matale,Central,Mountain/Hiking,A massive rock formation offering the best view of the neighboring Sigiriya rock.
WhatsApp Image 2026-02-20 at 5.27.35 PM (1).jpg,pidurangala,C:\Users\ASUS\Documents\clipo model test one\new_dataset\pidurangala\WhatsApp Image 2026-02-20 at 5.27.35 PM (1).jpg,Pidurangala Rock,Matale,Central,Mountain/Hiking,A massive rock formation offering the best view of the neighboring Sigiriya rock.
WhatsApp Image 2026-02-20 at 5.27.35 PM (2).jpg,pidurangala,C:\Users\ASUS\Documents\clipo model test one\new_dataset\pidurangala\WhatsApp Image 2026-02-20 at 5.27.35 PM (2).jpg,Pidurangala Rock,Matale,Central,Mountain/Hiking,A massive rock formation offering the best view of the neighboring Sigiriya rock.
WhatsApp Image 2026-02-20 at 5.27.35 PM.jpg,pidurangala,C:\Users\ASUS\Documents\clipo model test one\new_dataset\pidurangala\WhatsApp Image 2026-02-20 at 5.27.35 PM.jpg,Pidurangala Rock,Matale,Central,Mountain/Hiking,A massive rock formation offering the best view of the neighboring Sigiriya rock.
WhatsApp Image 2026-02-20 at 5.27.36 PM (1).jpg,pidurangala,C:\Users\ASUS\Documents\clipo model test one\new_dataset\pidurangala\WhatsApp Image 2026-02-20 at 5.27.36 PM (1).jpg,Pidurangala Rock,Matale,Central,Mountain/Hiking,A massive rock formation offering the best view of the neighboring Sigiriya rock.
WhatsApp Image 2026-02-20 at 5.27.36 PM (2).jpg,pidurangala,C:\Users\ASUS\Documents\clipo model test one\new_dataset\pidurangala\WhatsApp Image 2026-02-20 at 5.27.36 PM (2).jpg,Pidurangala Rock,Matale,Central,Mountain/Hiking,A massive rock formation offering the best view of the neighboring Sigiriya rock.
WhatsApp Image 2026-02-20 at 5.27.36 PM (4).jpg,pidurangala,C:\Users\ASUS\Documents\clipo model test one\new_dataset\pidurangala\WhatsApp Image 2026-02-20 at 5.27.36 PM (4).jpg,Pidurangala Rock,Matale,Central,Mountain/Hiking,A massive rock formation offering the best view of the neighboring Sigiriya rock.
WhatsApp Image 2026-02-20 at 5.27.36 PM.jpg,pidurangala,C:\Users\ASUS\Documents\clipo model test one\new_dataset\pidurangala\WhatsApp Image 2026-02-20 at 5.27.36 PM.jpg,Pidurangala Rock,Matale,Central,Mountain/Hiking,A massive rock formation offering the best view of the neighboring Sigiriya rock.
WhatsApp Image 2026-02-20 at 5.27.37 PM (1).jpg,pidurangala,C:\Users\ASUS\Documents\clipo model test one\new_dataset\pidurangala\WhatsApp Image 2026-02-20 at 5.27.37 PM (1).jpg,Pidurangala Rock,Matale,Central,Mountain/Hiking,A massive rock formation offering the best view of the neighboring Sigiriya rock.
WhatsApp Image 2026-02-20 at 5.27.37 PM.jpg,pidurangala,C:\Users\ASUS\Documents\clipo model test one\new_dataset\pidurangala\WhatsApp Image 2026-02-20 at 5.27.37 PM.jpg,Pidurangala Rock,Matale,Central,Mountain/Hiking,A massive rock formation offering the best view of the neighboring Sigiriya rock.
151111136Srilanka_Colombo_red_mosque.jpg,red_mosque_jami_ul_alfar_mosque,C:\Users\ASUS\Documents\clipo model test one\new_dataset\red_mosque_jami_ul_alfar_mosque\151111136Srilanka_Colombo_red_mosque.jpg,Jami Ul-Alfar Mosque (Red Mosque),Colombo,Western,Historical/Architecture,A striking red and white striped mosque in Pettah.
97218410dcaae57c56fa7b2d685e84f4.jpg,red_mosque_jami_ul_alfar_mosque,C:\Users\ASUS\Documents\clipo model test one\new_dataset\red_mosque_jami_ul_alfar_mosque\97218410dcaae57c56fa7b2d685e84f4.jpg,Jami Ul-Alfar Mosque (Red Mosque),Colombo,Western,Historical/Architecture,A striking red and white striped mosque in Pettah.
9d0821fb7549696b1efd21a56a65ef37.jpg,red_mosque_jami_ul_alfar_mosque,C:\Users\ASUS\Documents\clipo model test one\new_dataset\red_mosque_jami_ul_alfar_mosque\9d0821fb7549696b1efd21a56a65ef37.jpg,Jami Ul-Alfar Mosque (Red Mosque),Colombo,Western,Historical/Architecture,A striking red and white striped mosque in Pettah.
beautiful-architecture-jami-ul-alfar-mosque-red-iconic-most-popular-historic-colombo-sri-lanka-was-built-311344795.jpg,red_mosque_jami_ul_alfar_mosque,C:\Users\ASUS\Documents\clipo model test one\new_dataset\red_mosque_jami_ul_alfar_mosque\beautiful-architecture-jami-ul-alfar-mosque-red-iconic-most-popular-historic-colombo-sri-lanka-was-built-311344795.jpg,Jami Ul-Alfar Mosque (Red Mosque),Colombo,Western,Historical/Architecture,A striking red and white striped mosque in Pettah.
beautiful-architecture-jami-ul-alfar-mosque-red-iconic-most-popular-historic-colombo-sri-lanka-was-built-311344801.jpg,red_mosque_jami_ul_alfar_mosque,C:\Users\ASUS\Documents\clipo model test one\new_dataset\red_mosque_jami_ul_alfar_mosque\beautiful-architecture-jami-ul-alfar-mosque-red-iconic-most-popular-historic-colombo-sri-lanka-was-built-311344801.jpg,Jami Ul-Alfar Mosque (Red Mosque),Colombo,Western,Historical/Architecture,A striking red and white striped mosque in Pettah.
colombo-sri-lanka-february-entrance-to-jami-ul-alfar-masjid-mosque-red-mosque-jami-ul-alfar-masjid-mosque-colombo-175010925.jpg,red_mosque_jami_ul_alfar_mosque,C:\Users\ASUS\Documents\clipo model test one\new_dataset\red_mosque_jami_ul_alfar_mosque\colombo-sri-lanka-february-entrance-to-jami-ul-alfar-masjid-mosque-red-mosque-jami-ul-alfar-masjid-mosque-colombo-175010925.jpg,Jami Ul-Alfar Mosque (Red Mosque),Colombo,Western,Historical/Architecture,A striking red and white striped mosque in Pettah.
colombo-sri-lanka-jami-ul-alfar-mosque-red-masjid-red-mosque-modern-building-made-red-white-bricks-central-entrance-jami-ul-356208583.jpg,red_mosque_jami_ul_alfar_mosque,C:\Users\ASUS\Documents\clipo model test one\new_dataset\red_mosque_jami_ul_alfar_mosque\colombo-sri-lanka-jami-ul-alfar-mosque-red-masjid-red-mosque-modern-building-made-red-white-bricks-central-entrance-jami-ul-356208583.jpg,Jami Ul-Alfar Mosque (Red Mosque),Colombo,Western,Historical/Architecture,A striking red and white striped mosque in Pettah.
f9a695929aa2956787057f95034f9bee.jpg,red_mosque_jami_ul_alfar_mosque,C:\Users\ASUS\Documents\clipo model test one\new_dataset\red_mosque_jami_ul_alfar_mosque\f9a695929aa2956787057f95034f9bee.jpg,Jami Ul-Alfar Mosque (Red Mosque),Colombo,Western,Historical/Architecture,A striking red and white striped mosque in Pettah.
istockphoto-1519622150-1024x1024.jpg,red_mosque_jami_ul_alfar_mosque,C:\Users\ASUS\Documents\clipo model test one\new_dataset\red_mosque_jami_ul_alfar_mosque\istockphoto-1519622150-1024x1024.jpg,Jami Ul-Alfar Mosque (Red Mosque),Colombo,Western,Historical/Architecture,A striking red and white striped mosque in Pettah.
jami-ul-alfar-masjid-mosque-red-mosque-colombo-colombo-sri-lanka-february-jami-ul-alfar-masjid-mosque-red-mosque-close-up-235085941.jpg,red_mosque_jami_ul_alfar_mosque,C:\Users\ASUS\Documents\clipo model test one\new_dataset\red_mosque_jami_ul_alfar_mosque\jami-ul-alfar-masjid-mosque-red-mosque-colombo-colombo-sri-lanka-february-jami-ul-alfar-masjid-mosque-red-mosque-close-up-235085941.jpg,Jami Ul-Alfar Mosque (Red Mosque),Colombo,Western,Historical/Architecture,A striking red and white striped mosque in Pettah.
jami-ul-alfar-masjid-mosque-red-mosque-colombo-colombo-sri-lanka-february-jami-ul-alfar-masjid-mosque-red-mosque-sunny-176332284.jpg,red_mosque_jami_ul_alfar_mosque,C:\Users\ASUS\Documents\clipo model test one\new_dataset\red_mosque_jami_ul_alfar_mosque\jami-ul-alfar-masjid-mosque-red-mosque-colombo-colombo-sri-lanka-february-jami-ul-alfar-masjid-mosque-red-mosque-sunny-176332284.jpg,Jami Ul-Alfar Mosque (Red Mosque),Colombo,Western,Historical/Architecture,A striking red and white striped mosque in Pettah.
jami-ul-alfar-mosque-known-colloquially-as-samman-kottu-palli-rathu-palliya-red-masjid-historic-colombo-sri-lanka-121720173.jpg,red_mosque_jami_ul_alfar_mosque,C:\Users\ASUS\Documents\clipo model test one\new_dataset\red_mosque_jami_ul_alfar_mosque\jami-ul-alfar-mosque-known-colloquially-as-samman-kottu-palli-rathu-palliya-red-masjid-historic-colombo-sri-lanka-121720173.jpg,Jami Ul-Alfar Mosque (Red Mosque),Colombo,Western,Historical/Architecture,A striking red and white striped mosque in Pettah.
jami-ul-alfar-mosque-or-red-masjid-mosque-is-a-historic-mosque-in-colombo-capital-of-sri-lanka-2H6D0FM.jpg,red_mosque_jami_ul_alfar_mosque,C:\Users\ASUS\Documents\clipo model test one\new_dataset\red_mosque_jami_ul_alfar_mosque\jami-ul-alfar-mosque-or-red-masjid-mosque-is-a-historic-mosque-in-colombo-capital-of-sri-lanka-2H6D0FM.jpg,Jami Ul-Alfar Mosque (Red Mosque),Colombo,Western,Historical/Architecture,A striking red and white striped mosque in Pettah.
jami-ul-alfar-mosque-or-red-masjid-mosque-is-a-historic-mosque-in-colombo-capital-of-sri-lanka-PCWX9K.jpg,red_mosque_jami_ul_alfar_mosque,C:\Users\ASUS\Documents\clipo model test one\new_dataset\red_mosque_jami_ul_alfar_mosque\jami-ul-alfar-mosque-or-red-masjid-mosque-is-a-historic-mosque-in-colombo-capital-of-sri-lanka-PCWX9K.jpg,Jami Ul-Alfar Mosque (Red Mosque),Colombo,Western,Historical/Architecture,A striking red and white striped mosque in Pettah.
jami-ul-alfar-mosque-pettah-colombo-sri-lanka-tourism-attaraction-muslim-religious-place-jami-ul-alfar-mosque-pettah-colombo-sri-279235670.jpg,red_mosque_jami_ul_alfar_mosque,C:\Users\ASUS\Documents\clipo model test one\new_dataset\red_mosque_jami_ul_alfar_mosque\jami-ul-alfar-mosque-pettah-colombo-sri-lanka-tourism-attaraction-muslim-religious-place-jami-ul-alfar-mosque-pettah-colombo-sri-279235670.jpg,Jami Ul-Alfar Mosque (Red Mosque),Colombo,Western,Historical/Architecture,A striking red and white striped mosque in Pettah.
jami-ul-alfar-mosque-red-mosque-colombo-sri-lanka-jami-ul-alfar-mosque-red-mosque-colombo-sri-lanka-283860388.jpg,red_mosque_jami_ul_alfar_mosque,C:\Users\ASUS\Documents\clipo model test one\new_dataset\red_mosque_jami_ul_alfar_mosque\jami-ul-alfar-mosque-red-mosque-colombo-sri-lanka-jami-ul-alfar-mosque-red-mosque-colombo-sri-lanka-283860388.jpg,Jami Ul-Alfar Mosque (Red Mosque),Colombo,Western,Historical/Architecture,A striking red and white striped mosque in Pettah.
jami-ul-alfar-red-mosque-colombo-masjid-historic-capital-sri-lanka-94474890.jpg,red_mosque_jami_ul_alfar_mosque,C:\Users\ASUS\Documents\clipo model test one\new_dataset\red_mosque_jami_ul_alfar_mosque\jami-ul-alfar-red-mosque-colombo-masjid-historic-capital-sri-lanka-94474890.jpg,Jami Ul-Alfar Mosque (Red Mosque),Colombo,Western,Historical/Architecture,A striking red and white striped mosque in Pettah.
jami-ul-alfar-red-mosque-colombo-sri-lanka-february-masjid-historic-capital-sri-lanka-94476976.jpg,red_mosque_jami_ul_alfar_mosque,C:\Users\ASUS\Documents\clipo model test one\new_dataset\red_mosque_jami_ul_alfar_mosque\jami-ul-alfar-red-mosque-colombo-sri-lanka-february-masjid-historic-capital-sri-lanka-94476976.jpg,Jami Ul-Alfar Mosque (Red Mosque),Colombo,Western,Historical/Architecture,A striking red and white striped mosque in Pettah.
OIP (6).jpg,red_mosque_jami_ul_alfar_mosque,C:\Users\ASUS\Documents\clipo model test one\new_dataset\red_mosque_jami_ul_alfar_mosque\OIP (6).jpg,Jami Ul-Alfar Mosque (Red Mosque),Colombo,Western,Historical/Architecture,A striking red and white striped mosque in Pettah.
Red-mosque-jami-Ul-alfar.jpg,red_mosque_jami_ul_alfar_mosque,C:\Users\ASUS\Documents\clipo model test one\new_dataset\red_mosque_jami_ul_alfar_mosque\Red-mosque-jami-Ul-alfar.jpg,Jami Ul-Alfar Mosque (Red Mosque),Colombo,Western,Historical/Architecture,A striking red and white striped mosque in Pettah.
the-interesting-architecture-of-red-mosque-jami-ul-alfar-in-colombo-taken-in-sri-lanka-august-2018-PTJ402.jpg,red_mosque_jami_ul_alfar_mosque,C:\Users\ASUS\Documents\clipo model test one\new_dataset\red_mosque_jami_ul_alfar_mosque\the-interesting-architecture-of-red-mosque-jami-ul-alfar-in-colombo-taken-in-sri-lanka-august-2018-PTJ402.jpg,Jami Ul-Alfar Mosque (Red Mosque),Colombo,Western,Historical/Architecture,A striking red and white striped mosque in Pettah.
the-jami-ul-alfar-mosque-in-colombo-sri-lanka-E79BF7.jpg,red_mosque_jami_ul_alfar_mosque,C:\Users\ASUS\Documents\clipo model test one\new_dataset\red_mosque_jami_ul_alfar_mosque\the-jami-ul-alfar-mosque-in-colombo-sri-lanka-E79BF7.jpg,Jami Ul-Alfar Mosque (Red Mosque),Colombo,Western,Historical/Architecture,A striking red and white striped mosque in Pettah.
the-jami-ul-alfar-mosque-the-red-mosque-in-colombo-sri-lanka-2RJ6J5A.jpg,red_mosque_jami_ul_alfar_mosque,C:\Users\ASUS\Documents\clipo model test one\new_dataset\red_mosque_jami_ul_alfar_mosque\the-jami-ul-alfar-mosque-the-red-mosque-in-colombo-sri-lanka-2RJ6J5A.jpg,Jami Ul-Alfar Mosque (Red Mosque),Colombo,Western,Historical/Architecture,A striking red and white striped mosque in Pettah.
The-Red-Mosque-1.jpg,red_mosque_jami_ul_alfar_mosque,C:\Users\ASUS\Documents\clipo model test one\new_dataset\red_mosque_jami_ul_alfar_mosque\The-Red-Mosque-1.jpg,Jami Ul-Alfar Mosque (Red Mosque),Colombo,Western,Historical/Architecture,A striking red and white striped mosque in Pettah.
view-on-jami-ul-alfar-mosque-or-red-masjid-mosque-is-a-historic-mosque-in-colombo-sri-lanka-RW0GCN.jpg,red_mosque_jami_ul_alfar_mosque,C:\Users\ASUS\Documents\clipo model test one\new_dataset\red_mosque_jami_ul_alfar_mosque\view-on-jami-ul-alfar-mosque-or-red-masjid-mosque-is-a-historic-mosque-in-colombo-sri-lanka-RW0GCN.jpg,Jami Ul-Alfar Mosque (Red Mosque),Colombo,Western,Historical/Architecture,A striking red and white striped mosque in Pettah.
Bild10714.jpg,royal_colombo_golf_club,C:\Users\ASUS\Documents\clipo model test one\new_dataset\royal_colombo_golf_club\Bild10714.jpg,Royal Colombo Golf Club,Colombo,Western,Sports/Recreation,"The oldest golf club in Sri Lanka, offering a lush green oasis in the city."
colombo-Golf-Club.jpg,royal_colombo_golf_club,C:\Users\ASUS\Documents\clipo model test one\new_dataset\royal_colombo_golf_club\colombo-Golf-Club.jpg,Royal Colombo Golf Club,Colombo,Western,Sports/Recreation,"The oldest golf club in Sri Lanka, offering a lush green oasis in the city."
colombo-royal-golf-sri-lanka.jpg,royal_colombo_golf_club,C:\Users\ASUS\Documents\clipo model test one\new_dataset\royal_colombo_golf_club\colombo-royal-golf-sri-lanka.jpg,Royal Colombo Golf Club,Colombo,Western,Sports/Recreation,"The oldest golf club in Sri Lanka, offering a lush green oasis in the city."
image (1).jpg,royal_colombo_golf_club,C:\Users\ASUS\Documents\clipo model test one\new_dataset\royal_colombo_golf_club\image (1).jpg,Royal Colombo Golf Club,Colombo,Western,Sports/Recreation,"The oldest golf club in Sri Lanka, offering a lush green oasis in the city."
image (2).jpg,royal_colombo_golf_club,C:\Users\ASUS\Documents\clipo model test one\new_dataset\royal_colombo_golf_club\image (2).jpg,Royal Colombo Golf Club,Colombo,Western,Sports/Recreation,"The oldest golf club in Sri Lanka, offering a lush green oasis in the city."
image.jpg,royal_colombo_golf_club,C:\Users\ASUS\Documents\clipo model test one\new_dataset\royal_colombo_golf_club\image.jpg,Royal Colombo Golf Club,Colombo,Western,Sports/Recreation,"The oldest golf club in Sri Lanka, offering a lush green oasis in the city."
KLAO-2-1024x576-1.jpg,royal_colombo_golf_club,C:\Users\ASUS\Documents\clipo model test one\new_dataset\royal_colombo_golf_club\KLAO-2-1024x576-1.jpg,Royal Colombo Golf Club,Colombo,Western,Sports/Recreation,"The oldest golf club in Sri Lanka, offering a lush green oasis in the city."
OIP (7).jpg,royal_colombo_golf_club,C:\Users\ASUS\Documents\clipo model test one\new_dataset\royal_colombo_golf_club\OIP (7).jpg,Royal Colombo Golf Club,Colombo,Western,Sports/Recreation,"The oldest golf club in Sri Lanka, offering a lush green oasis in the city."
OIP (8).jpg,royal_colombo_golf_club,C:\Users\ASUS\Documents\clipo model test one\new_dataset\royal_colombo_golf_club\OIP (8).jpg,Royal Colombo Golf Club,Colombo,Western,Sports/Recreation,"The oldest golf club in Sri Lanka, offering a lush green oasis in the city."
Royal-Colombo-GC-02-600x600.jpg,royal_colombo_golf_club,C:\Users\ASUS\Documents\clipo model test one\new_dataset\royal_colombo_golf_club\Royal-Colombo-GC-02-600x600.jpg,Royal Colombo Golf Club,Colombo,Western,Sports/Recreation,"The oldest golf club in Sri Lanka, offering a lush green oasis in the city."
royal-colombo-golf-club.jpg,royal_colombo_golf_club,C:\Users\ASUS\Documents\clipo model test one\new_dataset\royal_colombo_golf_club\royal-colombo-golf-club.jpg,Royal Colombo Golf Club,Colombo,Western,Sports/Recreation,"The oldest golf club in Sri Lanka, offering a lush green oasis in the city."
Royal-Colombo-view-from-14.jpg,royal_colombo_golf_club,C:\Users\ASUS\Documents\clipo model test one\new_dataset\royal_colombo_golf_club\Royal-Colombo-view-from-14.jpg,Royal Colombo Golf Club,Colombo,Western,Sports/Recreation,"The oldest golf club in Sri Lanka, offering a lush green oasis in the city."
WhatsApp Image 2026-02-19 at 9.09.04 PM (1).jpg,royal_colombo_golf_club,C:\Users\ASUS\Documents\clipo model test one\new_dataset\royal_colombo_golf_club\WhatsApp Image 2026-02-19 at 9.09.04 PM (1).jpg,Royal Colombo Golf Club,Colombo,Western,Sports/Recreation,"The oldest golf club in Sri Lanka, offering a lush green oasis in the city."
WhatsApp Image 2026-02-19 at 9.09.04 PM.jpg,royal_colombo_golf_club,C:\Users\ASUS\Documents\clipo model test one\new_dataset\royal_colombo_golf_club\WhatsApp Image 2026-02-19 at 9.09.04 PM.jpg,Royal Colombo Golf Club,Colombo,Western,Sports/Recreation,"The oldest golf club in Sri Lanka, offering a lush green oasis in the city."
WhatsApp Image 2026-02-19 at 9.09.05 PM.jpg,royal_colombo_golf_club,C:\Users\ASUS\Documents\clipo model test one\new_dataset\royal_colombo_golf_club\WhatsApp Image 2026-02-19 at 9.09.05 PM.jpg,Royal Colombo Golf Club,Colombo,Western,Sports/Recreation,"The oldest golf club in Sri Lanka, offering a lush green oasis in the city."
WhatsApp Image 2026-02-19 at 9.09.07 PM (1).jpg,royal_colombo_golf_club,C:\Users\ASUS\Documents\clipo model test one\new_dataset\royal_colombo_golf_club\WhatsApp Image 2026-02-19 at 9.09.07 PM (1).jpg,Royal Colombo Golf Club,Colombo,Western,Sports/Recreation,"The oldest golf club in Sri Lanka, offering a lush green oasis in the city."
WhatsApp Image 2026-02-19 at 9.09.07 PM.jpg,royal_colombo_golf_club,C:\Users\ASUS\Documents\clipo model test one\new_dataset\royal_colombo_golf_club\WhatsApp Image 2026-02-19 at 9.09.07 PM.jpg,Royal Colombo Golf Club,Colombo,Western,Sports/Recreation,"The oldest golf club in Sri Lanka, offering a lush green oasis in the city."
WhatsApp Image 2026-02-19 at 9.09.08 PM.jpg,royal_colombo_golf_club,C:\Users\ASUS\Documents\clipo model test one\new_dataset\royal_colombo_golf_club\WhatsApp Image 2026-02-19 at 9.09.08 PM.jpg,Royal Colombo Golf Club,Colombo,Western,Sports/Recreation,"The oldest golf club in Sri Lanka, offering a lush green oasis in the city."
44961744202_53a95cd5da_b.jpg,royal_place_of_king _parakramabahu,C:\Users\ASUS\Documents\clipo model test one\new_dataset\royal_place_of_king _parakramabahu\44961744202_53a95cd5da_b.jpg,Royal Palace of King Parakramabahu,Polonnaruwa,North Central,Historical/Ruins,The ruins of a massive 7-story palace from the Polonnaruwa era.
bae1446b807120815aaeb7d4b84fdab6.jpg,royal_place_of_king _parakramabahu,C:\Users\ASUS\Documents\clipo model test one\new_dataset\royal_place_of_king _parakramabahu\bae1446b807120815aaeb7d4b84fdab6.jpg,Royal Palace of King Parakramabahu,Polonnaruwa,North Central,Historical/Ruins,The ruins of a massive 7-story palace from the Polonnaruwa era.
constructed-under-reign-king-mahaparakram-bahu-years-to-striking-royal-palace-stands-as-emblem-255111912.jpg,royal_place_of_king _parakramabahu,C:\Users\ASUS\Documents\clipo model test one\new_dataset\royal_place_of_king _parakramabahu\constructed-under-reign-king-mahaparakram-bahu-years-to-striking-royal-palace-stands-as-emblem-255111912.jpg,Royal Palace of King Parakramabahu,Polonnaruwa,North Central,Historical/Ruins,The ruins of a massive 7-story palace from the Polonnaruwa era.
gettyimages-1354460902-612x612.jpg,royal_place_of_king _parakramabahu,C:\Users\ASUS\Documents\clipo model test one\new_dataset\royal_place_of_king _parakramabahu\gettyimages-1354460902-612x612.jpg,Royal Palace of King Parakramabahu,Polonnaruwa,North Central,Historical/Ruins,The ruins of a massive 7-story palace from the Polonnaruwa era.
istockphoto-855786162-1024x1024.jpg,royal_place_of_king _parakramabahu,C:\Users\ASUS\Documents\clipo model test one\new_dataset\royal_place_of_king _parakramabahu\istockphoto-855786162-1024x1024.jpg,Royal Palace of King Parakramabahu,Polonnaruwa,North Central,Historical/Ruins,The ruins of a massive 7-story palace from the Polonnaruwa era.
LS_Palace-of-King-Parakramabahu_DESK_1920x700.jpg,royal_place_of_king _parakramabahu,C:\Users\ASUS\Documents\clipo model test one\new_dataset\royal_place_of_king _parakramabahu\LS_Palace-of-King-Parakramabahu_DESK_1920x700.jpg,Royal Palace of King Parakramabahu,Polonnaruwa,North Central,Historical/Ruins,The ruins of a massive 7-story palace from the Polonnaruwa era.
OIP (6).jpg,royal_place_of_king _parakramabahu,C:\Users\ASUS\Documents\clipo model test one\new_dataset\royal_place_of_king _parakramabahu\OIP (6).jpg,Royal Palace of King Parakramabahu,Polonnaruwa,North Central,Historical/Ruins,The ruins of a massive 7-story palace from the Polonnaruwa era.
palace-king-parakramabahu-ruins-palace-king-parakramabahu-polonnaruwa-archaeological-museum-sri-lanka-268579145.jpg,royal_place_of_king _parakramabahu,C:\Users\ASUS\Documents\clipo model test one\new_dataset\royal_place_of_king _parakramabahu\palace-king-parakramabahu-ruins-palace-king-parakramabahu-polonnaruwa-archaeological-museum-sri-lanka-268579145.jpg,Royal Palace of King Parakramabahu,Polonnaruwa,North Central,Historical/Ruins,The ruins of a massive 7-story palace from the Polonnaruwa era.
Palace-of-King-Parakramabahu-4.jpg,royal_place_of_king _parakramabahu,C:\Users\ASUS\Documents\clipo model test one\new_dataset\royal_place_of_king _parakramabahu\Palace-of-King-Parakramabahu-4.jpg,Royal Palace of King Parakramabahu,Polonnaruwa,North Central,Historical/Ruins,The ruins of a massive 7-story palace from the Polonnaruwa era.
R.jpg,royal_place_of_king _parakramabahu,C:\Users\ASUS\Documents\clipo model test one\new_dataset\royal_place_of_king _parakramabahu\R.jpg,Royal Palace of King Parakramabahu,Polonnaruwa,North Central,Historical/Ruins,The ruins of a massive 7-story palace from the Polonnaruwa era.
royal-palace-king-parakramabahu-facade-ruined-polonnaruwa-sri-lanka-90001786.jpg,royal_place_of_king _parakramabahu,C:\Users\ASUS\Documents\clipo model test one\new_dataset\royal_place_of_king _parakramabahu\royal-palace-king-parakramabahu-facade-ruined-polonnaruwa-sri-lanka-90001786.jpg,Royal Palace of King Parakramabahu,Polonnaruwa,North Central,Historical/Ruins,The ruins of a massive 7-story palace from the Polonnaruwa era.
royal-palace-king-parakramabahu-polonnaruwa-ancien-ancient-city-taken-sri-lanka-august-133979164.jpg,royal_place_of_king _parakramabahu,C:\Users\ASUS\Documents\clipo model test one\new_dataset\royal_place_of_king _parakramabahu\royal-palace-king-parakramabahu-polonnaruwa-ancien-ancient-city-taken-sri-lanka-august-133979164.jpg,Royal Palace of King Parakramabahu,Polonnaruwa,North Central,Historical/Ruins,The ruins of a massive 7-story palace from the Polonnaruwa era.
royal-palace-king-parakramabahu-polonnaruwa-scenic-view-royal-palace-king-parakramabahu-great-world-100838639.jpg,royal_place_of_king _parakramabahu,C:\Users\ASUS\Documents\clipo model test one\new_dataset\royal_place_of_king _parakramabahu\royal-palace-king-parakramabahu-polonnaruwa-scenic-view-royal-palace-king-parakramabahu-great-world-100838639.jpg,Royal Palace of King Parakramabahu,Polonnaruwa,North Central,Historical/Ruins,The ruins of a massive 7-story palace from the Polonnaruwa era.
royal-palace-king-parakramabahu-world-260nw-2524547347.jpg,royal_place_of_king _parakramabahu,C:\Users\ASUS\Documents\clipo model test one\new_dataset\royal_place_of_king _parakramabahu\royal-palace-king-parakramabahu-world-260nw-2524547347.jpg,Royal Palace of King Parakramabahu,Polonnaruwa,North Central,Historical/Ruins,The ruins of a massive 7-story palace from the Polonnaruwa era.
royal-palace-king-parakramabahu-world-260nw-334678439.jpg,royal_place_of_king _parakramabahu,C:\Users\ASUS\Documents\clipo model test one\new_dataset\royal_place_of_king _parakramabahu\royal-palace-king-parakramabahu-world-260nw-334678439.jpg,Royal Palace of King Parakramabahu,Polonnaruwa,North Central,Historical/Ruins,The ruins of a massive 7-story palace from the Polonnaruwa era.
royal-palace-of-king-parakramabahu-in-polonnaruwa-KCMGNP.jpg,royal_place_of_king _parakramabahu,C:\Users\ASUS\Documents\clipo model test one\new_dataset\royal_place_of_king _parakramabahu\royal-palace-of-king-parakramabahu-in-polonnaruwa-KCMGNP.jpg,Royal Palace of King Parakramabahu,Polonnaruwa,North Central,Historical/Ruins,The ruins of a massive 7-story palace from the Polonnaruwa era.
royal-palace-of-king-parakramabahu-in-the-world-heritage-city-polonnaruwa-F5D3M2.jpg,royal_place_of_king _parakramabahu,C:\Users\ASUS\Documents\clipo model test one\new_dataset\royal_place_of_king _parakramabahu\royal-palace-of-king-parakramabahu-in-the-world-heritage-city-polonnaruwa-F5D3M2.jpg,Royal Palace of King Parakramabahu,Polonnaruwa,North Central,Historical/Ruins,The ruins of a massive 7-story palace from the Polonnaruwa era.
the-royal-palace-was-built-by-king-parakramabahu-the-great-1123-1186-polonnaruwa-the-second-most-ancient-of-sri-lankas-kingdoms-was-first-declared-the-capital-city-by-king-vijayabahu-i-who-defeated-the-chola-invader.jpg,royal_place_of_king _parakramabahu,C:\Users\ASUS\Documents\clipo model test one\new_dataset\royal_place_of_king _parakramabahu\the-royal-palace-was-built-by-king-parakramabahu-the-great-1123-1186-polonnaruwa-the-second-most-ancient-of-sri-lankas-kingdoms-was-first-declared-the-capital-city-by-king-vijayabahu-i-who-defeated-the-chola-invader.jpg,Royal Palace of King Parakramabahu,Polonnaruwa,North Central,Historical/Ruins,The ruins of a massive 7-story palace from the Polonnaruwa era.
the-three-known-levels.jpg,royal_place_of_king _parakramabahu,C:\Users\ASUS\Documents\clipo model test one\new_dataset\royal_place_of_king _parakramabahu\the-three-known-levels.jpg,Royal Palace of King Parakramabahu,Polonnaruwa,North Central,Historical/Ruins,The ruins of a massive 7-story palace from the Polonnaruwa era.
the-view-of-the-ruins-of-royal-palace-of-king-parakramabahu-with-the-J0DD02.jpg,royal_place_of_king _parakramabahu,C:\Users\ASUS\Documents\clipo model test one\new_dataset\royal_place_of_king _parakramabahu\the-view-of-the-ruins-of-royal-palace-of-king-parakramabahu-with-the-J0DD02.jpg,Royal Palace of King Parakramabahu,Polonnaruwa,North Central,Historical/Ruins,The ruins of a massive 7-story palace from the Polonnaruwa era.
tourist-at-the-royal-palace-of-king-parakramabahu-has-preserved-brick-M2WPXC.jpg,royal_place_of_king _parakramabahu,C:\Users\ASUS\Documents\clipo model test one\new_dataset\royal_place_of_king _parakramabahu\tourist-at-the-royal-palace-of-king-parakramabahu-has-preserved-brick-M2WPXC.jpg,Royal Palace of King Parakramabahu,Polonnaruwa,North Central,Historical/Ruins,The ruins of a massive 7-story palace from the Polonnaruwa era.
WhatsApp Image 2026-02-20 at 8.07.35 PM (1).jpg,royal_place_of_king _parakramabahu,C:\Users\ASUS\Documents\clipo model test one\new_dataset\royal_place_of_king _parakramabahu\WhatsApp Image 2026-02-20 at 8.07.35 PM (1).jpg,Royal Palace of King Parakramabahu,Polonnaruwa,North Central,Historical/Ruins,The ruins of a massive 7-story palace from the Polonnaruwa era.
WhatsApp Image 2026-02-20 at 8.07.35 PM.jpg,royal_place_of_king _parakramabahu,C:\Users\ASUS\Documents\clipo model test one\new_dataset\royal_place_of_king _parakramabahu\WhatsApp Image 2026-02-20 at 8.07.35 PM.jpg,Royal Palace of King Parakramabahu,Polonnaruwa,North Central,Historical/Ruins,The ruins of a massive 7-story palace from the Polonnaruwa era.
WhatsApp Image 2026-02-20 at 8.07.36 PM.jpg,royal_place_of_king _parakramabahu,C:\Users\ASUS\Documents\clipo model test one\new_dataset\royal_place_of_king _parakramabahu\WhatsApp Image 2026-02-20 at 8.07.36 PM.jpg,Royal Palace of King Parakramabahu,Polonnaruwa,North Central,Historical/Ruins,The ruins of a massive 7-story palace from the Polonnaruwa era.
WhatsApp Image 2026-02-20 at 8.07.37 PM.jpg,royal_place_of_king _parakramabahu,C:\Users\ASUS\Documents\clipo model test one\new_dataset\royal_place_of_king _parakramabahu\WhatsApp Image 2026-02-20 at 8.07.37 PM.jpg,Royal Palace of King Parakramabahu,Polonnaruwa,North Central,Historical/Ruins,The ruins of a massive 7-story palace from the Polonnaruwa era.
WhatsApp Image 2026-02-20 at 8.07.38 PM (1).jpg,royal_place_of_king _parakramabahu,C:\Users\ASUS\Documents\clipo model test one\new_dataset\royal_place_of_king _parakramabahu\WhatsApp Image 2026-02-20 at 8.07.38 PM (1).jpg,Royal Palace of King Parakramabahu,Polonnaruwa,North Central,Historical/Ruins,The ruins of a massive 7-story palace from the Polonnaruwa era.
WhatsApp Image 2026-02-20 at 8.07.38 PM.jpg,royal_place_of_king _parakramabahu,C:\Users\ASUS\Documents\clipo model test one\new_dataset\royal_place_of_king _parakramabahu\WhatsApp Image 2026-02-20 at 8.07.38 PM.jpg,Royal Palace of King Parakramabahu,Polonnaruwa,North Central,Historical/Ruins,The ruins of a massive 7-story palace from the Polonnaruwa era.
2.jpg,sigiriya,C:\Users\ASUS\Documents\clipo model test one\new_dataset\sigiriya\2.jpg,Sigiriya Rock Fortress,Matale,Central,Historical/Attraction,"An ancient rock fortress and palace, widely considered the 8th wonder of the world."
2ffd2f37b336e4a8f4d33dce6ab65d34--sri-lanka-museums.jpg,sigiriya,C:\Users\ASUS\Documents\clipo model test one\new_dataset\sigiriya\2ffd2f37b336e4a8f4d33dce6ab65d34--sri-lanka-museums.jpg,Sigiriya Rock Fortress,Matale,Central,Historical/Attraction,"An ancient rock fortress and palace, widely considered the 8th wonder of the world."
98ea94c0c16ba34e418df9e69d2c609c.jpg,sigiriya,C:\Users\ASUS\Documents\clipo model test one\new_dataset\sigiriya\98ea94c0c16ba34e418df9e69d2c609c.jpg,Sigiriya Rock Fortress,Matale,Central,Historical/Attraction,"An ancient rock fortress and palace, widely considered the 8th wonder of the world."
OIP (6).jpg,sigiriya,C:\Users\ASUS\Documents\clipo model test one\new_dataset\sigiriya\OIP (6).jpg,Sigiriya Rock Fortress,Matale,Central,Historical/Attraction,"An ancient rock fortress and palace, widely considered the 8th wonder of the world."
OIP (7).jpg,sigiriya,C:\Users\ASUS\Documents\clipo model test one\new_dataset\sigiriya\OIP (7).jpg,Sigiriya Rock Fortress,Matale,Central,Historical/Attraction,"An ancient rock fortress and palace, widely considered the 8th wonder of the world."
OIP (8).jpg,sigiriya,C:\Users\ASUS\Documents\clipo model test one\new_dataset\sigiriya\OIP (8).jpg,Sigiriya Rock Fortress,Matale,Central,Historical/Attraction,"An ancient rock fortress and palace, widely considered the 8th wonder of the world."
OIP (9).jpg,sigiriya,C:\Users\ASUS\Documents\clipo model test one\new_dataset\sigiriya\OIP (9).jpg,Sigiriya Rock Fortress,Matale,Central,Historical/Attraction,"An ancient rock fortress and palace, widely considered the 8th wonder of the world."
R (1).jpg,sigiriya,C:\Users\ASUS\Documents\clipo model test one\new_dataset\sigiriya\R (1).jpg,Sigiriya Rock Fortress,Matale,Central,Historical/Attraction,"An ancient rock fortress and palace, widely considered the 8th wonder of the world."
R (2).jpg,sigiriya,C:\Users\ASUS\Documents\clipo model test one\new_dataset\sigiriya\R (2).jpg,Sigiriya Rock Fortress,Matale,Central,Historical/Attraction,"An ancient rock fortress and palace, widely considered the 8th wonder of the world."
R (3).jpg,sigiriya,C:\Users\ASUS\Documents\clipo model test one\new_dataset\sigiriya\R (3).jpg,Sigiriya Rock Fortress,Matale,Central,Historical/Attraction,"An ancient rock fortress and palace, widely considered the 8th wonder of the world."
Sigiriya-3-1024x682.jpg,sigiriya,C:\Users\ASUS\Documents\clipo model test one\new_dataset\sigiriya\Sigiriya-3-1024x682.jpg,Sigiriya Rock Fortress,Matale,Central,Historical/Attraction,"An ancient rock fortress and palace, widely considered the 8th wonder of the world."
Sigiriya-Rock (1).jpg,sigiriya,C:\Users\ASUS\Documents\clipo model test one\new_dataset\sigiriya\Sigiriya-Rock (1).jpg,Sigiriya Rock Fortress,Matale,Central,Historical/Attraction,"An ancient rock fortress and palace, widely considered the 8th wonder of the world."
Visitors-Guide-to-Sigiriya-Sri-Lanka (1).jpg,sigiriya,C:\Users\ASUS\Documents\clipo model test one\new_dataset\sigiriya\Visitors-Guide-to-Sigiriya-Sri-Lanka (1).jpg,Sigiriya Rock Fortress,Matale,Central,Historical/Attraction,"An ancient rock fortress and palace, widely considered the 8th wonder of the world."
WhatsApp Image 2026-02-20 at 4.50.49 PM (1).jpg,sigiriya,C:\Users\ASUS\Documents\clipo model test one\new_dataset\sigiriya\WhatsApp Image 2026-02-20 at 4.50.49 PM (1).jpg,Sigiriya Rock Fortress,Matale,Central,Historical/Attraction,"An ancient rock fortress and palace, widely considered the 8th wonder of the world."
WhatsApp Image 2026-02-20 at 4.50.49 PM (2).jpg,sigiriya,C:\Users\ASUS\Documents\clipo model test one\new_dataset\sigiriya\WhatsApp Image 2026-02-20 at 4.50.49 PM (2).jpg,Sigiriya Rock Fortress,Matale,Central,Historical/Attraction,"An ancient rock fortress and palace, widely considered the 8th wonder of the world."
WhatsApp Image 2026-02-20 at 4.50.49 PM.jpg,sigiriya,C:\Users\ASUS\Documents\clipo model test one\new_dataset\sigiriya\WhatsApp Image 2026-02-20 at 4.50.49 PM.jpg,Sigiriya Rock Fortress,Matale,Central,Historical/Attraction,"An ancient rock fortress and palace, widely considered the 8th wonder of the world."
WhatsApp Image 2026-02-20 at 4.50.50 PM (1).jpg,sigiriya,C:\Users\ASUS\Documents\clipo model test one\new_dataset\sigiriya\WhatsApp Image 2026-02-20 at 4.50.50 PM (1).jpg,Sigiriya Rock Fortress,Matale,Central,Historical/Attraction,"An ancient rock fortress and palace, widely considered the 8th wonder of the world."
WhatsApp Image 2026-02-20 at 4.50.50 PM.jpg,sigiriya,C:\Users\ASUS\Documents\clipo model test one\new_dataset\sigiriya\WhatsApp Image 2026-02-20 at 4.50.50 PM.jpg,Sigiriya Rock Fortress,Matale,Central,Historical/Attraction,"An ancient rock fortress and palace, widely considered the 8th wonder of the world."
WhatsApp Image 2026-02-20 at 4.50.51 PM (1).jpg,sigiriya,C:\Users\ASUS\Documents\clipo model test one\new_dataset\sigiriya\WhatsApp Image 2026-02-20 at 4.50.51 PM (1).jpg,Sigiriya Rock Fortress,Matale,Central,Historical/Attraction,"An ancient rock fortress and palace, widely considered the 8th wonder of the world."
WhatsApp Image 2026-02-20 at 4.50.51 PM (2).jpg,sigiriya,C:\Users\ASUS\Documents\clipo model test one\new_dataset\sigiriya\WhatsApp Image 2026-02-20 at 4.50.51 PM (2).jpg,Sigiriya Rock Fortress,Matale,Central,Historical/Attraction,"An ancient rock fortress and palace, widely considered the 8th wonder of the world."
WhatsApp Image 2026-02-20 at 4.50.51 PM (3).jpg,sigiriya,C:\Users\ASUS\Documents\clipo model test one\new_dataset\sigiriya\WhatsApp Image 2026-02-20 at 4.50.51 PM (3).jpg,Sigiriya Rock Fortress,Matale,Central,Historical/Attraction,"An ancient rock fortress and palace, widely considered the 8th wonder of the world."
WhatsApp Image 2026-02-20 at 4.50.51 PM.jpg,sigiriya,C:\Users\ASUS\Documents\clipo model test one\new_dataset\sigiriya\WhatsApp Image 2026-02-20 at 4.50.51 PM.jpg,Sigiriya Rock Fortress,Matale,Central,Historical/Attraction,"An ancient rock fortress and palace, widely considered the 8th wonder of the world."
WhatsApp Image 2026-02-20 at 4.50.52 PM (1).jpg,sigiriya,C:\Users\ASUS\Documents\clipo model test one\new_dataset\sigiriya\WhatsApp Image 2026-02-20 at 4.50.52 PM (1).jpg,Sigiriya Rock Fortress,Matale,Central,Historical/Attraction,"An ancient rock fortress and palace, widely considered the 8th wonder of the world."
WhatsApp Image 2026-02-20 at 4.50.52 PM (2).jpg,sigiriya,C:\Users\ASUS\Documents\clipo model test one\new_dataset\sigiriya\WhatsApp Image 2026-02-20 at 4.50.52 PM (2).jpg,Sigiriya Rock Fortress,Matale,Central,Historical/Attraction,"An ancient rock fortress and palace, widely considered the 8th wonder of the world."
WhatsApp Image 2026-02-20 at 4.50.52 PM (3).jpg,sigiriya,C:\Users\ASUS\Documents\clipo model test one\new_dataset\sigiriya\WhatsApp Image 2026-02-20 at 4.50.52 PM (3).jpg,Sigiriya Rock Fortress,Matale,Central,Historical/Attraction,"An ancient rock fortress and palace, widely considered the 8th wonder of the world."
WhatsApp Image 2026-02-20 at 4.50.52 PM.jpg,sigiriya,C:\Users\ASUS\Documents\clipo model test one\new_dataset\sigiriya\WhatsApp Image 2026-02-20 at 4.50.52 PM.jpg,Sigiriya Rock Fortress,Matale,Central,Historical/Attraction,"An ancient rock fortress and palace, widely considered the 8th wonder of the world."
WhatsApp Image 2026-02-20 at 4.50.53 PM (1).jpg,sigiriya,C:\Users\ASUS\Documents\clipo model test one\new_dataset\sigiriya\WhatsApp Image 2026-02-20 at 4.50.53 PM (1).jpg,Sigiriya Rock Fortress,Matale,Central,Historical/Attraction,"An ancient rock fortress and palace, widely considered the 8th wonder of the world."
WhatsApp Image 2026-02-20 at 4.50.53 PM (2).jpg,sigiriya,C:\Users\ASUS\Documents\clipo model test one\new_dataset\sigiriya\WhatsApp Image 2026-02-20 at 4.50.53 PM (2).jpg,Sigiriya Rock Fortress,Matale,Central,Historical/Attraction,"An ancient rock fortress and palace, widely considered the 8th wonder of the world."
WhatsApp Image 2026-02-20 at 4.50.53 PM.jpg,sigiriya,C:\Users\ASUS\Documents\clipo model test one\new_dataset\sigiriya\WhatsApp Image 2026-02-20 at 4.50.53 PM.jpg,Sigiriya Rock Fortress,Matale,Central,Historical/Attraction,"An ancient rock fortress and palace, widely considered the 8th wonder of the world."
WhatsApp Image 2026-02-20 at 4.50.54 PM (1).jpg,sigiriya,C:\Users\ASUS\Documents\clipo model test one\new_dataset\sigiriya\WhatsApp Image 2026-02-20 at 4.50.54 PM (1).jpg,Sigiriya Rock Fortress,Matale,Central,Historical/Attraction,"An ancient rock fortress and palace, widely considered the 8th wonder of the world."
WhatsApp Image 2026-02-20 at 4.50.54 PM (2).jpg,sigiriya,C:\Users\ASUS\Documents\clipo model test one\new_dataset\sigiriya\WhatsApp Image 2026-02-20 at 4.50.54 PM (2).jpg,Sigiriya Rock Fortress,Matale,Central,Historical/Attraction,"An ancient rock fortress and palace, widely considered the 8th wonder of the world."
WhatsApp Image 2026-02-20 at 4.50.54 PM.jpg,sigiriya,C:\Users\ASUS\Documents\clipo model test one\new_dataset\sigiriya\WhatsApp Image 2026-02-20 at 4.50.54 PM.jpg,Sigiriya Rock Fortress,Matale,Central,Historical/Attraction,"An ancient rock fortress and palace, widely considered the 8th wonder of the world."
WhatsApp Image 2026-02-20 at 5.27.32 PM.jpg,sigiriya,C:\Users\ASUS\Documents\clipo model test one\new_dataset\sigiriya\WhatsApp Image 2026-02-20 at 5.27.32 PM.jpg,Sigiriya Rock Fortress,Matale,Central,Historical/Attraction,"An ancient rock fortress and palace, widely considered the 8th wonder of the world."
1-3-768x475-5.jpg,st_anthony's_shrine_roman_catholic_church,C:\Users\ASUS\Documents\clipo model test one\new_dataset\st_anthony's_shrine_roman_catholic_church\1-3-768x475-5.jpg,St. Anthony's Shrine,Colombo,Western,Church/Historical,A prominent and historic Roman Catholic church located in Kochchikade.
church-picture-435681-1.jpg,st_anthony's_shrine_roman_catholic_church,C:\Users\ASUS\Documents\clipo model test one\new_dataset\st_anthony's_shrine_roman_catholic_church\church-picture-435681-1.jpg,St. Anthony's Shrine,Colombo,Western,Church/Historical,A prominent and historic Roman Catholic church located in Kochchikade.
church-shrine-st-anthony-colombo-situation-ar-church-shrine-st-anthony-colombo-situation-around-133980035.jpg,st_anthony's_shrine_roman_catholic_church,C:\Users\ASUS\Documents\clipo model test one\new_dataset\st_anthony's_shrine_roman_catholic_church\church-shrine-st-anthony-colombo-situation-ar-church-shrine-st-anthony-colombo-situation-around-133980035.jpg,St. Anthony's Shrine,Colombo,Western,Church/Historical,A prominent and historic Roman Catholic church located in Kochchikade.
colombo-sri-lanka-jan-st-anthony-s-shrine-church-219013540.jpg,st_anthony's_shrine_roman_catholic_church,C:\Users\ASUS\Documents\clipo model test one\new_dataset\st_anthony's_shrine_roman_catholic_church\colombo-sri-lanka-jan-st-anthony-s-shrine-church-219013540.jpg,St. Anthony's Shrine,Colombo,Western,Church/Historical,A prominent and historic Roman Catholic church located in Kochchikade.
colombo-sri-lanka-january-view-saint-anthony-colombo-sri-lanka-january-view-saint-anthony-church-colombo-sri-275163601.jpg,st_anthony's_shrine_roman_catholic_church,C:\Users\ASUS\Documents\clipo model test one\new_dataset\st_anthony's_shrine_roman_catholic_church\colombo-sri-lanka-january-view-saint-anthony-colombo-sri-lanka-january-view-saint-anthony-church-colombo-sri-275163601.jpg,St. Anthony's Shrine,Colombo,Western,Church/Historical,A prominent and historic Roman Catholic church located in Kochchikade.
colombo-sri-lanka-july-view-st-anthony-s-church-colombo-sri-lanka-colombo-sri-lanka-july-view-st-anthony-s-church-131071512.jpg,st_anthony's_shrine_roman_catholic_church,C:\Users\ASUS\Documents\clipo model test one\new_dataset\st_anthony's_shrine_roman_catholic_church\colombo-sri-lanka-july-view-st-anthony-s-church-colombo-sri-lanka-colombo-sri-lanka-july-view-st-anthony-s-church-131071512.jpg,St. Anthony's Shrine,Colombo,Western,Church/Historical,A prominent and historic Roman Catholic church located in Kochchikade.
colombo-sri-lanka-st-anthony-church-festival-nikon-d3-dominic-sansoni.jpg,st_anthony's_shrine_roman_catholic_church,C:\Users\ASUS\Documents\clipo model test one\new_dataset\st_anthony's_shrine_roman_catholic_church\colombo-sri-lanka-st-anthony-church-festival-nikon-d3-dominic-sansoni.jpg,St. Anthony's Shrine,Colombo,Western,Church/Historical,A prominent and historic Roman Catholic church located in Kochchikade.
image.jpg,st_anthony's_shrine_roman_catholic_church,C:\Users\ASUS\Documents\clipo model test one\new_dataset\st_anthony's_shrine_roman_catholic_church\image.jpg,St. Anthony's Shrine,Colombo,Western,Church/Historical,A prominent and historic Roman Catholic church located in Kochchikade.
kochchikade-04.jpg,st_anthony's_shrine_roman_catholic_church,C:\Users\ASUS\Documents\clipo model test one\new_dataset\st_anthony's_shrine_roman_catholic_church\kochchikade-04.jpg,St. Anthony's Shrine,Colombo,Western,Church/Historical,A prominent and historic Roman Catholic church located in Kochchikade.
magnificent.jpg,st_anthony's_shrine_roman_catholic_church,C:\Users\ASUS\Documents\clipo model test one\new_dataset\st_anthony's_shrine_roman_catholic_church\magnificent.jpg,St. Anthony's Shrine,Colombo,Western,Church/Historical,A prominent and historic Roman Catholic church located in Kochchikade.
OIP (6).jpg,st_anthony's_shrine_roman_catholic_church,C:\Users\ASUS\Documents\clipo model test one\new_dataset\st_anthony's_shrine_roman_catholic_church\OIP (6).jpg,St. Anthony's Shrine,Colombo,Western,Church/Historical,A prominent and historic Roman Catholic church located in Kochchikade.
OIP (7).jpg,st_anthony's_shrine_roman_catholic_church,C:\Users\ASUS\Documents\clipo model test one\new_dataset\st_anthony's_shrine_roman_catholic_church\OIP (7).jpg,St. Anthony's Shrine,Colombo,Western,Church/Historical,A prominent and historic Roman Catholic church located in Kochchikade.
R.jpg,st_anthony's_shrine_roman_catholic_church,C:\Users\ASUS\Documents\clipo model test one\new_dataset\st_anthony's_shrine_roman_catholic_church\R.jpg,St. Anthony's Shrine,Colombo,Western,Church/Historical,A prominent and historic Roman Catholic church located in Kochchikade.
st-anthony-s-church.jpg,st_anthony's_shrine_roman_catholic_church,C:\Users\ASUS\Documents\clipo model test one\new_dataset\st_anthony's_shrine_roman_catholic_church\st-anthony-s-church.jpg,St. Anthony's Shrine,Colombo,Western,Church/Historical,A prominent and historic Roman Catholic church located in Kochchikade.
St.-Anthonys-Shrine-Colombo-1-1536x1289.jpg,st_anthony's_shrine_roman_catholic_church,C:\Users\ASUS\Documents\clipo model test one\new_dataset\st_anthony's_shrine_roman_catholic_church\St.-Anthonys-Shrine-Colombo-1-1536x1289.jpg,St. Anthony's Shrine,Colombo,Western,Church/Historical,A prominent and historic Roman Catholic church located in Kochchikade.
"St._Anthonys_Shrine,_Kochchikade_20190717000224.jpg",st_anthony's_shrine_roman_catholic_church,"C:\Users\ASUS\Documents\clipo model test one\new_dataset\st_anthony's_shrine_roman_catholic_church\St._Anthonys_Shrine,_Kochchikade_20190717000224.jpg",St. Anthony's Shrine,Colombo,Western,Church/Historical,A prominent and historic Roman Catholic church located in Kochchikade.
the-church-or-shrine-of-st-anthony-in-colombo-the-situation-around-taken-in-sri-lanka-august-2018-PTJ3WF.jpg,st_anthony's_shrine_roman_catholic_church,C:\Users\ASUS\Documents\clipo model test one\new_dataset\st_anthony's_shrine_roman_catholic_church\the-church-or-shrine-of-st-anthony-in-colombo-the-situation-around-taken-in-sri-lanka-august-2018-PTJ3WF.jpg,St. Anthony's Shrine,Colombo,Western,Church/Historical,A prominent and historic Roman Catholic church located in Kochchikade.
the-church-or-shrine-of-st-anthony-in-colombo-the-situation-around-taken-in-sri-lanka-august-2018-PYT6T4.jpg,st_anthony's_shrine_roman_catholic_church,C:\Users\ASUS\Documents\clipo model test one\new_dataset\st_anthony's_shrine_roman_catholic_church\the-church-or-shrine-of-st-anthony-in-colombo-the-situation-around-taken-in-sri-lanka-august-2018-PYT6T4.jpg,St. Anthony's Shrine,Colombo,Western,Church/Historical,A prominent and historic Roman Catholic church located in Kochchikade.
the-shrine.jpg,st_anthony's_shrine_roman_catholic_church,C:\Users\ASUS\Documents\clipo model test one\new_dataset\st_anthony's_shrine_roman_catholic_church\the-shrine.jpg,St. Anthony's Shrine,Colombo,Western,Church/Historical,A prominent and historic Roman Catholic church located in Kochchikade.
view-of-st-anthonys-shrine-kochchikade-colombo-sri-lanka-2X5H461.jpg,st_anthony's_shrine_roman_catholic_church,C:\Users\ASUS\Documents\clipo model test one\new_dataset\st_anthony's_shrine_roman_catholic_church\view-of-st-anthonys-shrine-kochchikade-colombo-sri-lanka-2X5H461.jpg,St. Anthony's Shrine,Colombo,Western,Church/Historical,A prominent and historic Roman Catholic church located in Kochchikade.
view-saint-anthony-church-colombo-sri-lanka-view-saint-anthony-church-colombo-sri-lanka-274471886.jpg,st_anthony's_shrine_roman_catholic_church,C:\Users\ASUS\Documents\clipo model test one\new_dataset\st_anthony's_shrine_roman_catholic_church\view-saint-anthony-church-colombo-sri-lanka-view-saint-anthony-church-colombo-sri-lanka-274471886.jpg,St. Anthony's Shrine,Colombo,Western,Church/Historical,A prominent and historic Roman Catholic church located in Kochchikade.
_106548256_57d155aa-385c-4d91-af1f-ba9c4d190b20.jpg,st_anthony's_shrine_roman_catholic_church,C:\Users\ASUS\Documents\clipo model test one\new_dataset\st_anthony's_shrine_roman_catholic_church\_106548256_57d155aa-385c-4d91-af1f-ba9c4d190b20.jpg,St. Anthony's Shrine,Colombo,Western,Church/Historical,A prominent and historic Roman Catholic church located in Kochchikade.
-thuparamaya-dagoba-anuradhapura.jpg,thuparamaya,C:\Users\ASUS\Documents\clipo model test one\new_dataset\thuparamaya\-thuparamaya-dagoba-anuradhapura.jpg,Thuparamaya,Anuradhapura,North Central,Historical/Ruins,"The oldest dagoba constructed in Sri Lanka, housing a collarbone relic of the Buddha."
anuradhapura-sri-lanka-august-ancient-buddhist-temple-thuparamaya-earliest-dagoba-to-be-constructed-sri-lanka-thuparamaya-143051789.jpg,thuparamaya,C:\Users\ASUS\Documents\clipo model test one\new_dataset\thuparamaya\anuradhapura-sri-lanka-august-ancient-buddhist-temple-thuparamaya-earliest-dagoba-to-be-constructed-sri-lanka-thuparamaya-143051789.jpg,Thuparamaya,Anuradhapura,North Central,Historical/Ruins,"The oldest dagoba constructed in Sri Lanka, housing a collarbone relic of the Buddha."
anuradhapura-sri-lanka-august-people-ancient-buddhist-temple-thuparamaya-earliest-dagoba-to-be-constructed-143052017.jpg,thuparamaya,C:\Users\ASUS\Documents\clipo model test one\new_dataset\thuparamaya\anuradhapura-sri-lanka-august-people-ancient-buddhist-temple-thuparamaya-earliest-dagoba-to-be-constructed-143052017.jpg,Thuparamaya,Anuradhapura,North Central,Historical/Ruins,"The oldest dagoba constructed in Sri Lanka, housing a collarbone relic of the Buddha."
apl02200-200dpi_-_thuparama.jpg,thuparamaya,C:\Users\ASUS\Documents\clipo model test one\new_dataset\thuparamaya\apl02200-200dpi_-_thuparama.jpg,Thuparamaya,Anuradhapura,North Central,Historical/Ruins,"The oldest dagoba constructed in Sri Lanka, housing a collarbone relic of the Buddha."
istockphoto-1255135539-612x612.jpg,thuparamaya,C:\Users\ASUS\Documents\clipo model test one\new_dataset\thuparamaya\istockphoto-1255135539-612x612.jpg,Thuparamaya,Anuradhapura,North Central,Historical/Ruins,"The oldest dagoba constructed in Sri Lanka, housing a collarbone relic of the Buddha."
OIP (6).jpg,thuparamaya,C:\Users\ASUS\Documents\clipo model test one\new_dataset\thuparamaya\OIP (6).jpg,Thuparamaya,Anuradhapura,North Central,Historical/Ruins,"The oldest dagoba constructed in Sri Lanka, housing a collarbone relic of the Buddha."
panoramic-view-thuparamaya-stupa-panoramic-view-ancient-stupa-o-thuparamaya-clouds-as-background-stupa-152850890.jpg,thuparamaya,C:\Users\ASUS\Documents\clipo model test one\new_dataset\thuparamaya\panoramic-view-thuparamaya-stupa-panoramic-view-ancient-stupa-o-thuparamaya-clouds-as-background-stupa-152850890.jpg,Thuparamaya,Anuradhapura,North Central,Historical/Ruins,"The oldest dagoba constructed in Sri Lanka, housing a collarbone relic of the Buddha."
thuparamaya-buddhist-temple-in-anuradhapura-sri-lanka-RCBWK4 (1).jpg,thuparamaya,C:\Users\ASUS\Documents\clipo model test one\new_dataset\thuparamaya\thuparamaya-buddhist-temple-in-anuradhapura-sri-lanka-RCBWK4 (1).jpg,Thuparamaya,Anuradhapura,North Central,Historical/Ruins,"The oldest dagoba constructed in Sri Lanka, housing a collarbone relic of the Buddha."
thuparamaya-buddhist-temple-in-anuradhapura-sri-lanka-RCBWK4.jpg,thuparamaya,C:\Users\ASUS\Documents\clipo model test one\new_dataset\thuparamaya\thuparamaya-buddhist-temple-in-anuradhapura-sri-lanka-RCBWK4.jpg,Thuparamaya,Anuradhapura,North Central,Historical/Ruins,"The oldest dagoba constructed in Sri Lanka, housing a collarbone relic of the Buddha."
thuparamaya-first-buddhist-temple-in-sri-lanka-2A78YAR.jpg,thuparamaya,C:\Users\ASUS\Documents\clipo model test one\new_dataset\thuparamaya\thuparamaya-first-buddhist-temple-in-sri-lanka-2A78YAR.jpg,Thuparamaya,Anuradhapura,North Central,Historical/Ruins,"The oldest dagoba constructed in Sri Lanka, housing a collarbone relic of the Buddha."
thuparamaya-first-buddhist-temple-sri-lanka-located-sacred-area-mahamewna-park-thuparamaya-stupa-169943308.jpg,thuparamaya,C:\Users\ASUS\Documents\clipo model test one\new_dataset\thuparamaya\thuparamaya-first-buddhist-temple-sri-lanka-located-sacred-area-mahamewna-park-thuparamaya-stupa-169943308.jpg,Thuparamaya,Anuradhapura,North Central,Historical/Ruins,"The oldest dagoba constructed in Sri Lanka, housing a collarbone relic of the Buddha."
thuparamaya-stupa-and-stone-pillars-first-buddhist-temple-in-anuradhapura-sri-lanka-2T6W43E.jpg,thuparamaya,C:\Users\ASUS\Documents\clipo model test one\new_dataset\thuparamaya\thuparamaya-stupa-and-stone-pillars-first-buddhist-temple-in-anuradhapura-sri-lanka-2T6W43E.jpg,Thuparamaya,Anuradhapura,North Central,Historical/Ruins,"The oldest dagoba constructed in Sri Lanka, housing a collarbone relic of the Buddha."
thuparamaya-stupa-anuradhapura-sri-lanka-unesco-world-heritage-site-T594DD.jpg,thuparamaya,C:\Users\ASUS\Documents\clipo model test one\new_dataset\thuparamaya\thuparamaya-stupa-anuradhapura-sri-lanka-unesco-world-heritage-site-T594DD.jpg,Thuparamaya,Anuradhapura,North Central,Historical/Ruins,"The oldest dagoba constructed in Sri Lanka, housing a collarbone relic of the Buddha."
thuparamaya-stupa-anuradhapura-sri-lanka-unesco-world-heritage-site-T594E6.jpg,thuparamaya,C:\Users\ASUS\Documents\clipo model test one\new_dataset\thuparamaya\thuparamaya-stupa-anuradhapura-sri-lanka-unesco-world-heritage-site-T594E6.jpg,Thuparamaya,Anuradhapura,North Central,Historical/Ruins,"The oldest dagoba constructed in Sri Lanka, housing a collarbone relic of the Buddha."
thuparamaya-stupa-anuradhapura-sri-lanka-unesco-world-heritage-site-T594EB.jpg,thuparamaya,C:\Users\ASUS\Documents\clipo model test one\new_dataset\thuparamaya\thuparamaya-stupa-anuradhapura-sri-lanka-unesco-world-heritage-site-T594EB.jpg,Thuparamaya,Anuradhapura,North Central,Historical/Ruins,"The oldest dagoba constructed in Sri Lanka, housing a collarbone relic of the Buddha."
thuparamaya-temple-anuradhapura-sri-lanka-11149667.jpg,thuparamaya,C:\Users\ASUS\Documents\clipo model test one\new_dataset\thuparamaya\thuparamaya-temple-anuradhapura-sri-lanka-11149667.jpg,Thuparamaya,Anuradhapura,North Central,Historical/Ruins,"The oldest dagoba constructed in Sri Lanka, housing a collarbone relic of the Buddha."
WhatsApp Image 2026-02-20 at 7.44.35 PM.jpg,thuparamaya,C:\Users\ASUS\Documents\clipo model test one\new_dataset\thuparamaya\WhatsApp Image 2026-02-20 at 7.44.35 PM.jpg,Thuparamaya,Anuradhapura,North Central,Historical/Ruins,"The oldest dagoba constructed in Sri Lanka, housing a collarbone relic of the Buddha."
WhatsApp Image 2026-02-20 at 7.44.36 PM (1).jpg,thuparamaya,C:\Users\ASUS\Documents\clipo model test one\new_dataset\thuparamaya\WhatsApp Image 2026-02-20 at 7.44.36 PM (1).jpg,Thuparamaya,Anuradhapura,North Central,Historical/Ruins,"The oldest dagoba constructed in Sri Lanka, housing a collarbone relic of the Buddha."
WhatsApp Image 2026-02-20 at 7.44.36 PM (2).jpg,thuparamaya,C:\Users\ASUS\Documents\clipo model test one\new_dataset\thuparamaya\WhatsApp Image 2026-02-20 at 7.44.36 PM (2).jpg,Thuparamaya,Anuradhapura,North Central,Historical/Ruins,"The oldest dagoba constructed in Sri Lanka, housing a collarbone relic of the Buddha."
WhatsApp Image 2026-02-20 at 7.44.36 PM.jpg,thuparamaya,C:\Users\ASUS\Documents\clipo model test one\new_dataset\thuparamaya\WhatsApp Image 2026-02-20 at 7.44.36 PM.jpg,Thuparamaya,Anuradhapura,North Central,Historical/Ruins,"The oldest dagoba constructed in Sri Lanka, housing a collarbone relic of the Buddha."
WhatsApp Image 2026-02-20 at 7.44.37 PM (1).jpg,thuparamaya,C:\Users\ASUS\Documents\clipo model test one\new_dataset\thuparamaya\WhatsApp Image 2026-02-20 at 7.44.37 PM (1).jpg,Thuparamaya,Anuradhapura,North Central,Historical/Ruins,"The oldest dagoba constructed in Sri Lanka, housing a collarbone relic of the Buddha."
WhatsApp Image 2026-02-20 at 7.44.37 PM (2).jpg,thuparamaya,C:\Users\ASUS\Documents\clipo model test one\new_dataset\thuparamaya\WhatsApp Image 2026-02-20 at 7.44.37 PM (2).jpg,Thuparamaya,Anuradhapura,North Central,Historical/Ruins,"The oldest dagoba constructed in Sri Lanka, housing a collarbone relic of the Buddha."
WhatsApp Image 2026-02-20 at 7.44.37 PM (3).jpg,thuparamaya,C:\Users\ASUS\Documents\clipo model test one\new_dataset\thuparamaya\WhatsApp Image 2026-02-20 at 7.44.37 PM (3).jpg,Thuparamaya,Anuradhapura,North Central,Historical/Ruins,"The oldest dagoba constructed in Sri Lanka, housing a collarbone relic of the Buddha."
WhatsApp Image 2026-02-20 at 7.44.37 PM.jpg,thuparamaya,C:\Users\ASUS\Documents\clipo model test one\new_dataset\thuparamaya\WhatsApp Image 2026-02-20 at 7.44.37 PM.jpg,Thuparamaya,Anuradhapura,North Central,Historical/Ruins,"The oldest dagoba constructed in Sri Lanka, housing a collarbone relic of the Buddha."
WhatsApp Image 2026-02-20 at 7.44.38 PM.jpg,thuparamaya,C:\Users\ASUS\Documents\clipo model test one\new_dataset\thuparamaya\WhatsApp Image 2026-02-20 at 7.44.38 PM.jpg,Thuparamaya,Anuradhapura,North Central,Historical/Ruins,"The oldest dagoba constructed in Sri Lanka, housing a collarbone relic of the Buddha."
WhatsApp Image 2026-02-20 at 7.44.39 PM (1).jpg,thuparamaya,C:\Users\ASUS\Documents\clipo model test one\new_dataset\thuparamaya\WhatsApp Image 2026-02-20 at 7.44.39 PM (1).jpg,Thuparamaya,Anuradhapura,North Central,Historical/Ruins,"The oldest dagoba constructed in Sri Lanka, housing a collarbone relic of the Buddha."
WhatsApp Image 2026-02-20 at 7.44.39 PM.jpg,thuparamaya,C:\Users\ASUS\Documents\clipo model test one\new_dataset\thuparamaya\WhatsApp Image 2026-02-20 at 7.44.39 PM.jpg,Thuparamaya,Anuradhapura,North Central,Historical/Ruins,"The oldest dagoba constructed in Sri Lanka, housing a collarbone relic of the Buddha."
WhatsApp Image 2026-02-20 at 7.44.40 PM.jpg,thuparamaya,C:\Users\ASUS\Documents\clipo model test one\new_dataset\thuparamaya\WhatsApp Image 2026-02-20 at 7.44.40 PM.jpg,Thuparamaya,Anuradhapura,North Central,Historical/Ruins,"The oldest dagoba constructed in Sri Lanka, housing a collarbone relic of the Buddha."
1000_F_399636854_oje2gpQrr3EH4PQgrXSmfHpalkGTKSAz.jpg,tissa_wewa_anuradapura,C:\Users\ASUS\Documents\clipo model test one\new_dataset\tissa_wewa_anuradapura\1000_F_399636854_oje2gpQrr3EH4PQgrXSmfHpalkGTKSAz.jpg,Tissa Wewa,Anuradhapura,North Central,Lake/Nature,An ancient reservoir built by King Devanampiya Tissa in the 3rd century BC.
31ba7df2d96a51c79909e83f24ade105.jpg,tissa_wewa_anuradapura,C:\Users\ASUS\Documents\clipo model test one\new_dataset\tissa_wewa_anuradapura\31ba7df2d96a51c79909e83f24ade105.jpg,Tissa Wewa,Anuradhapura,North Central,Lake/Nature,An ancient reservoir built by King Devanampiya Tissa in the 3rd century BC.
830d2648872d33b48da5ecb8c173a97c.jpg,tissa_wewa_anuradapura,C:\Users\ASUS\Documents\clipo model test one\new_dataset\tissa_wewa_anuradapura\830d2648872d33b48da5ecb8c173a97c.jpg,Tissa Wewa,Anuradhapura,North Central,Lake/Nature,An ancient reservoir built by King Devanampiya Tissa in the 3rd century BC.
ancient-reservoir-tissa-wewa-anuradhapura-sri-lanka-sunny-day-80803011.jpg,tissa_wewa_anuradapura,C:\Users\ASUS\Documents\clipo model test one\new_dataset\tissa_wewa_anuradapura\ancient-reservoir-tissa-wewa-anuradhapura-sri-lanka-sunny-day-80803011.jpg,Tissa Wewa,Anuradhapura,North Central,Lake/Nature,An ancient reservoir built by King Devanampiya Tissa in the 3rd century BC.
Anuradhapura Tissa Wewa - Lankapradeepa.JPG,tissa_wewa_anuradapura,C:\Users\ASUS\Documents\clipo model test one\new_dataset\tissa_wewa_anuradapura\Anuradhapura Tissa Wewa - Lankapradeepa.JPG,Tissa Wewa,Anuradhapura,North Central,Lake/Nature,An ancient reservoir built by King Devanampiya Tissa in the 3rd century BC.
anuradhapura-tissa-wewa-sri-lanka-anuradhapura-tissa-wewa-sri-lanka-evening-sunset-267383508 (1).jpg,tissa_wewa_anuradapura,C:\Users\ASUS\Documents\clipo model test one\new_dataset\tissa_wewa_anuradapura\anuradhapura-tissa-wewa-sri-lanka-anuradhapura-tissa-wewa-sri-lanka-evening-sunset-267383508 (1).jpg,Tissa Wewa,Anuradhapura,North Central,Lake/Nature,An ancient reservoir built by King Devanampiya Tissa in the 3rd century BC.
anuradhapura-tissa-wewa-sri-lanka-anuradhapura-tissa-wewa-sri-lanka-evening-sunset-267383508.jpg,tissa_wewa_anuradapura,C:\Users\ASUS\Documents\clipo model test one\new_dataset\tissa_wewa_anuradapura\anuradhapura-tissa-wewa-sri-lanka-anuradhapura-tissa-wewa-sri-lanka-evening-sunset-267383508.jpg,Tissa Wewa,Anuradhapura,North Central,Lake/Nature,An ancient reservoir built by King Devanampiya Tissa in the 3rd century BC.
A_0112.jpg,tissa_wewa_anuradapura,C:\Users\ASUS\Documents\clipo model test one\new_dataset\tissa_wewa_anuradapura\A_0112.jpg,Tissa Wewa,Anuradhapura,North Central,Lake/Nature,An ancient reservoir built by King Devanampiya Tissa in the 3rd century BC.
image-buddhist-stupas-reflected-on-600nw-2357382371.jpg,tissa_wewa_anuradapura,C:\Users\ASUS\Documents\clipo model test one\new_dataset\tissa_wewa_anuradapura\image-buddhist-stupas-reflected-on-600nw-2357382371.jpg,Tissa Wewa,Anuradhapura,North Central,Lake/Nature,An ancient reservoir built by King Devanampiya Tissa in the 3rd century BC.
LS_Tissa-Wewa_Desktop_1920x700.jpg,tissa_wewa_anuradapura,C:\Users\ASUS\Documents\clipo model test one\new_dataset\tissa_wewa_anuradapura\LS_Tissa-Wewa_Desktop_1920x700.jpg,Tissa Wewa,Anuradhapura,North Central,Lake/Nature,An ancient reservoir built by King Devanampiya Tissa in the 3rd century BC.
LS_Tissa-Wewa_Mob_800x1000.jpg,tissa_wewa_anuradapura,C:\Users\ASUS\Documents\clipo model test one\new_dataset\tissa_wewa_anuradapura\LS_Tissa-Wewa_Mob_800x1000.jpg,Tissa Wewa,Anuradhapura,North Central,Lake/Nature,An ancient reservoir built by King Devanampiya Tissa in the 3rd century BC.
maxresdefault.jpg,tissa_wewa_anuradapura,C:\Users\ASUS\Documents\clipo model test one\new_dataset\tissa_wewa_anuradapura\maxresdefault.jpg,Tissa Wewa,Anuradhapura,North Central,Lake/Nature,An ancient reservoir built by King Devanampiya Tissa in the 3rd century BC.
OIP (10).jpg,tissa_wewa_anuradapura,C:\Users\ASUS\Documents\clipo model test one\new_dataset\tissa_wewa_anuradapura\OIP (10).jpg,Tissa Wewa,Anuradhapura,North Central,Lake/Nature,An ancient reservoir built by King Devanampiya Tissa in the 3rd century BC.
OIP (11).jpg,tissa_wewa_anuradapura,C:\Users\ASUS\Documents\clipo model test one\new_dataset\tissa_wewa_anuradapura\OIP (11).jpg,Tissa Wewa,Anuradhapura,North Central,Lake/Nature,An ancient reservoir built by King Devanampiya Tissa in the 3rd century BC.
OIP (12).jpg,tissa_wewa_anuradapura,C:\Users\ASUS\Documents\clipo model test one\new_dataset\tissa_wewa_anuradapura\OIP (12).jpg,Tissa Wewa,Anuradhapura,North Central,Lake/Nature,An ancient reservoir built by King Devanampiya Tissa in the 3rd century BC.
OIP (13).jpg,tissa_wewa_anuradapura,C:\Users\ASUS\Documents\clipo model test one\new_dataset\tissa_wewa_anuradapura\OIP (13).jpg,Tissa Wewa,Anuradhapura,North Central,Lake/Nature,An ancient reservoir built by King Devanampiya Tissa in the 3rd century BC.
OIP (6).jpg,tissa_wewa_anuradapura,C:\Users\ASUS\Documents\clipo model test one\new_dataset\tissa_wewa_anuradapura\OIP (6).jpg,Tissa Wewa,Anuradhapura,North Central,Lake/Nature,An ancient reservoir built by King Devanampiya Tissa in the 3rd century BC.
OIP (7).jpg,tissa_wewa_anuradapura,C:\Users\ASUS\Documents\clipo model test one\new_dataset\tissa_wewa_anuradapura\OIP (7).jpg,Tissa Wewa,Anuradhapura,North Central,Lake/Nature,An ancient reservoir built by King Devanampiya Tissa in the 3rd century BC.
OIP (8).jpg,tissa_wewa_anuradapura,C:\Users\ASUS\Documents\clipo model test one\new_dataset\tissa_wewa_anuradapura\OIP (8).jpg,Tissa Wewa,Anuradhapura,North Central,Lake/Nature,An ancient reservoir built by King Devanampiya Tissa in the 3rd century BC.
OIP (9).jpg,tissa_wewa_anuradapura,C:\Users\ASUS\Documents\clipo model test one\new_dataset\tissa_wewa_anuradapura\OIP (9).jpg,Tissa Wewa,Anuradhapura,North Central,Lake/Nature,An ancient reservoir built by King Devanampiya Tissa in the 3rd century BC.
sunny-day-shore-ancient-artificial-reservoir-tissa-weva-anuradhapura-sri-lanka-96594340.jpg,tissa_wewa_anuradapura,C:\Users\ASUS\Documents\clipo model test one\new_dataset\tissa_wewa_anuradapura\sunny-day-shore-ancient-artificial-reservoir-tissa-weva-anuradhapura-sri-lanka-96594340.jpg,Tissa Wewa,Anuradhapura,North Central,Lake/Nature,An ancient reservoir built by King Devanampiya Tissa in the 3rd century BC.
tisa-01.jpg,tissa_wewa_anuradapura,C:\Users\ASUS\Documents\clipo model test one\new_dataset\tissa_wewa_anuradapura\tisa-01.jpg,Tissa Wewa,Anuradhapura,North Central,Lake/Nature,An ancient reservoir built by King Devanampiya Tissa in the 3rd century BC.
Tissa-Wewa-768x512.jpg,tissa_wewa_anuradapura,C:\Users\ASUS\Documents\clipo model test one\new_dataset\tissa_wewa_anuradapura\Tissa-Wewa-768x512.jpg,Tissa Wewa,Anuradhapura,North Central,Lake/Nature,An ancient reservoir built by King Devanampiya Tissa in the 3rd century BC.
ancient-structure-vatadage-pollonnaruwa-sri-lanka-200036349.jpg,vatadage,C:\Users\ASUS\Documents\clipo model test one\new_dataset\vatadage\ancient-structure-vatadage-pollonnaruwa-sri-lanka-200036349.jpg,Polonnaruwa Vatadage,Polonnaruwa,North Central,Historical/Ruins,An ancient circular relic house with exquisite stone carvings.
depositphotos_505698982-stock-photo-ruins-vatadage-polonnaruwa-archaeological-museum (1).jpg,vatadage,C:\Users\ASUS\Documents\clipo model test one\new_dataset\vatadage\depositphotos_505698982-stock-photo-ruins-vatadage-polonnaruwa-archaeological-museum (1).jpg,Polonnaruwa Vatadage,Polonnaruwa,North Central,Historical/Ruins,An ancient circular relic house with exquisite stone carvings.
depositphotos_505698982-stock-photo-ruins-vatadage-polonnaruwa-archaeological-museum.jpg,vatadage,C:\Users\ASUS\Documents\clipo model test one\new_dataset\vatadage\depositphotos_505698982-stock-photo-ruins-vatadage-polonnaruwa-archaeological-museum.jpg,Polonnaruwa Vatadage,Polonnaruwa,North Central,Historical/Ruins,An ancient circular relic house with exquisite stone carvings.
DSC_0463.jpg,vatadage,C:\Users\ASUS\Documents\clipo model test one\new_dataset\vatadage\DSC_0463.jpg,Polonnaruwa Vatadage,Polonnaruwa,North Central,Historical/Ruins,An ancient circular relic house with exquisite stone carvings.
OIP (6).jpg,vatadage,C:\Users\ASUS\Documents\clipo model test one\new_dataset\vatadage\OIP (6).jpg,Polonnaruwa Vatadage,Polonnaruwa,North Central,Historical/Ruins,An ancient circular relic house with exquisite stone carvings.
polonnaruwa-ancient-vatadage-sri-lanka-officially-democratic-socialist-republic-sri-lanka-island-country-44007317.jpg,vatadage,C:\Users\ASUS\Documents\clipo model test one\new_dataset\vatadage\polonnaruwa-ancient-vatadage-sri-lanka-officially-democratic-socialist-republic-sri-lanka-island-country-44007317.jpg,Polonnaruwa Vatadage,Polonnaruwa,North Central,Historical/Ruins,An ancient circular relic house with exquisite stone carvings.
polonnaruwa-ancient-vatadage-sri-lanka-structure-built-hold-tooth-relic-buddha-second-96893852.jpg,vatadage,C:\Users\ASUS\Documents\clipo model test one\new_dataset\vatadage\polonnaruwa-ancient-vatadage-sri-lanka-structure-built-hold-tooth-relic-buddha-second-96893852.jpg,Polonnaruwa Vatadage,Polonnaruwa,North Central,Historical/Ruins,An ancient circular relic house with exquisite stone carvings.
polonnaruwa-ancient-vatadage-sri-lanka-structure-built-hold-tooth-relic-buddha-second-96991484.jpg,vatadage,C:\Users\ASUS\Documents\clipo model test one\new_dataset\vatadage\polonnaruwa-ancient-vatadage-sri-lanka-structure-built-hold-tooth-relic-buddha-second-96991484.jpg,Polonnaruwa Vatadage,Polonnaruwa,North Central,Historical/Ruins,An ancient circular relic house with exquisite stone carvings.
polonnaruwa-ancient-vatadage-sri-lanka-structure-built-hold-tooth-relic-buddha-second-96991635.jpg,vatadage,C:\Users\ASUS\Documents\clipo model test one\new_dataset\vatadage\polonnaruwa-ancient-vatadage-sri-lanka-structure-built-hold-tooth-relic-buddha-second-96991635.jpg,Polonnaruwa Vatadage,Polonnaruwa,North Central,Historical/Ruins,An ancient circular relic house with exquisite stone carvings.
polonnaruwa-sri-lanka-august-polonnaruwa-vatadage-ancient-buddhist-structure-unesco-ancient-city-polonnaruwa-one-160258754.jpg,vatadage,C:\Users\ASUS\Documents\clipo model test one\new_dataset\vatadage\polonnaruwa-sri-lanka-august-polonnaruwa-vatadage-ancient-buddhist-structure-unesco-ancient-city-polonnaruwa-one-160258754.jpg,Polonnaruwa Vatadage,Polonnaruwa,North Central,Historical/Ruins,An ancient circular relic house with exquisite stone carvings.
polonnaruwa-vatadage-world-heritage-city-sri-lanka-63555090.jpg,vatadage,C:\Users\ASUS\Documents\clipo model test one\new_dataset\vatadage\polonnaruwa-vatadage-world-heritage-city-sri-lanka-63555090.jpg,Polonnaruwa Vatadage,Polonnaruwa,North Central,Historical/Ruins,An ancient circular relic house with exquisite stone carvings.
Polonnaruwa_Vatadage_Photos_By_360viewlk-3-1-1024x683.jpg,vatadage,C:\Users\ASUS\Documents\clipo model test one\new_dataset\vatadage\Polonnaruwa_Vatadage_Photos_By_360viewlk-3-1-1024x683.jpg,Polonnaruwa Vatadage,Polonnaruwa,North Central,Historical/Ruins,An ancient circular relic house with exquisite stone carvings.
ruins-vatadage-polonnaruwa-vatadage-circular-relic-house-polonnaruwa-ruins-unesco-world-heritage-sri-lanka-99707527.jpg,vatadage,C:\Users\ASUS\Documents\clipo model test one\new_dataset\vatadage\ruins-vatadage-polonnaruwa-vatadage-circular-relic-house-polonnaruwa-ruins-unesco-world-heritage-sri-lanka-99707527.jpg,Polonnaruwa Vatadage,Polonnaruwa,North Central,Historical/Ruins,An ancient circular relic house with exquisite stone carvings.
vatadage-in-ancient-city-of-polonnaruwa-sri-lanka-a-vatadage-is-an-JC288K.jpg,vatadage,C:\Users\ASUS\Documents\clipo model test one\new_dataset\vatadage\vatadage-in-ancient-city-of-polonnaruwa-sri-lanka-a-vatadage-is-an-JC288K.jpg,Polonnaruwa Vatadage,Polonnaruwa,North Central,Historical/Ruins,An ancient circular relic house with exquisite stone carvings.
vatadage-polonnaruwa-sri-lanka-11139547.jpg,vatadage,C:\Users\ASUS\Documents\clipo model test one\new_dataset\vatadage\vatadage-polonnaruwa-sri-lanka-11139547.jpg,Polonnaruwa Vatadage,Polonnaruwa,North Central,Historical/Ruins,An ancient circular relic house with exquisite stone carvings.
vatadage-polonnaruwa-sri-lanka-unesco-heritage-ancient-city-ancient-monument-was-built-51549725.jpg,vatadage,C:\Users\ASUS\Documents\clipo model test one\new_dataset\vatadage\vatadage-polonnaruwa-sri-lanka-unesco-heritage-ancient-city-ancient-monument-was-built-51549725.jpg,Polonnaruwa Vatadage,Polonnaruwa,North Central,Historical/Ruins,An ancient circular relic house with exquisite stone carvings.
vatadage-polonnaruwa-srilanka-ancient-history-historical-city-ruins-travel-tourism-ceylon-outdoor-temple-destination-153848220.jpg,vatadage,C:\Users\ASUS\Documents\clipo model test one\new_dataset\vatadage\vatadage-polonnaruwa-srilanka-ancient-history-historical-city-ruins-travel-tourism-ceylon-outdoor-temple-destination-153848220.jpg,Polonnaruwa Vatadage,Polonnaruwa,North Central,Historical/Ruins,An ancient circular relic house with exquisite stone carvings.
vatadage-round-house-polonnaruwa-ruin-unesco-world-heritage-sri-lanka-164388288.jpg,vatadage,C:\Users\ASUS\Documents\clipo model test one\new_dataset\vatadage\vatadage-round-house-polonnaruwa-ruin-unesco-world-heritage-sri-lanka-164388288.jpg,Polonnaruwa Vatadage,Polonnaruwa,North Central,Historical/Ruins,An ancient circular relic house with exquisite stone carvings.
vatadage-round-house-polonnaruwa-ruin-unesco-world-heritage-sri-lanka-171723690 (1).jpg,vatadage,C:\Users\ASUS\Documents\clipo model test one\new_dataset\vatadage\vatadage-round-house-polonnaruwa-ruin-unesco-world-heritage-sri-lanka-171723690 (1).jpg,Polonnaruwa Vatadage,Polonnaruwa,North Central,Historical/Ruins,An ancient circular relic house with exquisite stone carvings.
vatadage-round-house-polonnaruwa-ruin-unesco-world-heritage-sri-lanka-171723690.jpg,vatadage,C:\Users\ASUS\Documents\clipo model test one\new_dataset\vatadage\vatadage-round-house-polonnaruwa-ruin-unesco-world-heritage-sri-lanka-171723690.jpg,Polonnaruwa Vatadage,Polonnaruwa,North Central,Historical/Ruins,An ancient circular relic house with exquisite stone carvings.
WhatsApp Image 2026-02-20 at 7.31.11 PM.jpg,vatadage,C:\Users\ASUS\Documents\clipo model test one\new_dataset\vatadage\WhatsApp Image 2026-02-20 at 7.31.11 PM.jpg,Polonnaruwa Vatadage,Polonnaruwa,North Central,Historical/Ruins,An ancient circular relic house with exquisite stone carvings.
WhatsApp Image 2026-02-20 at 7.31.15 PM (1).jpg,vatadage,C:\Users\ASUS\Documents\clipo model test one\new_dataset\vatadage\WhatsApp Image 2026-02-20 at 7.31.15 PM (1).jpg,Polonnaruwa Vatadage,Polonnaruwa,North Central,Historical/Ruins,An ancient circular relic house with exquisite stone carvings.
WhatsApp Image 2026-02-20 at 7.31.15 PM.jpg,vatadage,C:\Users\ASUS\Documents\clipo model test one\new_dataset\vatadage\WhatsApp Image 2026-02-20 at 7.31.15 PM.jpg,Polonnaruwa Vatadage,Polonnaruwa,North Central,Historical/Ruins,An ancient circular relic house with exquisite stone carvings.
WhatsApp Image 2026-02-20 at 7.31.16 PM (1).jpg,vatadage,C:\Users\ASUS\Documents\clipo model test one\new_dataset\vatadage\WhatsApp Image 2026-02-20 at 7.31.16 PM (1).jpg,Polonnaruwa Vatadage,Polonnaruwa,North Central,Historical/Ruins,An ancient circular relic house with exquisite stone carvings.
WhatsApp Image 2026-02-20 at 7.31.16 PM.jpg,vatadage,C:\Users\ASUS\Documents\clipo model test one\new_dataset\vatadage\WhatsApp Image 2026-02-20 at 7.31.16 PM.jpg,Polonnaruwa Vatadage,Polonnaruwa,North Central,Historical/Ruins,An ancient circular relic house with exquisite stone carvings.
WhatsApp Image 2026-02-20 at 7.31.17 PM.jpg,vatadage,C:\Users\ASUS\Documents\clipo model test one\new_dataset\vatadage\WhatsApp Image 2026-02-20 at 7.31.17 PM.jpg,Polonnaruwa Vatadage,Polonnaruwa,North Central,Historical/Ruins,An ancient circular relic house with exquisite stone carvings.
viharamhadewi_park (1).jpg,viharamhadewi_park,C:\Users\ASUS\Documents\clipo model test one\new_dataset\viharamhadewi_park\viharamhadewi_park (1).jpg,Viharamahadevi Park,Colombo,Western,Park,The oldest and largest public park in Colombo.
viharamhadewi_park (10).jpg,viharamhadewi_park,C:\Users\ASUS\Documents\clipo model test one\new_dataset\viharamhadewi_park\viharamhadewi_park (10).jpg,Viharamahadevi Park,Colombo,Western,Park,The oldest and largest public park in Colombo.
viharamhadewi_park (11).jpg,viharamhadewi_park,C:\Users\ASUS\Documents\clipo model test one\new_dataset\viharamhadewi_park\viharamhadewi_park (11).jpg,Viharamahadevi Park,Colombo,Western,Park,The oldest and largest public park in Colombo.
viharamhadewi_park (12).jpg,viharamhadewi_park,C:\Users\ASUS\Documents\clipo model test one\new_dataset\viharamhadewi_park\viharamhadewi_park (12).jpg,Viharamahadevi Park,Colombo,Western,Park,The oldest and largest public park in Colombo.
viharamhadewi_park (13).jpg,viharamhadewi_park,C:\Users\ASUS\Documents\clipo model test one\new_dataset\viharamhadewi_park\viharamhadewi_park (13).jpg,Viharamahadevi Park,Colombo,Western,Park,The oldest and largest public park in Colombo.
viharamhadewi_park (14).jpg,viharamhadewi_park,C:\Users\ASUS\Documents\clipo model test one\new_dataset\viharamhadewi_park\viharamhadewi_park (14).jpg,Viharamahadevi Park,Colombo,Western,Park,The oldest and largest public park in Colombo.
viharamhadewi_park (15).jpg,viharamhadewi_park,C:\Users\ASUS\Documents\clipo model test one\new_dataset\viharamhadewi_park\viharamhadewi_park (15).jpg,Viharamahadevi Park,Colombo,Western,Park,The oldest and largest public park in Colombo.
viharamhadewi_park (16).jpg,viharamhadewi_park,C:\Users\ASUS\Documents\clipo model test one\new_dataset\viharamhadewi_park\viharamhadewi_park (16).jpg,Viharamahadevi Park,Colombo,Western,Park,The oldest and largest public park in Colombo.
viharamhadewi_park (17).jpg,viharamhadewi_park,C:\Users\ASUS\Documents\clipo model test one\new_dataset\viharamhadewi_park\viharamhadewi_park (17).jpg,Viharamahadevi Park,Colombo,Western,Park,The oldest and largest public park in Colombo.
viharamhadewi_park (18).jpg,viharamhadewi_park,C:\Users\ASUS\Documents\clipo model test one\new_dataset\viharamhadewi_park\viharamhadewi_park (18).jpg,Viharamahadevi Park,Colombo,Western,Park,The oldest and largest public park in Colombo.
viharamhadewi_park (19).jpg,viharamhadewi_park,C:\Users\ASUS\Documents\clipo model test one\new_dataset\viharamhadewi_park\viharamhadewi_park (19).jpg,Viharamahadevi Park,Colombo,Western,Park,The oldest and largest public park in Colombo.
viharamhadewi_park (2).jpg,viharamhadewi_park,C:\Users\ASUS\Documents\clipo model test one\new_dataset\viharamhadewi_park\viharamhadewi_park (2).jpg,Viharamahadevi Park,Colombo,Western,Park,The oldest and largest public park in Colombo.
viharamhadewi_park (20).jpg,viharamhadewi_park,C:\Users\ASUS\Documents\clipo model test one\new_dataset\viharamhadewi_park\viharamhadewi_park (20).jpg,Viharamahadevi Park,Colombo,Western,Park,The oldest and largest public park in Colombo.
viharamhadewi_park (21).jpg,viharamhadewi_park,C:\Users\ASUS\Documents\clipo model test one\new_dataset\viharamhadewi_park\viharamhadewi_park (21).jpg,Viharamahadevi Park,Colombo,Western,Park,The oldest and largest public park in Colombo.
viharamhadewi_park (22).jpg,viharamhadewi_park,C:\Users\ASUS\Documents\clipo model test one\new_dataset\viharamhadewi_park\viharamhadewi_park (22).jpg,Viharamahadevi Park,Colombo,Western,Park,The oldest and largest public park in Colombo.
viharamhadewi_park (23).jpg,viharamhadewi_park,C:\Users\ASUS\Documents\clipo model test one\new_dataset\viharamhadewi_park\viharamhadewi_park (23).jpg,Viharamahadevi Park,Colombo,Western,Park,The oldest and largest public park in Colombo.
viharamhadewi_park (3).jpg,viharamhadewi_park,C:\Users\ASUS\Documents\clipo model test one\new_dataset\viharamhadewi_park\viharamhadewi_park (3).jpg,Viharamahadevi Park,Colombo,Western,Park,The oldest and largest public park in Colombo.
viharamhadewi_park (4).jpg,viharamhadewi_park,C:\Users\ASUS\Documents\clipo model test one\new_dataset\viharamhadewi_park\viharamhadewi_park (4).jpg,Viharamahadevi Park,Colombo,Western,Park,The oldest and largest public park in Colombo.
viharamhadewi_park (5).jpg,viharamhadewi_park,C:\Users\ASUS\Documents\clipo model test one\new_dataset\viharamhadewi_park\viharamhadewi_park (5).jpg,Viharamahadevi Park,Colombo,Western,Park,The oldest and largest public park in Colombo.
viharamhadewi_park (6).jpg,viharamhadewi_park,C:\Users\ASUS\Documents\clipo model test one\new_dataset\viharamhadewi_park\viharamhadewi_park (6).jpg,Viharamahadevi Park,Colombo,Western,Park,The oldest and largest public park in Colombo.
viharamhadewi_park (7).jpg,viharamhadewi_park,C:\Users\ASUS\Documents\clipo model test one\new_dataset\viharamhadewi_park\viharamhadewi_park (7).jpg,Viharamahadevi Park,Colombo,Western,Park,The oldest and largest public park in Colombo.
viharamhadewi_park (8).jpg,viharamhadewi_park,C:\Users\ASUS\Documents\clipo model test one\new_dataset\viharamhadewi_park\viharamhadewi_park (8).jpg,Viharamahadevi Park,Colombo,Western,Park,The oldest and largest public park in Colombo.
viharamhadewi_park (9).JPG,viharamhadewi_park,C:\Users\ASUS\Documents\clipo model test one\new_dataset\viharamhadewi_park\viharamhadewi_park (9).JPG,Viharamahadevi Park,Colombo,Western,Park,The oldest and largest public park in Colombo.
